{"textures":{"0":"freeminecraftmodels:entity/tower_pedestal","1":"freeminecraftmodels:entity/napalm_dispenser_texture_diamond"},"elements":[{"from":[-9.6,0.0,-9.6],"to":[9.6,3.6,9.6],"origin":[0.0,0.0,0.0],"faces":{"north":{"uv":[6.0,0.0,12.0,1.125],"texture":"#0","tintindex":0,"rotation":0},"east":{"uv":[6.0,0.0,12.0,1.125],"texture":"#0","tintindex":0,"rotation":0},"south":{"uv":[6.0,0.0,12.0,1.125],"texture":"#0","tintindex":0,"rotation":0},"west":{"uv":[6.0,0.0,12.0,1.125],"texture":"#0","tintindex":0,"rotation":0},"up":{"uv":[6.0,6.0,0.0,0.0],"texture":"#0","tintindex":0,"rotation":0},"down":{"uv":[6.0,0.0,0.0,6.0],"texture":"#0","tintindex":0,"rotation":0}},"rotation":{"origin":[0.0,0.0,0.0],"angle":0.0,"axis":"x"}},{"from":[5.6,3.6,-4.0],"to":[8.4,7.6,4.0],"origin":[0.0,0.0,0.0],"faces":{"north":{"uv":[5.25,4.375,5.6875,5.0],"texture":"#1","tintindex":0,"rotation":0},"east":{"uv":[3.0,3.9375,4.25,4.5625],"texture":"#1","tintindex":0,"rotation":0},"south":{"uv":[0.375,6.75,0.8125,7.375],"texture":"#1","tintindex":0,"rotation":0},"west":{"uv":[0.0,4.0,1.25,4.625],"texture":"#1","tintindex":0,"rotation":0},"up":{"uv":[2.3125,6.1875,1.875,4.9375],"texture":"#1","tintindex":0,"rotation":0},"down":{"uv":[2.75,4.9375,2.3125,6.1875],"texture":"#1","tintindex":0,"rotation":0}},"rotation":{"origin":[0.0,0.0,0.0],"angle":0.0,"axis":"x"}},{"from":[3.2,7.6,-4.0],"to":[7.2,12.0,4.0],"origin":[0.0,0.0,0.0],"faces":{"north":{"uv":[6.4375,6.0,7.0625,6.6875],"texture":"#1","tintindex":0,"rotation":0},"east":{"uv":[3.25,1.75,4.5,2.4375],"texture":"#1","tintindex":0,"rotation":0},"south":{"uv":[6.5,2.0,7.125,2.6875],"texture":"#1","tintindex":0,"rotation":0},"west":{"uv":[3.25,2.4375,4.5,3.125],"texture":"#1","tintindex":0,"rotation":0},"up":{"uv":[1.875,5.25,1.25,4.0],"texture":"#1","tintindex":0,"rotation":0},"down":{"uv":[4.875,0.0,4.25,1.25],"texture":"#1","tintindex":0,"rotation":0}},"rotation":{"origin":[0.0,0.0,0.0],"angle":0.0,"axis":"x"}},{"from":[2.8,12.0,0.8],"to":[5.2,16.0,3.2],"origin":[0.0,0.0,0.0],"faces":{"north":{"uv":[4.1875,7.125,4.5625,7.75],"texture":"#1","tintindex":0,"rotation":0},"east":{"uv":[5.6875,7.1875,6.0625,7.8125],"texture":"#1","tintindex":0,"rotation":0},"south":{"uv":[6.0625,7.1875,6.4375,7.8125],"texture":"#1","tintindex":0,"rotation":0},"west":{"uv":[6.4375,7.1875,6.8125,7.8125],"texture":"#1","tintindex":0,"rotation":0},"up":{"uv":[4.25,4.9375,3.875,4.5625],"texture":"#1","tintindex":0,"rotation":0},"down":{"uv":[4.75,7.9375,4.375,8.3125],"texture":"#1","tintindex":0,"rotation":0}},"rotation":{"origin":[0.0,0.0,0.0],"angle":0.0,"axis":"x"}},{"from":[2.8,12.0,-3.6],"to":[5.2,16.0,-1.2],"origin":[0.0,0.0,0.0],"faces":{"north":{"uv":[2.25,7.25,2.625,7.875],"texture":"#1","tintindex":0,"rotation":0},"east":{"uv":[3.6875,7.3125,4.0625,7.9375],"texture":"#1","tintindex":0,"rotation":0},"south":{"uv":[6.8125,7.3125,7.1875,7.9375],"texture":"#1","tintindex":0,"rotation":0},"west":{"uv":[7.1875,7.3125,7.5625,7.9375],"texture":"#1","tintindex":0,"rotation":0},"up":{"uv":[8.3125,6.4375,7.9375,6.0625],"texture":"#1","tintindex":0,"rotation":0},"down":{"uv":[7.1875,7.9375,6.8125,8.3125],"texture":"#1","tintindex":0,"rotation":0}},"rotation":{"origin":[0.0,0.0,0.0],"angle":0.0,"axis":"x"}},{"from":[3.2,16.0,-3.6],"to":[5.2,17.6,3.2],"origin":[0.0,0.0,0.0],"faces":{"north":{"uv":[7.375,3.125,7.6875,3.375],"texture":"#1","tintindex":0,"rotation":0},"east":{"uv":[7.0,1.25,8.0625,1.5],"texture":"#1","tintindex":0,"rotation":0},"south":{"uv":[4.0625,8.375,4.375,8.625],"texture":"#1","tintindex":0,"rotation":0},"west":{"uv":[7.0,1.5,8.0625,1.75],"texture":"#1","tintindex":0,"rotation":0},"up":{"uv":[2.75,7.25,2.4375,6.1875],"texture":"#1","tintindex":0,"rotation":0},"down":{"uv":[7.0,0.9375,6.6875,2.0],"texture":"#1","tintindex":0,"rotation":0}},"rotation":{"origin":[0.0,0.0,0.0],"angle":0.0,"axis":"x"}},{"from":[-6.8,9.6,-3.2],"to":[-4.0,13.6,3.2],"origin":[0.0,0.0,0.0],"faces":{"north":{"uv":[0.8125,6.75,1.25,7.375],"texture":"#1","tintindex":0,"rotation":0},"east":{"uv":[1.875,4.3125,2.875,4.9375],"texture":"#1","tintindex":0,"rotation":0},"south":{"uv":[6.9375,6.6875,7.375,7.3125],"texture":"#1","tintindex":0,"rotation":0},"west":{"uv":[4.25,4.375,5.25,5.0],"texture":"#1","tintindex":0,"rotation":0},"up":{"uv":[6.6875,2.0,6.25,1.0],"texture":"#1","tintindex":0,"rotation":0},"down":{"uv":[6.6875,4.125,6.25,5.125],"texture":"#1","tintindex":0,"rotation":0}},"rotation":{"origin":[0.0,0.0,0.0],"angle":0.0,"axis":"x"}},{"from":[2.0,16.0,0.4],"to":[3.6,20.4,2.4],"origin":[0.0,0.0,0.0],"uv_offset":[0.0,142.0],"faces":{"north":{"uv":[0.3125,9.1875,0.5625,9.875],"texture":"#1","tintindex":0,"rotation":0},"east":{"uv":[0.0,9.1875,0.3125,9.875],"texture":"#1","tintindex":0,"rotation":0},"south":{"uv":[0.875,9.1875,1.125,9.875],"texture":"#1","tintindex":0,"rotation":0},"west":{"uv":[0.5625,9.1875,0.875,9.875],"texture":"#1","tintindex":0,"rotation":0},"up":{"uv":[0.5625,9.1875,0.3125,8.875],"texture":"#1","tintindex":0,"rotation":0},"down":{"uv":[0.8125,8.875,0.5625,9.1875],"texture":"#1","tintindex":0,"rotation":0}},"rotation":{"origin":[0.0,0.0,0.0],"angle":0.0,"axis":"x"}},{"from":[2.0,16.0,-3.2],"to":[3.6,18.8,0.4],"origin":[0.0,0.0,0.0],"uv_offset":[18.0,142.0],"faces":{"north":{"uv":[1.6875,9.4375,1.9375,9.875],"texture":"#1","tintindex":0,"rotation":0},"east":{"uv":[1.125,9.4375,1.6875,9.875],"texture":"#1","tintindex":0,"rotation":0},"south":{"uv":[2.5,9.4375,2.75,9.875],"texture":"#1","tintindex":0,"rotation":0},"west":{"uv":[1.9375,9.4375,2.5,9.875],"texture":"#1","tintindex":0,"rotation":0},"up":{"uv":[1.9375,9.4375,1.6875,8.875],"texture":"#1","tintindex":0,"rotation":0},"down":{"uv":[2.1875,8.875,1.9375,9.4375],"texture":"#1","tintindex":0,"rotation":0}},"rotation":{"origin":[0.0,0.0,0.0],"angle":0.0,"axis":"x"}},{"from":[-4.8,13.6,0.8],"to":[-3.2,18.0,3.2],"origin":[0.0,0.0,0.0],"faces":{"north":{"uv":[3.5625,7.9375,3.8125,8.625],"texture":"#1","tintindex":0,"rotation":0},"east":{"uv":[7.0,2.6875,7.375,3.375],"texture":"#1","tintindex":0,"rotation":0},"south":{"uv":[3.8125,7.9375,4.0625,8.625],"texture":"#1","tintindex":0,"rotation":0},"west":{"uv":[4.8125,7.0,5.1875,7.6875],"texture":"#1","tintindex":0,"rotation":0},"up":{"uv":[8.5625,2.1875,8.3125,1.8125],"texture":"#1","tintindex":0,"rotation":0},"down":{"uv":[8.5625,3.125,8.3125,3.5],"texture":"#1","tintindex":0,"rotation":0}},"rotation":{"origin":[0.0,0.0,0.0],"angle":0.0,"axis":"x"}},{"from":[-5.6,13.6,-3.2],"to":[-3.6,17.6,0.8],"origin":[0.0,0.0,0.0],"faces":{"north":{"uv":[4.8125,7.6875,5.125,8.3125],"texture":"#1","tintindex":0,"rotation":0},"east":{"uv":[6.5,3.5,7.125,4.125],"texture":"#1","tintindex":0,"rotation":0},"south":{"uv":[4.0625,7.75,4.375,8.375],"texture":"#1","tintindex":0,"rotation":0},"west":{"uv":[4.1875,6.5,4.8125,7.125],"texture":"#1","tintindex":0,"rotation":0},"up":{"uv":[8.125,0.625,7.8125,0.0],"texture":"#1","tintindex":0,"rotation":0},"down":{"uv":[0.6875,7.8125,0.375,8.4375],"texture":"#1","tintindex":0,"rotation":0}},"rotation":{"origin":[0.0,0.0,0.0],"angle":0.0,"axis":"x"}},{"from":[-4.0,3.6,-8.4],"to":[4.0,7.6,-5.6],"origin":[0.0,0.0,0.0],"faces":{"north":{"uv":[4.25,3.125,5.5,3.75],"texture":"#1","tintindex":0,"rotation":0},"east":{"uv":[7.0,0.0,7.4375,0.625],"texture":"#1","tintindex":0,"rotation":0},"south":{"uv":[4.25,3.75,5.5,4.375],"texture":"#1","tintindex":0,"rotation":0},"west":{"uv":[7.0,0.625,7.4375,1.25],"texture":"#1","tintindex":0,"rotation":0},"up":{"uv":[6.125,1.0625,4.875,0.625],"texture":"#1","tintindex":0,"rotation":0},"down":{"uv":[5.125,5.0,3.875,5.4375],"texture":"#1","tintindex":0,"rotation":0}},"rotation":{"origin":[0.0,0.0,0.0],"angle":0.0,"axis":"x"}},{"from":[-4.0,3.6,5.2],"to":[4.0,8.8,8.4],"origin":[0.0,0.0,0.0],"faces":{"north":{"uv":[2.0,1.875,3.25,2.6875],"texture":"#1","tintindex":0,"rotation":0},"east":{"uv":[6.5,2.6875,7.0,3.5],"texture":"#1","tintindex":0,"rotation":0},"south":{"uv":[2.0,2.6875,3.25,3.5],"texture":"#1","tintindex":0,"rotation":0},"west":{"uv":[3.6875,6.5,4.1875,7.3125],"texture":"#1","tintindex":0,"rotation":0},"up":{"uv":[5.5,1.75,4.25,1.25],"texture":"#1","tintindex":0,"rotation":0},"down":{"uv":[5.75,1.75,4.5,2.25],"texture":"#1","tintindex":0,"rotation":0}},"rotation":{"origin":[0.0,0.0,0.0],"angle":0.0,"axis":"x"}},{"from":[-3.2,8.8,3.2],"to":[3.2,14.0,7.2],"origin":[0.0,0.0,0.0],"faces":{"north":{"uv":[3.25,3.125,4.25,3.9375],"texture":"#1","tintindex":0,"rotation":0},"east":{"uv":[5.75,5.4375,6.375,6.25],"texture":"#1","tintindex":0,"rotation":0},"south":{"uv":[2.0,3.5,3.0,4.3125],"texture":"#1","tintindex":0,"rotation":0},"west":{"uv":[4.8125,5.875,5.4375,6.6875],"texture":"#1","tintindex":0,"rotation":0},"up":{"uv":[5.5,2.875,4.5,2.25],"texture":"#1","tintindex":0,"rotation":0},"down":{"uv":[3.875,4.5625,2.875,5.1875],"texture":"#1","tintindex":0,"rotation":0}},"rotation":{"origin":[0.0,0.0,0.0],"angle":0.0,"axis":"x"}},{"from":[-3.2,7.6,-7.2],"to":[3.2,13.2,-3.2],"origin":[0.0,0.0,0.0],"faces":{"north":{"uv":[3.25,0.0,4.25,0.875],"texture":"#1","tintindex":0,"rotation":0},"east":{"uv":[5.125,5.0,5.75,5.875],"texture":"#1","tintindex":0,"rotation":0},"south":{"uv":[3.25,0.875,4.25,1.75],"texture":"#1","tintindex":0,"rotation":0},"west":{"uv":[2.75,5.1875,3.375,6.0625],"texture":"#1","tintindex":0,"rotation":0},"up":{"uv":[1.0,5.25,0.0,4.625],"texture":"#1","tintindex":0,"rotation":0},"down":{"uv":[5.875,0.0,4.875,0.625],"texture":"#1","tintindex":0,"rotation":0}},"rotation":{"origin":[0.0,0.0,0.0],"angle":0.0,"axis":"x"}},{"from":[-3.2,13.2,-6.0],"to":[3.2,16.0,-3.2],"origin":[0.0,0.0,0.0],"faces":{"north":{"uv":[5.4375,6.25,6.4375,6.6875],"texture":"#1","tintindex":0,"rotation":0},"east":{"uv":[7.75,6.5,8.1875,6.9375],"texture":"#1","tintindex":0,"rotation":0},"south":{"uv":[0.4375,6.3125,1.4375,6.75],"texture":"#1","tintindex":0,"rotation":0},"west":{"uv":[7.8125,0.625,8.25,1.0625],"texture":"#1","tintindex":0,"rotation":0},"up":{"uv":[7.375,5.5625,6.375,5.125],"texture":"#1","tintindex":0,"rotation":0},"down":{"uv":[7.375,5.5625,6.375,6.0],"texture":"#1","tintindex":0,"rotation":0}},"rotation":{"origin":[0.0,0.0,0.0],"angle":0.0,"axis":"x"}},{"from":[-3.2,16.0,-5.2],"to":[3.2,18.0,-3.2],"origin":[0.0,0.0,0.0],"faces":{"north":{"uv":[6.6875,4.125,7.6875,4.4375],"texture":"#1","tintindex":0,"rotation":0},"east":{"uv":[5.4375,5.875,5.75,6.1875],"texture":"#1","tintindex":0,"rotation":0},"south":{"uv":[6.6875,4.4375,7.6875,4.75],"texture":"#1","tintindex":0,"rotation":0},"west":{"uv":[8.25,0.5625,8.5625,0.875],"texture":"#1","tintindex":0,"rotation":0},"up":{"uv":[7.6875,5.0625,6.6875,4.75],"texture":"#1","tintindex":0,"rotation":0},"down":{"uv":[5.8125,6.6875,4.8125,7.0],"texture":"#1","tintindex":0,"rotation":0}},"rotation":{"origin":[0.0,0.0,0.0],"angle":0.0,"axis":"x"}},{"from":[-1.6,14.0,2.4],"to":[2.0,16.8,5.6],"origin":[0.0,0.0,0.0],"faces":{"north":{"uv":[7.125,2.25,7.6875,2.6875],"texture":"#1","tintindex":0,"rotation":0},"east":{"uv":[7.375,5.0625,7.875,5.5],"texture":"#1","tintindex":0,"rotation":0},"south":{"uv":[7.125,3.375,7.6875,3.8125],"texture":"#1","tintindex":0,"rotation":0},"west":{"uv":[7.375,5.5,7.875,5.9375],"texture":"#1","tintindex":0,"rotation":0},"up":{"uv":[6.375,7.1875,5.8125,6.6875],"texture":"#1","tintindex":0,"rotation":0},"down":{"uv":[6.9375,6.6875,6.375,7.1875],"texture":"#1","tintindex":0,"rotation":0}},"rotation":{"origin":[0.0,0.0,0.0],"angle":0.0,"axis":"x"}},{"from":[-1.6,16.8,2.4],"to":[2.0,18.8,4.4],"origin":[0.0,0.0,0.0],"faces":{"north":{"uv":[7.125,3.8125,7.6875,4.125],"texture":"#1","tintindex":0,"rotation":0},"east":{"uv":[8.25,2.25,8.5625,2.5625],"texture":"#1","tintindex":0,"rotation":0},"south":{"uv":[7.875,2.8125,8.4375,3.125],"texture":"#1","tintindex":0,"rotation":0},"west":{"uv":[8.3125,0.875,8.625,1.1875],"texture":"#1","tintindex":0,"rotation":0},"up":{"uv":[8.5,4.5625,7.9375,4.25],"texture":"#1","tintindex":0,"rotation":0},"down":{"uv":[8.5,4.5625,7.9375,4.875],"texture":"#1","tintindex":0,"rotation":0}},"rotation":{"origin":[0.0,0.0,0.0],"angle":0.0,"axis":"x"}},{"from":[-3.2,14.0,2.4],"to":[-1.6,17.6,4.0],"origin":[0.0,0.0,0.0],"faces":{"north":{"uv":[1.0,4.625,1.25,5.1875],"texture":"#1","tintindex":0,"rotation":0},"east":{"uv":[5.875,0.0,6.125,0.5625],"texture":"#1","tintindex":0,"rotation":0},"south":{"uv":[7.9375,6.9375,8.1875,7.5],"texture":"#1","tintindex":0,"rotation":0},"west":{"uv":[7.1875,7.9375,7.4375,8.5],"texture":"#1","tintindex":0,"rotation":0},"up":{"uv":[6.25,4.375,6.0,4.125],"texture":"#1","tintindex":0,"rotation":0},"down":{"uv":[0.5,8.4375,0.25,8.6875],"texture":"#1","tintindex":0,"rotation":0}},"rotation":{"origin":[0.0,0.0,0.0],"angle":0.0,"axis":"x"}},{"from":[2.0,14.0,2.4],"to":[3.2,17.6,4.0],"origin":[0.0,0.0,0.0],"faces":{"north":{"uv":[7.6875,8.1875,7.875,8.75],"texture":"#1","tintindex":0,"rotation":0},"east":{"uv":[7.9375,7.5,8.1875,8.0625],"texture":"#1","tintindex":0,"rotation":0},"south":{"uv":[8.1875,7.9375,8.375,8.5],"texture":"#1","tintindex":0,"rotation":0},"west":{"uv":[0.0,8.0,0.25,8.5625],"texture":"#1","tintindex":0,"rotation":0},"up":{"uv":[7.875,2.5625,7.6875,2.3125],"texture":"#1","tintindex":0,"rotation":0},"down":{"uv":[0.875,7.8125,0.6875,8.0625],"texture":"#1","tintindex":0,"rotation":0}},"rotation":{"origin":[0.0,0.0,0.0],"angle":0.0,"axis":"x"}},{"from":[3.2,5.6,3.2],"to":[6.4,12.4,6.4],"origin":[0.0,0.0,0.0],"faces":{"north":{"uv":[0.4375,5.25,0.9375,6.3125],"texture":"#1","tintindex":0,"rotation":0},"east":{"uv":[0.9375,5.25,1.4375,6.3125],"texture":"#1","tintindex":0,"rotation":0},"south":{"uv":[3.8125,5.4375,4.3125,6.5],"texture":"#1","tintindex":0,"rotation":0},"west":{"uv":[4.3125,5.4375,4.8125,6.5],"texture":"#1","tintindex":0,"rotation":0},"up":{"uv":[5.6875,7.5,5.1875,7.0],"texture":"#1","tintindex":0,"rotation":0},"down":{"uv":[3.25,7.0625,2.75,7.5625],"texture":"#1","tintindex":0,"rotation":0}},"rotation":{"origin":[0.0,0.0,0.0],"angle":0.0,"axis":"x"}},{"from":[-6.4,5.6,3.2],"to":[-3.2,12.0,6.4],"origin":[0.0,0.0,0.0],"faces":{"north":{"uv":[6.0,2.125,6.5,3.125],"texture":"#1","tintindex":0,"rotation":0},"east":{"uv":[6.0,3.125,6.5,4.125],"texture":"#1","tintindex":0,"rotation":0},"south":{"uv":[2.75,6.0625,3.25,7.0625],"texture":"#1","tintindex":0,"rotation":0},"west":{"uv":[6.125,0.0,6.625,1.0],"texture":"#1","tintindex":0,"rotation":0},"up":{"uv":[7.5625,6.5,7.0625,6.0],"texture":"#1","tintindex":0,"rotation":0},"down":{"uv":[1.75,7.125,1.25,7.625],"texture":"#1","tintindex":0,"rotation":0}},"rotation":{"origin":[0.0,0.0,0.0],"angle":0.0,"axis":"x"}},{"from":[-4.8,12.0,3.2],"to":[-3.2,16.8,4.8],"origin":[0.0,0.0,0.0],"faces":{"north":{"uv":[5.5625,7.8125,5.8125,8.5625],"texture":"#1","tintindex":0,"rotation":0},"east":{"uv":[5.8125,7.8125,6.0625,8.5625],"texture":"#1","tintindex":0,"rotation":0},"south":{"uv":[6.0625,7.8125,6.3125,8.5625],"texture":"#1","tintindex":0,"rotation":0},"west":{"uv":[6.3125,7.8125,6.5625,8.5625],"texture":"#1","tintindex":0,"rotation":0},"up":{"uv":[2.1875,8.6875,1.9375,8.4375],"texture":"#1","tintindex":0,"rotation":0},"down":{"uv":[8.6875,2.8125,8.4375,3.0625],"texture":"#1","tintindex":0,"rotation":0}},"rotation":{"origin":[0.0,0.0,0.0],"angle":0.0,"axis":"x"}},{"from":[-4.8,12.4,-4.8],"to":[-3.2,17.6,-3.2],"origin":[0.0,0.0,0.0],"faces":{"north":{"uv":[4.5625,7.125,4.8125,7.9375],"texture":"#1","tintindex":0,"rotation":0},"east":{"uv":[3.0,7.5625,3.25,8.375],"texture":"#1","tintindex":0,"rotation":0},"south":{"uv":[1.9375,7.625,2.1875,8.4375],"texture":"#1","tintindex":0,"rotation":0},"west":{"uv":[7.6875,4.25,7.9375,5.0625],"texture":"#1","tintindex":0,"rotation":0},"up":{"uv":[8.6875,6.6875,8.4375,6.4375],"texture":"#1","tintindex":0,"rotation":0},"down":{"uv":[8.6875,6.6875,8.4375,6.9375],"texture":"#1","tintindex":0,"rotation":0}},"rotation":{"origin":[0.0,0.0,0.0],"angle":0.0,"axis":"x"}},{"from":[-6.4,3.6,6.4],"to":[-4.0,7.2,8.0],"origin":[0.0,0.0,0.0],"faces":{"north":{"uv":[7.375,6.5,7.75,7.0625],"texture":"#1","tintindex":0,"rotation":0},"east":{"uv":[0.6875,8.0625,0.9375,8.625],"texture":"#1","tintindex":0,"rotation":0},"south":{"uv":[0.0,7.4375,0.375,8.0],"texture":"#1","tintindex":0,"rotation":0},"west":{"uv":[0.9375,8.0625,1.1875,8.625],"texture":"#1","tintindex":0,"rotation":0},"up":{"uv":[5.5,3.125,5.125,2.875],"texture":"#1","tintindex":0,"rotation":0},"down":{"uv":[8.625,2.5625,8.25,2.8125],"texture":"#1","tintindex":0,"rotation":0}},"rotation":{"origin":[0.0,0.0,0.0],"angle":0.0,"axis":"x"}},{"from":[4.0,3.6,-8.0],"to":[6.4,7.2,-6.4],"origin":[0.0,0.0,0.0],"faces":{"north":{"uv":[7.4375,0.0,7.8125,0.5625],"texture":"#1","tintindex":0,"rotation":0},"east":{"uv":[8.0625,1.0625,8.3125,1.625],"texture":"#1","tintindex":0,"rotation":0},"south":{"uv":[7.4375,0.5625,7.8125,1.125],"texture":"#1","tintindex":0,"rotation":0},"west":{"uv":[8.0625,1.625,8.3125,2.1875],"texture":"#1","tintindex":0,"rotation":0},"up":{"uv":[8.6875,3.75,8.3125,3.5],"texture":"#1","tintindex":0,"rotation":0},"down":{"uv":[8.6875,3.75,8.3125,4.0],"texture":"#1","tintindex":0,"rotation":0}},"rotation":{"origin":[0.0,0.0,0.0],"angle":0.0,"axis":"x"}},{"from":[6.4,3.6,-6.4],"to":[8.0,7.2,-4.0],"origin":[0.0,0.0,0.0],"faces":{"north":{"uv":[8.0625,3.125,8.3125,3.6875],"texture":"#1","tintindex":0,"rotation":0},"east":{"uv":[5.1875,7.5,5.5625,8.0625],"texture":"#1","tintindex":0,"rotation":0},"south":{"uv":[3.25,8.0625,3.5,8.625],"texture":"#1","tintindex":0,"rotation":0},"west":{"uv":[2.625,7.5625,3.0,8.125],"texture":"#1","tintindex":0,"rotation":0},"up":{"uv":[4.625,8.6875,4.375,8.3125],"texture":"#1","tintindex":0,"rotation":0},"down":{"uv":[4.875,8.3125,4.625,8.6875],"texture":"#1","tintindex":0,"rotation":0}},"rotation":{"origin":[0.0,0.0,0.0],"angle":0.0,"axis":"x"}},{"from":[6.4,3.6,4.0],"to":[8.0,6.8,6.4],"origin":[0.0,0.0,0.0],"faces":{"north":{"uv":[7.4375,8.1875,7.6875,8.6875],"texture":"#1","tintindex":0,"rotation":0},"east":{"uv":[2.1875,7.875,2.5625,8.375],"texture":"#1","tintindex":0,"rotation":0},"south":{"uv":[8.1875,7.4375,8.4375,7.9375],"texture":"#1","tintindex":0,"rotation":0},"west":{"uv":[7.875,2.3125,8.25,2.8125],"texture":"#1","tintindex":0,"rotation":0},"up":{"uv":[5.125,8.6875,4.875,8.3125],"texture":"#1","tintindex":0,"rotation":0},"down":{"uv":[8.5625,6.0625,8.3125,6.4375],"texture":"#1","tintindex":0,"rotation":0}},"rotation":{"origin":[0.0,0.0,0.0],"angle":0.0,"axis":"x"}},{"from":[-8.0,3.6,-6.4],"to":[-6.4,7.2,-4.0],"origin":[0.0,0.0,0.0],"faces":{"north":{"uv":[8.0625,3.6875,8.3125,4.25],"texture":"#1","tintindex":0,"rotation":0},"east":{"uv":[7.5625,5.9375,7.9375,6.5],"texture":"#1","tintindex":0,"rotation":0},"south":{"uv":[5.125,8.0625,5.375,8.625],"texture":"#1","tintindex":0,"rotation":0},"west":{"uv":[7.5625,7.0625,7.9375,7.625],"texture":"#1","tintindex":0,"rotation":0},"up":{"uv":[7.0625,8.6875,6.8125,8.3125],"texture":"#1","tintindex":0,"rotation":0},"down":{"uv":[8.625,0.0,8.375,0.375],"texture":"#1","tintindex":0,"rotation":0}},"rotation":{"origin":[0.0,0.0,0.0],"angle":0.0,"axis":"x"}},{"from":[-8.0,3.6,4.0],"to":[-6.4,7.2,6.4],"origin":[0.0,0.0,0.0],"faces":{"north":{"uv":[7.9375,8.0625,8.1875,8.625],"texture":"#1","tintindex":0,"rotation":0},"east":{"uv":[1.1875,7.625,1.5625,8.1875],"texture":"#1","tintindex":0,"rotation":0},"south":{"uv":[8.125,0.0,8.375,0.5625],"texture":"#1","tintindex":0,"rotation":0},"west":{"uv":[1.5625,7.625,1.9375,8.1875],"texture":"#1","tintindex":0,"rotation":0},"up":{"uv":[2.4375,8.75,2.1875,8.375],"texture":"#1","tintindex":0,"rotation":0},"down":{"uv":[3.25,8.375,3.0,8.75],"texture":"#1","tintindex":0,"rotation":0}},"rotation":{"origin":[0.0,0.0,0.0],"angle":0.0,"axis":"x"}},{"from":[-6.4,3.6,-8.0],"to":[-4.0,7.2,-6.4],"origin":[0.0,0.0,0.0],"faces":{"north":{"uv":[7.5625,7.625,7.9375,8.1875],"texture":"#1","tintindex":0,"rotation":0},"east":{"uv":[2.5625,8.125,2.8125,8.6875],"texture":"#1","tintindex":0,"rotation":0},"south":{"uv":[7.6875,1.75,8.0625,2.3125],"texture":"#1","tintindex":0,"rotation":0},"west":{"uv":[1.1875,8.1875,1.4375,8.75],"texture":"#1","tintindex":0,"rotation":0},"up":{"uv":[8.6875,4.25,8.3125,4.0],"texture":"#1","tintindex":0,"rotation":0},"down":{"uv":[8.75,5.0625,8.375,5.3125],"texture":"#1","tintindex":0,"rotation":0}},"rotation":{"origin":[0.0,0.0,0.0],"angle":0.0,"axis":"x"}},{"from":[4.0,3.6,6.4],"to":[6.4,7.2,8.0],"origin":[0.0,0.0,0.0],"faces":{"north":{"uv":[7.6875,3.125,8.0625,3.6875],"texture":"#1","tintindex":0,"rotation":0},"east":{"uv":[1.4375,8.1875,1.6875,8.75],"texture":"#1","tintindex":0,"rotation":0},"south":{"uv":[7.6875,3.6875,8.0625,4.25],"texture":"#1","tintindex":0,"rotation":0},"west":{"uv":[1.6875,8.1875,1.9375,8.75],"texture":"#1","tintindex":0,"rotation":0},"up":{"uv":[8.75,5.5625,8.375,5.3125],"texture":"#1","tintindex":0,"rotation":0},"down":{"uv":[8.75,5.5625,8.375,5.8125],"texture":"#1","tintindex":0,"rotation":0}},"rotation":{"origin":[0.0,0.0,0.0],"angle":0.0,"axis":"x"}},{"from":[3.2,5.6,-6.4],"to":[6.4,11.6,-4.0],"origin":[0.0,0.0,0.0],"faces":{"north":{"uv":[1.4375,6.1875,1.9375,7.125],"texture":"#1","tintindex":0,"rotation":0},"east":{"uv":[0.0,6.5,0.375,7.4375],"texture":"#1","tintindex":0,"rotation":0},"south":{"uv":[1.9375,6.1875,2.4375,7.125],"texture":"#1","tintindex":0,"rotation":0},"west":{"uv":[6.625,0.0,7.0,0.9375],"texture":"#1","tintindex":0,"rotation":0},"up":{"uv":[8.375,5.4375,7.875,5.0625],"texture":"#1","tintindex":0,"rotation":0},"down":{"uv":[8.375,5.4375,7.875,5.8125],"texture":"#1","tintindex":0,"rotation":0}},"rotation":{"origin":[0.0,0.0,0.0],"angle":0.0,"axis":"x"}},{"from":[-6.4,5.6,-6.4],"to":[-3.2,12.4,-3.2],"origin":[0.0,0.0,0.0],"faces":{"north":{"uv":[5.5,2.25,6.0,3.3125],"texture":"#1","tintindex":0,"rotation":0},"east":{"uv":[5.5,3.3125,6.0,4.375],"texture":"#1","tintindex":0,"rotation":0},"south":{"uv":[5.75,1.0625,6.25,2.125],"texture":"#1","tintindex":0,"rotation":0},"west":{"uv":[5.75,4.375,6.25,5.4375],"texture":"#1","tintindex":0,"rotation":0},"up":{"uv":[2.25,7.625,1.75,7.125],"texture":"#1","tintindex":0,"rotation":0},"down":{"uv":[7.625,1.75,7.125,2.25],"texture":"#1","tintindex":0,"rotation":0}},"rotation":{"origin":[0.0,0.0,0.0],"angle":0.0,"axis":"x"}},{"from":[-8.4,3.6,-4.0],"to":[-5.6,9.6,4.0],"origin":[0.0,0.0,0.0],"faces":{"north":{"uv":[1.4375,5.25,1.875,6.1875],"texture":"#1","tintindex":0,"rotation":0},"east":{"uv":[2.0,0.0,3.25,0.9375],"texture":"#1","tintindex":0,"rotation":0},"south":{"uv":[3.25,6.4375,3.6875,7.375],"texture":"#1","tintindex":0,"rotation":0},"west":{"uv":[2.0,0.9375,3.25,1.875],"texture":"#1","tintindex":0,"rotation":0},"up":{"uv":[3.8125,6.4375,3.375,5.1875],"texture":"#1","tintindex":0,"rotation":0},"down":{"uv":[0.4375,5.25,0.0,6.5],"texture":"#1","tintindex":0,"rotation":0}},"rotation":{"origin":[0.0,0.0,0.0],"angle":0.0,"axis":"x"}},{"from":[1.2,11.2,-1.2],"to":[3.2,12.0,0.8],"origin":[0.0,0.0,0.0],"faces":{"north":{"uv":[4.875,1.0625,5.1875,1.1875],"texture":"#1","tintindex":0,"rotation":0},"east":{"uv":[5.1875,1.0625,5.5,1.1875],"texture":"#1","tintindex":0,"rotation":0},"south":{"uv":[7.0625,6.5,7.375,6.625],"texture":"#1","tintindex":0,"rotation":0},"west":{"uv":[7.4375,1.125,7.75,1.25],"texture":"#1","tintindex":0,"rotation":0},"up":{"uv":[8.625,1.5,8.3125,1.1875],"texture":"#1","tintindex":0,"rotation":0},"down":{"uv":[8.625,1.5,8.3125,1.8125],"texture":"#1","tintindex":0,"rotation":0}},"rotation":{"origin":[0.0,0.0,0.0],"angle":0.0,"axis":"x"}},{"from":[0.4,11.2,-0.8],"to":[1.2,12.0,0.4],"origin":[0.0,0.0,0.0],"faces":{"north":{"uv":[1.875,4.1875,2.0,4.3125],"texture":"#1","tintindex":0,"rotation":0},"east":{"uv":[5.75,2.125,5.9375,2.25],"texture":"#1","tintindex":0,"rotation":0},"south":{"uv":[2.75,4.9375,2.875,5.0625],"texture":"#1","tintindex":0,"rotation":0},"west":{"uv":[6.25,2.0,6.4375,2.125],"texture":"#1","tintindex":0,"rotation":0},"up":{"uv":[2.0,4.1875,1.875,4.0],"texture":"#1","tintindex":0,"rotation":0},"down":{"uv":[3.0,4.3125,2.875,4.5],"texture":"#1","tintindex":0,"rotation":0}},"rotation":{"origin":[0.0,0.0,0.0],"angle":0.0,"axis":"x"}},{"from":[-6.4,3.6,-6.4],"to":[6.4,4.0,6.4],"origin":[0.0,0.0,0.0],"faces":{"north":{"uv":[7.9375,4.875,9.9375,4.9375],"texture":"#1","tintindex":0,"rotation":0},"east":{"uv":[7.9375,4.9375,9.9375,5.0],"texture":"#1","tintindex":0,"rotation":0},"south":{"uv":[7.9375,5.0,9.9375,5.0625],"texture":"#1","tintindex":0,"rotation":0},"west":{"uv":[8.0625,2.1875,10.0625,2.25],"texture":"#1","tintindex":0,"rotation":0},"up":{"uv":[2.0,2.0,0.0,0.0],"texture":"#1","tintindex":0,"rotation":0},"down":{"uv":[2.0,2.0,0.0,4.0],"texture":"#1","tintindex":0,"rotation":0}},"rotation":{"origin":[0.0,0.0,0.0],"angle":0.0,"axis":"x"}},{"from":[-3.2,4.0,-3.2],"to":[-2.0,20.8,-2.0],"origin":[0.0,0.0,0.0],"faces":{"north":{"uv":[0.0,9.875,0.1875,12.3125],"texture":"#1","tintindex":0,"rotation":0},"east":{"uv":[0.0,9.875,0.1875,12.5],"texture":"#1","tintindex":0,"rotation":0},"south":{"uv":[0.0,9.875,0.1875,12.3125],"texture":"#1","tintindex":0,"rotation":0},"west":{"uv":[0.0,9.875,0.1875,12.3125],"texture":"#1","tintindex":0,"rotation":0},"up":{"uv":[0.0,9.875,0.1875,10.0625],"texture":"#1","tintindex":0,"rotation":0},"down":{"uv":[0.0,9.875,0.1875,10.0625],"texture":"#1","tintindex":0,"rotation":0}},"rotation":{"origin":[0.0,0.0,0.0],"angle":0.0,"axis":"x"}},{"from":[-3.6,4.0,-1.6],"to":[-2.4,18.8,-0.4],"origin":[0.0,0.0,0.0],"faces":{"north":{"uv":[0.0,9.875,0.1875,12.3125],"texture":"#1","tintindex":0,"rotation":0},"east":{"uv":[0.0,9.875,0.1875,12.1875],"texture":"#1","tintindex":0,"rotation":0},"south":{"uv":[0.0,9.875,0.1875,12.3125],"texture":"#1","tintindex":0,"rotation":0},"west":{"uv":[0.0,9.875,0.1875,12.3125],"texture":"#1","tintindex":0,"rotation":0},"up":{"uv":[0.0,9.875,0.1875,10.0625],"texture":"#1","tintindex":0,"rotation":0},"down":{"uv":[0.0,9.875,0.1875,10.0625],"texture":"#1","tintindex":0,"rotation":0}},"rotation":{"origin":[0.0,0.0,0.0],"angle":0.0,"axis":"x"}},{"from":[-0.4,4.0,1.2],"to":[0.8,21.2,2.4],"origin":[0.0,0.0,0.0],"faces":{"north":{"uv":[0.0,9.875,0.1875,12.3125],"texture":"#1","tintindex":0,"rotation":0},"east":{"uv":[0.0,9.875,0.1875,12.5625],"texture":"#1","tintindex":0,"rotation":0},"south":{"uv":[0.0,9.875,0.1875,12.3125],"texture":"#1","tintindex":0,"rotation":0},"west":{"uv":[0.0,9.875,0.1875,12.3125],"texture":"#1","tintindex":0,"rotation":0},"up":{"uv":[0.0,9.875,0.1875,10.0625],"texture":"#1","tintindex":0,"rotation":0},"down":{"uv":[0.0,9.875,0.1875,10.0625],"texture":"#1","tintindex":0,"rotation":0}},"rotation":{"origin":[0.0,0.0,0.0],"angle":0.0,"axis":"x"}},{"from":[0.0,4.0,-3.2],"to":[2.0,19.6,-1.2],"origin":[0.0,0.0,0.0],"faces":{"north":{"uv":[0.0,9.875,0.1875,12.3125],"texture":"#1","tintindex":0,"rotation":0},"east":{"uv":[0.0,9.875,0.3125,12.3125],"texture":"#1","tintindex":0,"rotation":0},"south":{"uv":[0.0,9.875,0.1875,12.3125],"texture":"#1","tintindex":0,"rotation":0},"west":{"uv":[0.0,9.875,0.1875,12.3125],"texture":"#1","tintindex":0,"rotation":0},"up":{"uv":[0.0,9.875,0.1875,10.0625],"texture":"#1","tintindex":0,"rotation":0},"down":{"uv":[0.0,9.875,0.1875,10.0625],"texture":"#1","tintindex":0,"rotation":0}},"rotation":{"origin":[0.0,0.0,0.0],"angle":0.0,"axis":"x"}}],"display":{"head":{"scale":[4.0,4.0,4.0],"translation":[32.0,25.5,32.0]}}}