{"textures":{"0":"freeminecraftmodels:entity/attachment_spyglass"},"elements":[{"from":[-0.4,27.999999999999996,-8.4],"to":[3.6,32.0,-6.8],"rotation":{"origin":[0.0,31.199999999999996,-4.9],"angle":22.5,"axis":"x"},"origin":[0.0,81.0,-12.25],"faces":{"north":{"uv":[0.0,0.0,2.5,2.5],"texture":"#0","tintindex":0,"rotation":0},"east":{"uv":[2.5,4.0,3.5,6.5],"texture":"#0","tintindex":0,"rotation":0},"south":{"uv":[0.0,2.5,2.5,5.0],"texture":"#0","tintindex":0,"rotation":0},"west":{"uv":[3.5,4.0,4.5,6.5],"texture":"#0","tintindex":0,"rotation":0},"up":{"uv":[7.0,1.0,4.5,0.0],"texture":"#0","tintindex":0,"rotation":0},"down":{"uv":[7.0,1.0,4.5,2.0],"texture":"#0","tintindex":0,"rotation":0}}},{"from":[0.0,28.4,-6.8],"to":[3.2,31.599999999999994,-5.2],"rotation":{"origin":[0.0,31.199999999999996,-4.9],"angle":22.5,"axis":"x"},"origin":[0.0,81.0,-12.25],"faces":{"north":{"uv":[2.5,0.0,4.5,2.0],"texture":"#0","tintindex":0,"rotation":0},"east":{"uv":[0.0,5.0,1.0,7.0],"texture":"#0","tintindex":0,"rotation":0},"south":{"uv":[2.5,2.0,4.5,4.0],"texture":"#0","tintindex":0,"rotation":0},"west":{"uv":[1.0,5.0,2.0,7.0],"texture":"#0","tintindex":0,"rotation":0},"up":{"uv":[6.5,6.0,4.5,5.0],"texture":"#0","tintindex":0,"rotation":0},"down":{"uv":[8.0,2.0,6.0,3.0],"texture":"#0","tintindex":0,"rotation":0}}},{"from":[0.4,28.799999999999997,-5.2],"to":[2.8,31.199999999999996,-3.6],"rotation":{"origin":[0.0,31.199999999999996,-4.9],"angle":22.5,"axis":"x"},"origin":[0.0,81.0,-12.25],"faces":{"north":{"uv":[4.5,2.0,6.0,3.5],"texture":"#0","tintindex":0,"rotation":0},"east":{"uv":[6.0,3.0,7.0,4.5],"texture":"#0","tintindex":0,"rotation":0},"south":{"uv":[4.5,3.5,6.0,5.0],"texture":"#0","tintindex":0,"rotation":0},"west":{"uv":[4.5,6.0,5.5,7.5],"texture":"#0","tintindex":0,"rotation":0},"up":{"uv":[7.0,7.0,5.5,6.0],"texture":"#0","tintindex":0,"rotation":0},"down":{"uv":[3.5,6.5,2.0,7.5],"texture":"#0","tintindex":0,"rotation":0}}},{"from":[0.8,29.199999999999996,-3.6],"to":[2.4,30.799999999999997,-2.0],"rotation":{"origin":[0.0,31.199999999999996,-4.9],"angle":22.5,"axis":"x"},"origin":[0.0,81.0,-12.25],"faces":{"north":{"uv":[3.5,6.5,4.5,7.5],"texture":"#0","tintindex":0,"rotation":0},"east":{"uv":[0.0,7.0,1.0,8.0],"texture":"#0","tintindex":0,"rotation":0},"south":{"uv":[7.0,0.5,8.0,1.5],"texture":"#0","tintindex":0,"rotation":0},"west":{"uv":[1.0,7.0,2.0,8.0],"texture":"#0","tintindex":0,"rotation":0},"up":{"uv":[8.0,4.0,7.0,3.0],"texture":"#0","tintindex":0,"rotation":0},"down":{"uv":[6.5,7.0,5.5,8.0],"texture":"#0","tintindex":0,"rotation":0}}},{"from":[1.2,29.599999999999998,-2.0],"to":[2.0,30.4,-0.4],"rotation":{"origin":[0.0,31.199999999999996,-4.9],"angle":22.5,"axis":"x"},"origin":[0.0,81.0,-12.25],"faces":{"north":{"uv":[7.75,6.0,8.25,6.5],"texture":"#0","tintindex":0,"rotation":0},"east":{"uv":[2.5,7.5,3.5,8.0],"texture":"#0","tintindex":0,"rotation":0},"south":{"uv":[7.75,6.5,8.25,7.0],"texture":"#0","tintindex":0,"rotation":0},"west":{"uv":[3.5,7.5,4.5,8.0],"texture":"#0","tintindex":0,"rotation":0},"up":{"uv":[5.0,8.5,4.5,7.5],"texture":"#0","tintindex":0,"rotation":0},"down":{"uv":[5.5,7.5,5.0,8.5],"texture":"#0","tintindex":0,"rotation":0}}},{"from":[-0.4,31.199999999999996,-8.8],"to":[3.6,32.0,-8.4],"rotation":{"origin":[0.0,31.199999999999996,-4.9],"angle":22.5,"axis":"x"},"origin":[0.0,81.0,-12.25],"faces":{"north":{"uv":[6.0,4.5,8.5,5.0],"texture":"#0","tintindex":0,"rotation":0},"east":{"uv":[7.75,7.0,8.0,7.5],"texture":"#0","tintindex":0,"rotation":0},"south":{"uv":[6.5,5.0,9.0,5.5],"texture":"#0","tintindex":0,"rotation":0},"west":{"uv":[7.75,7.5,8.0,8.0],"texture":"#0","tintindex":0,"rotation":0},"up":{"uv":[9.5,1.75,7.0,1.5],"texture":"#0","tintindex":0,"rotation":0},"down":{"uv":[9.5,1.75,7.0,2.0],"texture":"#0","tintindex":0,"rotation":0}}},{"from":[2.8,28.799999999999997,-8.8],"to":[3.6,31.199999999999996,-8.4],"rotation":{"origin":[0.0,31.199999999999996,-4.9],"angle":22.5,"axis":"x"},"origin":[0.0,81.0,-12.25],"faces":{"north":{"uv":[2.0,5.0,2.5,6.5],"texture":"#0","tintindex":0,"rotation":0},"east":{"uv":[7.5,6.0,7.75,7.5],"texture":"#0","tintindex":0,"rotation":0},"south":{"uv":[7.0,6.0,7.5,7.5],"texture":"#0","tintindex":0,"rotation":0},"west":{"uv":[7.0,7.5,7.25,9.0],"texture":"#0","tintindex":0,"rotation":0},"up":{"uv":[0.5,8.25,0.0,8.0],"texture":"#0","tintindex":0,"rotation":0},"down":{"uv":[1.0,8.0,0.5,8.25],"texture":"#0","tintindex":0,"rotation":0}}},{"from":[-0.4,28.799999999999997,-8.8],"to":[0.4,31.199999999999996,-8.4],"rotation":{"origin":[0.0,31.199999999999996,-4.9],"angle":22.5,"axis":"x"},"origin":[0.0,81.0,-12.25],"faces":{"north":{"uv":[6.5,7.0,7.0,8.5],"texture":"#0","tintindex":0,"rotation":0},"east":{"uv":[7.25,7.5,7.5,9.0],"texture":"#0","tintindex":0,"rotation":0},"south":{"uv":[2.0,7.5,2.5,9.0],"texture":"#0","tintindex":0,"rotation":0},"west":{"uv":[7.5,7.5,7.75,9.0],"texture":"#0","tintindex":0,"rotation":0},"up":{"uv":[8.5,0.75,8.0,0.5],"texture":"#0","tintindex":0,"rotation":0},"down":{"uv":[8.5,0.75,8.0,1.0],"texture":"#0","tintindex":0,"rotation":0}}},{"from":[-0.4,27.999999999999996,-8.8],"to":[3.6,28.799999999999997,-8.4],"rotation":{"origin":[0.0,31.199999999999996,-4.9],"angle":22.5,"axis":"x"},"origin":[0.0,81.0,-12.25],"faces":{"north":{"uv":[6.5,5.5,9.0,6.0],"texture":"#0","tintindex":0,"rotation":0},"east":{"uv":[1.0,8.0,1.25,8.5],"texture":"#0","tintindex":0,"rotation":0},"south":{"uv":[7.0,0.0,9.5,0.5],"texture":"#0","tintindex":0,"rotation":0},"west":{"uv":[8.0,1.0,8.25,1.5],"texture":"#0","tintindex":0,"rotation":0},"up":{"uv":[9.5,4.25,7.0,4.0],"texture":"#0","tintindex":0,"rotation":0},"down":{"uv":[9.5,4.25,7.0,4.5],"texture":"#0","tintindex":0,"rotation":0}}}],"display":{"head":{"scale":[4.0,4.0,4.0],"translation":[32.0,30.30000000000001,32.0]}}}