{"textures":{"0":"freeminecraftmodels:entity/barricade"},"elements":[{"from":[-9.6,0.0,-9.6],"to":[9.6,3.6,9.6],"origin":[0.0,0.0,0.0],"faces":{"north":{"uv":[3.0,0.0,6.0,0.5625],"texture":"#0","tintindex":0,"rotation":0},"east":{"uv":[3.0,0.5625,6.0,1.125],"texture":"#0","tintindex":0,"rotation":0},"south":{"uv":[3.0,1.125,6.0,1.6875],"texture":"#0","tintindex":0,"rotation":0},"west":{"uv":[3.0,1.6875,6.0,2.25],"texture":"#0","tintindex":0,"rotation":0},"up":{"uv":[3.0,3.0,0.0,0.0],"texture":"#0","tintindex":0,"rotation":0},"down":{"uv":[3.0,3.0,0.0,6.0],"texture":"#0","tintindex":0,"rotation":0}},"rotation":{"origin":[0.0,0.0,0.0],"angle":0.0,"axis":"x"}},{"from":[4.0,6.0,-4.8],"to":[4.8,7.6,4.8],"rotation":{"origin":[4.4,5.2,0.0],"angle":-22.5,"axis":"z"},"origin":[11.0,13.0,0.0],"faces":{"north":{"uv":[4.625,4.25,4.75,4.5],"texture":"#0","tintindex":0,"rotation":0},"east":{"uv":[3.0,4.25,4.5,4.5],"texture":"#0","tintindex":0,"rotation":0},"south":{"uv":[4.625,4.25,4.75,4.5],"texture":"#0","tintindex":0,"rotation":0},"west":{"uv":[3.0,4.25,4.5,4.5],"texture":"#0","tintindex":0,"rotation":0},"up":{"uv":[4.75,6.0,4.625,4.5],"texture":"#0","tintindex":0,"rotation":0},"down":{"uv":[4.75,4.5,4.625,6.0],"texture":"#0","tintindex":0,"rotation":0}}},{"from":[6.4,9.68,-5.16],"to":[8.0,11.36,-2.84],"rotation":{"origin":[7.2,10.4,0.0],"angle":22.5,"axis":"z"},"origin":[18.0,26.0,0.0],"faces":{"north":{"uv":[5.125,2.25,5.375,2.5],"texture":"#0","tintindex":0,"rotation":0},"east":{"uv":[5.375,2.25,5.75,2.5],"texture":"#0","tintindex":0,"rotation":0},"south":{"uv":[5.125,2.25,5.375,2.5],"texture":"#0","tintindex":0,"rotation":0},"west":{"uv":[5.375,2.25,5.75,2.5],"texture":"#0","tintindex":0,"rotation":0},"up":{"uv":[5.375,2.875,5.125,2.5],"texture":"#0","tintindex":0,"rotation":0},"down":{"uv":[5.375,2.5,5.125,2.875],"texture":"#0","tintindex":0,"rotation":0}}},{"from":[-2.76,5.28,-7.04],"to":[-0.44,7.0,-5.36],"rotation":{"origin":[-0.8,10.920000000000002,4.4],"angle":22.5,"axis":"x"},"origin":[-2.0,27.3,11.0],"faces":{"north":{"uv":[5.375,2.25,5.75,2.5],"texture":"#0","tintindex":0,"rotation":0},"east":{"uv":[5.125,2.25,5.375,2.5],"texture":"#0","tintindex":0,"rotation":0},"south":{"uv":[5.375,2.25,5.75,2.5],"texture":"#0","tintindex":0,"rotation":0},"west":{"uv":[5.125,2.25,5.375,2.5],"texture":"#0","tintindex":0,"rotation":0},"up":{"uv":[5.75,2.5,5.375,2.25],"texture":"#0","tintindex":0,"rotation":0},"down":{"uv":[5.75,2.25,5.375,2.5],"texture":"#0","tintindex":0,"rotation":0}}},{"from":[-3.16,9.84,6.24],"to":[-0.84,11.56,7.92],"rotation":{"origin":[-1.2000000000000002,10.920000000000002,7.6000000000000005],"angle":-22.5,"axis":"x"},"origin":[-3.0,27.3,19.0],"faces":{"north":{"uv":[5.375,2.25,5.75,2.5],"texture":"#0","tintindex":0,"rotation":0},"east":{"uv":[5.125,2.25,5.375,2.5],"texture":"#0","tintindex":0,"rotation":0},"south":{"uv":[5.375,2.25,5.75,2.5],"texture":"#0","tintindex":0,"rotation":0},"west":{"uv":[5.125,2.25,5.375,2.5],"texture":"#0","tintindex":0,"rotation":0},"up":{"uv":[5.75,2.5,5.375,2.25],"texture":"#0","tintindex":0,"rotation":0},"down":{"uv":[5.75,2.25,5.375,2.5],"texture":"#0","tintindex":0,"rotation":0}}},{"from":[0.4,2.8,4.8],"to":[2.8,10.8,7.2],"rotation":{"origin":[1.6,7.6000000000000005,6.0],"angle":22.5,"axis":"x"},"origin":[4.0,19.0,15.0],"faces":{"north":{"uv":[3.0,3.0,3.375,4.25],"texture":"#0","tintindex":0,"rotation":0},"east":{"uv":[3.0,3.0,3.375,4.25],"texture":"#0","tintindex":0,"rotation":0},"south":{"uv":[3.0,3.0,3.375,4.25],"texture":"#0","tintindex":0,"rotation":0},"west":{"uv":[3.0,3.0,3.375,4.25],"texture":"#0","tintindex":0,"rotation":0},"up":{"uv":[3.75,3.375,3.375,3.0],"texture":"#0","tintindex":0,"rotation":0},"down":{"uv":[3.75,3.0,3.375,3.375],"texture":"#0","tintindex":0,"rotation":0}}},{"from":[0.44,9.84,6.24],"to":[2.76,11.56,7.92],"rotation":{"origin":[2.4000000000000004,10.920000000000002,7.6000000000000005],"angle":-22.5,"axis":"x"},"origin":[6.0,27.3,19.0],"faces":{"north":{"uv":[5.375,2.25,5.75,2.5],"texture":"#0","tintindex":0,"rotation":0},"east":{"uv":[5.125,2.25,5.375,2.5],"texture":"#0","tintindex":0,"rotation":0},"south":{"uv":[5.375,2.25,5.75,2.5],"texture":"#0","tintindex":0,"rotation":0},"west":{"uv":[5.125,2.25,5.375,2.5],"texture":"#0","tintindex":0,"rotation":0},"up":{"uv":[5.75,2.5,5.375,2.25],"texture":"#0","tintindex":0,"rotation":0},"down":{"uv":[5.75,2.25,5.375,2.5],"texture":"#0","tintindex":0,"rotation":0}}},{"from":[6.4,9.68,3.24],"to":[8.0,11.36,5.56],"rotation":{"origin":[7.2,10.4,0.0],"angle":22.5,"axis":"z"},"origin":[18.0,26.0,0.0],"faces":{"north":{"uv":[5.125,2.25,5.375,2.5],"texture":"#0","tintindex":0,"rotation":0},"east":{"uv":[5.375,2.25,5.75,2.5],"texture":"#0","tintindex":0,"rotation":0},"south":{"uv":[5.125,2.25,5.375,2.5],"texture":"#0","tintindex":0,"rotation":0},"west":{"uv":[5.375,2.25,5.75,2.5],"texture":"#0","tintindex":0,"rotation":0},"up":{"uv":[5.375,2.875,5.125,2.5],"texture":"#0","tintindex":0,"rotation":0},"down":{"uv":[5.375,2.5,5.125,2.875],"texture":"#0","tintindex":0,"rotation":0}}},{"from":[6.4,9.68,-1.16],"to":[8.0,11.36,1.16],"rotation":{"origin":[7.2,10.4,0.0],"angle":22.5,"axis":"z"},"origin":[18.0,26.0,0.0],"faces":{"north":{"uv":[5.125,2.25,5.375,2.5],"texture":"#0","tintindex":0,"rotation":0},"east":{"uv":[5.375,2.25,5.75,2.5],"texture":"#0","tintindex":0,"rotation":0},"south":{"uv":[5.125,2.25,5.375,2.5],"texture":"#0","tintindex":0,"rotation":0},"west":{"uv":[5.375,2.25,5.75,2.5],"texture":"#0","tintindex":0,"rotation":0},"up":{"uv":[5.375,2.875,5.125,2.5],"texture":"#0","tintindex":0,"rotation":0},"down":{"uv":[5.375,2.5,5.125,2.875],"texture":"#0","tintindex":0,"rotation":0}}},{"from":[4.0,3.6,-0.8],"to":[5.6,8.4,0.8],"rotation":{"origin":[5.6000000000000005,7.6000000000000005,-12.8],"angle":45.0,"axis":"z"},"origin":[14.0,19.0,-32.0],"faces":{"north":{"uv":[6.0,1.25,6.25,2.0],"texture":"#0","tintindex":0,"rotation":0},"east":{"uv":[6.25,1.25,6.5,2.0],"texture":"#0","tintindex":0,"rotation":0},"south":{"uv":[6.5,1.25,6.75,2.0],"texture":"#0","tintindex":0,"rotation":0},"west":{"uv":[4.625,6.875,4.875,7.625],"texture":"#0","tintindex":0,"rotation":0},"up":{"uv":[8.25,4.0,8.0,3.75],"texture":"#0","tintindex":0,"rotation":0},"down":{"uv":[8.25,4.0,8.0,4.25],"texture":"#0","tintindex":0,"rotation":0}}},{"from":[4.8,2.4,-1.2],"to":[7.2,10.4,1.2],"rotation":{"origin":[6.800000000000001,7.6000000000000005,-12.8],"angle":-22.5,"axis":"z"},"origin":[17.0,19.0,-32.0],"faces":{"north":{"uv":[3.0,3.0,3.375,4.25],"texture":"#0","tintindex":0,"rotation":0},"east":{"uv":[3.0,3.0,3.375,4.25],"texture":"#0","tintindex":0,"rotation":0},"south":{"uv":[3.0,3.0,3.375,4.25],"texture":"#0","tintindex":0,"rotation":0},"west":{"uv":[3.0,3.0,3.375,4.25],"texture":"#0","tintindex":0,"rotation":0},"up":{"uv":[3.75,3.375,3.375,3.0],"texture":"#0","tintindex":0,"rotation":0},"down":{"uv":[3.75,3.0,3.375,3.375],"texture":"#0","tintindex":0,"rotation":0}}},{"from":[4.0,3.6,3.6],"to":[5.6,8.4,5.2],"rotation":{"origin":[5.6000000000000005,7.6000000000000005,-8.4],"angle":45.0,"axis":"z"},"origin":[14.0,19.0,-21.0],"faces":{"north":{"uv":[6.875,5.125,7.125,5.875],"texture":"#0","tintindex":0,"rotation":0},"east":{"uv":[5.375,6.875,5.625,7.625],"texture":"#0","tintindex":0,"rotation":0},"south":{"uv":[6.875,5.875,7.125,6.625],"texture":"#0","tintindex":0,"rotation":0},"west":{"uv":[6.875,6.625,7.125,7.375],"texture":"#0","tintindex":0,"rotation":0},"up":{"uv":[8.25,4.5,8.0,4.25],"texture":"#0","tintindex":0,"rotation":0},"down":{"uv":[5.5,8.0,5.25,8.25],"texture":"#0","tintindex":0,"rotation":0}}},{"from":[4.8,2.4,3.2],"to":[7.2,10.4,5.6],"rotation":{"origin":[6.800000000000001,7.6000000000000005,-8.4],"angle":-22.5,"axis":"z"},"origin":[17.0,19.0,-21.0],"faces":{"north":{"uv":[3.0,3.0,3.375,4.25],"texture":"#0","tintindex":0,"rotation":0},"east":{"uv":[3.0,3.0,3.375,4.25],"texture":"#0","tintindex":0,"rotation":0},"south":{"uv":[3.0,3.0,3.375,4.25],"texture":"#0","tintindex":0,"rotation":0},"west":{"uv":[3.0,3.0,3.375,4.25],"texture":"#0","tintindex":0,"rotation":0},"up":{"uv":[3.75,3.375,3.375,3.0],"texture":"#0","tintindex":0,"rotation":0},"down":{"uv":[3.75,3.0,3.375,3.375],"texture":"#0","tintindex":0,"rotation":0}}},{"from":[4.0,3.6,-4.8],"to":[5.6,8.4,-3.2],"rotation":{"origin":[5.6000000000000005,7.6000000000000005,-4.0],"angle":45.0,"axis":"z"},"origin":[14.0,19.0,-10.0],"faces":{"north":{"uv":[7.125,0.0,7.375,0.75],"texture":"#0","tintindex":0,"rotation":0},"east":{"uv":[7.125,0.75,7.375,1.5],"texture":"#0","tintindex":0,"rotation":0},"south":{"uv":[7.125,1.5,7.375,2.25],"texture":"#0","tintindex":0,"rotation":0},"west":{"uv":[7.125,5.125,7.375,5.875],"texture":"#0","tintindex":0,"rotation":0},"up":{"uv":[7.125,8.25,6.875,8.0],"texture":"#0","tintindex":0,"rotation":0},"down":{"uv":[7.375,8.0,7.125,8.25],"texture":"#0","tintindex":0,"rotation":0}}},{"from":[4.8,2.4,-5.2],"to":[7.2,10.4,-2.8],"rotation":{"origin":[6.800000000000001,7.6000000000000005,-4.0],"angle":-22.5,"axis":"z"},"origin":[17.0,19.0,-10.0],"faces":{"north":{"uv":[3.0,3.0,3.375,4.25],"texture":"#0","tintindex":0,"rotation":0},"east":{"uv":[3.0,3.0,3.375,4.25],"texture":"#0","tintindex":0,"rotation":0},"south":{"uv":[3.0,3.0,3.375,4.25],"texture":"#0","tintindex":0,"rotation":0},"west":{"uv":[3.0,3.0,3.375,4.25],"texture":"#0","tintindex":0,"rotation":0},"up":{"uv":[3.75,3.375,3.375,3.0],"texture":"#0","tintindex":0,"rotation":0},"down":{"uv":[3.75,3.0,3.375,3.375],"texture":"#0","tintindex":0,"rotation":0}}},{"from":[-5.6,3.6,-8.8],"to":[5.6,6.0,-6.4],"origin":[-18.0,0.0,0.0],"faces":{"north":{"uv":[3.0,2.25,4.75,2.625],"texture":"#0","tintindex":0,"rotation":0},"east":{"uv":[3.0,2.625,3.375,3.0],"texture":"#0","tintindex":0,"rotation":0},"south":{"uv":[3.0,2.25,4.75,2.625],"texture":"#0","tintindex":0,"rotation":0},"west":{"uv":[3.0,2.625,3.375,3.0],"texture":"#0","tintindex":0,"rotation":0},"up":{"uv":[4.75,2.625,3.0,2.25],"texture":"#0","tintindex":0,"rotation":0},"down":{"uv":[4.75,2.25,3.0,2.625],"texture":"#0","tintindex":0,"rotation":0}},"rotation":{"origin":[-7.2,0.0,0.0],"angle":0.0,"axis":"x"}},{"from":[-5.6,3.6,6.4],"to":[5.6,6.0,8.8],"origin":[-18.0,0.0,0.0],"faces":{"north":{"uv":[3.0,2.25,4.75,2.625],"texture":"#0","tintindex":0,"rotation":0},"east":{"uv":[3.0,2.625,3.375,3.0],"texture":"#0","tintindex":0,"rotation":0},"south":{"uv":[3.0,2.25,4.75,2.625],"texture":"#0","tintindex":0,"rotation":0},"west":{"uv":[3.0,2.625,3.375,3.0],"texture":"#0","tintindex":0,"rotation":0},"up":{"uv":[4.75,2.625,3.0,2.25],"texture":"#0","tintindex":0,"rotation":0},"down":{"uv":[4.75,2.25,3.0,2.625],"texture":"#0","tintindex":0,"rotation":0}},"rotation":{"origin":[-7.2,0.0,0.0],"angle":0.0,"axis":"x"}},{"from":[-8.8,3.6,-5.6],"to":[-6.4,6.0,5.6],"origin":[-18.0,0.0,0.0],"faces":{"north":{"uv":[3.0,2.625,3.375,3.0],"texture":"#0","tintindex":0,"rotation":0},"east":{"uv":[3.0,2.25,4.75,2.625],"texture":"#0","tintindex":0,"rotation":0},"south":{"uv":[3.0,2.625,3.375,3.0],"texture":"#0","tintindex":0,"rotation":0},"west":{"uv":[3.0,2.25,4.75,2.625],"texture":"#0","tintindex":0,"rotation":0},"up":{"uv":[5.125,4.0,4.75,2.25],"texture":"#0","tintindex":0,"rotation":0},"down":{"uv":[5.125,2.25,4.75,4.0],"texture":"#0","tintindex":0,"rotation":0}},"rotation":{"origin":[-7.2,0.0,0.0],"angle":0.0,"axis":"x"}},{"from":[-4.4,1.2,3.6],"to":[-2.8,6.0,5.2],"rotation":{"origin":[-1.6,7.6000000000000005,-8.4],"angle":-45.0,"axis":"z"},"origin":[-4.0,19.0,-21.0],"faces":{"north":{"uv":[5.625,7.125,5.875,7.875],"texture":"#0","tintindex":0,"rotation":0},"east":{"uv":[5.875,7.125,6.125,7.875],"texture":"#0","tintindex":0,"rotation":0},"south":{"uv":[7.125,5.875,7.375,6.625],"texture":"#0","tintindex":0,"rotation":0},"west":{"uv":[6.125,7.125,6.375,7.875],"texture":"#0","tintindex":0,"rotation":0},"up":{"uv":[7.625,8.25,7.375,8.0],"texture":"#0","tintindex":0,"rotation":0},"down":{"uv":[8.25,7.375,8.0,7.625],"texture":"#0","tintindex":0,"rotation":0}}},{"from":[-2.8,2.8,-7.2],"to":[-0.4,10.8,-4.8],"rotation":{"origin":[-1.6,7.6000000000000005,-6.0],"angle":-22.5,"axis":"x"},"origin":[-4.0,19.0,-15.0],"faces":{"north":{"uv":[3.0,3.0,3.375,4.25],"texture":"#0","tintindex":0,"rotation":0},"east":{"uv":[3.0,3.0,3.375,4.25],"texture":"#0","tintindex":0,"rotation":0},"south":{"uv":[3.0,3.0,3.375,4.25],"texture":"#0","tintindex":0,"rotation":0},"west":{"uv":[3.0,3.0,3.375,4.25],"texture":"#0","tintindex":0,"rotation":0},"up":{"uv":[3.75,3.375,3.375,3.0],"texture":"#0","tintindex":0,"rotation":0},"down":{"uv":[3.75,3.0,3.375,3.375],"texture":"#0","tintindex":0,"rotation":0}}},{"from":[0.44,5.28,-7.04],"to":[2.76,7.0,-5.36],"rotation":{"origin":[2.4000000000000004,10.920000000000002,4.4],"angle":22.5,"axis":"x"},"origin":[6.0,27.3,11.0],"faces":{"north":{"uv":[5.375,2.25,5.75,2.5],"texture":"#0","tintindex":0,"rotation":0},"east":{"uv":[5.125,2.25,5.375,2.5],"texture":"#0","tintindex":0,"rotation":0},"south":{"uv":[5.375,2.25,5.75,2.5],"texture":"#0","tintindex":0,"rotation":0},"west":{"uv":[5.125,2.25,5.375,2.5],"texture":"#0","tintindex":0,"rotation":0},"up":{"uv":[5.75,2.5,5.375,2.25],"texture":"#0","tintindex":0,"rotation":0},"down":{"uv":[5.75,2.25,5.375,2.5],"texture":"#0","tintindex":0,"rotation":0}}},{"from":[0.4,2.8,-7.2],"to":[2.8,10.8,-4.8],"rotation":{"origin":[1.6,7.6000000000000005,-6.0],"angle":-22.5,"axis":"x"},"origin":[4.0,19.0,-15.0],"faces":{"north":{"uv":[3.0,3.0,3.375,4.25],"texture":"#0","tintindex":0,"rotation":0},"east":{"uv":[3.0,3.0,3.375,4.25],"texture":"#0","tintindex":0,"rotation":0},"south":{"uv":[3.0,3.0,3.375,4.25],"texture":"#0","tintindex":0,"rotation":0},"west":{"uv":[3.0,3.0,3.375,4.25],"texture":"#0","tintindex":0,"rotation":0},"up":{"uv":[3.75,3.375,3.375,3.0],"texture":"#0","tintindex":0,"rotation":0},"down":{"uv":[3.75,3.0,3.375,3.375],"texture":"#0","tintindex":0,"rotation":0}}},{"from":[-0.8,2.4,6.8],"to":[0.8,7.2,8.4],"rotation":{"origin":[0.0,3.6,4.800000000000001],"angle":-45.0,"axis":"x"},"origin":[0.0,9.0,12.0],"faces":{"north":{"uv":[6.375,7.125,6.625,7.875],"texture":"#0","tintindex":0,"rotation":0},"east":{"uv":[6.625,7.125,6.875,7.875],"texture":"#0","tintindex":0,"rotation":0},"south":{"uv":[7.125,6.625,7.375,7.375],"texture":"#0","tintindex":0,"rotation":0},"west":{"uv":[0.0,7.25,0.25,8.0],"texture":"#0","tintindex":0,"rotation":0},"up":{"uv":[7.875,8.25,7.625,8.0],"texture":"#0","tintindex":0,"rotation":0},"down":{"uv":[8.25,7.625,8.0,7.875],"texture":"#0","tintindex":0,"rotation":0}}},{"from":[-3.2,2.8,4.8],"to":[-0.8,10.8,7.2],"rotation":{"origin":[-2.0,7.6000000000000005,6.0],"angle":22.5,"axis":"x"},"origin":[-5.0,19.0,15.0],"faces":{"north":{"uv":[3.0,3.0,3.375,4.25],"texture":"#0","tintindex":0,"rotation":0},"east":{"uv":[3.0,3.0,3.375,4.25],"texture":"#0","tintindex":0,"rotation":0},"south":{"uv":[3.0,3.0,3.375,4.25],"texture":"#0","tintindex":0,"rotation":0},"west":{"uv":[3.0,3.0,3.375,4.25],"texture":"#0","tintindex":0,"rotation":0},"up":{"uv":[3.75,3.375,3.375,3.0],"texture":"#0","tintindex":0,"rotation":0},"down":{"uv":[3.75,3.0,3.375,3.375],"texture":"#0","tintindex":0,"rotation":0}}},{"from":[-0.8,1.6,-8.4],"to":[0.8,6.4,-6.8],"rotation":{"origin":[0.0,3.6,-4.0],"angle":45.0,"axis":"x"},"origin":[0.0,9.0,-10.0],"faces":{"north":{"uv":[0.25,7.25,0.5,8.0],"texture":"#0","tintindex":0,"rotation":0},"east":{"uv":[0.5,7.25,0.75,8.0],"texture":"#0","tintindex":0,"rotation":0},"south":{"uv":[0.75,7.25,1.0,8.0],"texture":"#0","tintindex":0,"rotation":0},"west":{"uv":[1.0,7.25,1.25,8.0],"texture":"#0","tintindex":0,"rotation":0},"up":{"uv":[8.125,8.25,7.875,8.0],"texture":"#0","tintindex":0,"rotation":0},"down":{"uv":[8.375,0.5,8.125,0.75],"texture":"#0","tintindex":0,"rotation":0}}},{"from":[-6.8,3.6,-5.2],"to":[-4.4,11.6,-2.8],"rotation":{"origin":[-2.8000000000000003,7.6000000000000005,-16.8],"angle":22.5,"axis":"z"},"origin":[-7.0,19.0,-42.0],"faces":{"north":{"uv":[3.0,3.0,3.375,4.25],"texture":"#0","tintindex":0,"rotation":0},"east":{"uv":[3.0,3.0,3.375,4.25],"texture":"#0","tintindex":0,"rotation":0},"south":{"uv":[3.0,3.0,3.375,4.25],"texture":"#0","tintindex":0,"rotation":0},"west":{"uv":[3.0,3.0,3.375,4.25],"texture":"#0","tintindex":0,"rotation":0},"up":{"uv":[3.75,3.375,3.375,3.0],"texture":"#0","tintindex":0,"rotation":0},"down":{"uv":[3.75,3.0,3.375,3.375],"texture":"#0","tintindex":0,"rotation":0}}},{"from":[-4.4,1.2,-4.8],"to":[-2.8,6.0,-3.2],"rotation":{"origin":[-1.6,7.6000000000000005,-16.8],"angle":-45.0,"axis":"z"},"origin":[-4.0,19.0,-42.0],"faces":{"north":{"uv":[1.25,7.25,1.5,8.0],"texture":"#0","tintindex":0,"rotation":0},"east":{"uv":[1.5,7.25,1.75,8.0],"texture":"#0","tintindex":0,"rotation":0},"south":{"uv":[1.75,7.25,2.0,8.0],"texture":"#0","tintindex":0,"rotation":0},"west":{"uv":[2.0,7.25,2.25,8.0],"texture":"#0","tintindex":0,"rotation":0},"up":{"uv":[8.375,1.625,8.125,1.375],"texture":"#0","tintindex":0,"rotation":0},"down":{"uv":[8.375,1.625,8.125,1.875],"texture":"#0","tintindex":0,"rotation":0}}},{"from":[-7.32,7.64,-5.16],"to":[-5.72,9.32,-2.84],"rotation":{"origin":[-2.4000000000000004,10.4,-8.4],"angle":-22.5,"axis":"z"},"origin":[-6.0,26.0,-21.0],"faces":{"north":{"uv":[5.125,2.25,5.375,2.5],"texture":"#0","tintindex":0,"rotation":0},"east":{"uv":[5.375,2.25,5.75,2.5],"texture":"#0","tintindex":0,"rotation":0},"south":{"uv":[5.125,2.25,5.375,2.5],"texture":"#0","tintindex":0,"rotation":0},"west":{"uv":[5.375,2.25,5.75,2.5],"texture":"#0","tintindex":0,"rotation":0},"up":{"uv":[5.375,2.875,5.125,2.5],"texture":"#0","tintindex":0,"rotation":0},"down":{"uv":[5.375,2.5,5.125,2.875],"texture":"#0","tintindex":0,"rotation":0}}},{"from":[-6.8,3.6,-1.2],"to":[-4.4,11.6,1.2],"rotation":{"origin":[-2.8000000000000003,7.6000000000000005,-12.8],"angle":22.5,"axis":"z"},"origin":[-7.0,19.0,-32.0],"faces":{"north":{"uv":[3.0,3.0,3.375,4.25],"texture":"#0","tintindex":0,"rotation":0},"east":{"uv":[3.0,3.0,3.375,4.25],"texture":"#0","tintindex":0,"rotation":0},"south":{"uv":[3.0,3.0,3.375,4.25],"texture":"#0","tintindex":0,"rotation":0},"west":{"uv":[3.0,3.0,3.375,4.25],"texture":"#0","tintindex":0,"rotation":0},"up":{"uv":[3.75,3.375,3.375,3.0],"texture":"#0","tintindex":0,"rotation":0},"down":{"uv":[3.75,3.0,3.375,3.375],"texture":"#0","tintindex":0,"rotation":0}}},{"from":[-4.4,1.2,-0.8],"to":[-2.8,6.0,0.8],"rotation":{"origin":[-1.6,7.6000000000000005,-12.8],"angle":-45.0,"axis":"z"},"origin":[-4.0,19.0,-32.0],"faces":{"north":{"uv":[2.25,7.25,2.5,8.0],"texture":"#0","tintindex":0,"rotation":0},"east":{"uv":[2.5,7.25,2.75,8.0],"texture":"#0","tintindex":0,"rotation":0},"south":{"uv":[2.75,7.25,3.0,8.0],"texture":"#0","tintindex":0,"rotation":0},"west":{"uv":[7.25,3.0,7.5,3.75],"texture":"#0","tintindex":0,"rotation":0},"up":{"uv":[8.375,3.25,8.125,3.0],"texture":"#0","tintindex":0,"rotation":0},"down":{"uv":[3.5,8.125,3.25,8.375],"texture":"#0","tintindex":0,"rotation":0}}},{"from":[-7.32,7.64,-1.16],"to":[-5.72,9.32,1.16],"rotation":{"origin":[-2.4000000000000004,10.4,-4.4],"angle":-22.5,"axis":"z"},"origin":[-6.0,26.0,-11.0],"faces":{"north":{"uv":[5.125,2.25,5.375,2.5],"texture":"#0","tintindex":0,"rotation":0},"east":{"uv":[5.375,2.25,5.75,2.5],"texture":"#0","tintindex":0,"rotation":0},"south":{"uv":[5.125,2.25,5.375,2.5],"texture":"#0","tintindex":0,"rotation":0},"west":{"uv":[5.375,2.25,5.75,2.5],"texture":"#0","tintindex":0,"rotation":0},"up":{"uv":[5.375,2.875,5.125,2.5],"texture":"#0","tintindex":0,"rotation":0},"down":{"uv":[5.375,2.5,5.125,2.875],"texture":"#0","tintindex":0,"rotation":0}}},{"from":[-6.8,3.6,3.2],"to":[-4.4,11.6,5.6],"rotation":{"origin":[-2.8000000000000003,7.6000000000000005,-8.4],"angle":22.5,"axis":"z"},"origin":[-7.0,19.0,-21.0],"faces":{"north":{"uv":[3.0,3.0,3.375,4.25],"texture":"#0","tintindex":0,"rotation":0},"east":{"uv":[3.0,3.0,3.375,4.25],"texture":"#0","tintindex":0,"rotation":0},"south":{"uv":[3.0,3.0,3.375,4.25],"texture":"#0","tintindex":0,"rotation":0},"west":{"uv":[3.0,3.0,3.375,4.25],"texture":"#0","tintindex":0,"rotation":0},"up":{"uv":[3.75,3.375,3.375,3.0],"texture":"#0","tintindex":0,"rotation":0},"down":{"uv":[3.75,3.0,3.375,3.375],"texture":"#0","tintindex":0,"rotation":0}}},{"from":[-5.6,6.0,-4.8],"to":[-4.8,7.6,4.8],"rotation":{"origin":[-5.2,5.2,0.0],"angle":22.5,"axis":"z"},"origin":[-13.0,13.0,0.0],"faces":{"north":{"uv":[4.5,4.25,4.625,4.5],"texture":"#0","tintindex":0,"rotation":0},"east":{"uv":[3.0,4.25,4.5,4.5],"texture":"#0","tintindex":0,"rotation":0},"south":{"uv":[4.5,4.25,4.625,4.5],"texture":"#0","tintindex":0,"rotation":0},"west":{"uv":[3.0,4.25,4.5,4.5],"texture":"#0","tintindex":0,"rotation":0},"up":{"uv":[4.75,5.75,4.625,4.25],"texture":"#0","tintindex":0,"rotation":0},"down":{"uv":[4.75,4.25,4.625,5.75],"texture":"#0","tintindex":0,"rotation":0}}},{"from":[-7.32,7.64,3.24],"to":[-5.72,9.32,5.56],"rotation":{"origin":[-2.4000000000000004,10.4,0.0],"angle":-22.5,"axis":"z"},"origin":[-6.0,26.0,0.0],"faces":{"north":{"uv":[5.125,2.25,5.375,2.5],"texture":"#0","tintindex":0,"rotation":0},"east":{"uv":[5.375,2.25,5.75,2.5],"texture":"#0","tintindex":0,"rotation":0},"south":{"uv":[5.125,2.25,5.375,2.5],"texture":"#0","tintindex":0,"rotation":0},"west":{"uv":[5.375,2.25,5.75,2.5],"texture":"#0","tintindex":0,"rotation":0},"up":{"uv":[5.375,2.875,5.125,2.5],"texture":"#0","tintindex":0,"rotation":0},"down":{"uv":[5.375,2.5,5.125,2.875],"texture":"#0","tintindex":0,"rotation":0}}},{"from":[6.4,3.6,-5.6],"to":[8.8,6.0,5.6],"origin":[0.0,0.0,0.0],"faces":{"north":{"uv":[3.0,2.625,3.375,3.0],"texture":"#0","tintindex":0,"rotation":0},"east":{"uv":[3.0,2.25,4.75,2.625],"texture":"#0","tintindex":0,"rotation":0},"south":{"uv":[3.0,2.625,3.375,3.0],"texture":"#0","tintindex":0,"rotation":0},"west":{"uv":[3.0,2.25,4.75,2.625],"texture":"#0","tintindex":0,"rotation":0},"up":{"uv":[5.125,4.0,4.75,2.25],"texture":"#0","tintindex":0,"rotation":0},"down":{"uv":[5.125,2.25,4.75,4.0],"texture":"#0","tintindex":0,"rotation":0}},"rotation":{"origin":[0.0,0.0,0.0],"angle":0.0,"axis":"x"}}],"display":{"head":{"scale":[4.0,4.0,4.0],"translation":[32.0,25.5,32.0]}}}