{"textures":{"0":"freeminecraftmodels:entity/tower_pedestal_snowy","1":"freeminecraftmodels:entity/ice_box_tower_texture_emerald"},"elements":[{"from":[-9.6,0.0,-9.6],"to":[9.6,3.6,9.6],"origin":[0.0,0.0,0.0],"faces":{"north":{"uv":[6.0,0.0,12.0,1.125],"texture":"#0","tintindex":0,"rotation":0},"east":{"uv":[6.0,0.0,12.0,1.125],"texture":"#0","tintindex":0,"rotation":0},"south":{"uv":[6.0,0.0,12.0,1.125],"texture":"#0","tintindex":0,"rotation":0},"west":{"uv":[6.0,0.0,12.0,1.125],"texture":"#0","tintindex":0,"rotation":0},"up":{"uv":[6.0,6.0,0.0,0.0],"texture":"#0","tintindex":0,"rotation":0},"down":{"uv":[6.0,0.0,0.0,6.0],"texture":"#0","tintindex":0,"rotation":0}},"rotation":{"origin":[0.0,0.0,0.0],"angle":0.0,"axis":"x"}},{"from":[-3.2,6.4,5.6],"to":[0.0,8.8,6.8],"rotation":{"origin":[-3.3000000000000003,7.9,2.0],"angle":22.5,"axis":"y"},"origin":[-8.25,19.75,5.0],"faces":{"north":{"uv":[0.75,3.375,1.75,4.125],"texture":"#1","tintindex":0,"rotation":0},"east":{"uv":[0.375,3.0,0.75,3.75],"texture":"#1","tintindex":0,"rotation":0},"south":{"uv":[0.75,3.375,1.75,4.125],"texture":"#1","tintindex":0,"rotation":0},"west":{"uv":[0.375,3.0,0.75,3.75],"texture":"#1","tintindex":0,"rotation":0},"up":{"uv":[0.75,3.0,1.75,3.375],"texture":"#1","tintindex":0,"rotation":0},"down":{"uv":[0.75,3.0,1.75,3.375],"texture":"#1","tintindex":0,"rotation":0}}},{"from":[-3.2,6.4,-2.0],"to":[0.0,8.8,-0.8],"rotation":{"origin":[-3.3000000000000003,7.9,2.0],"angle":22.5,"axis":"y"},"origin":[-8.25,19.75,5.0],"faces":{"north":{"uv":[0.75,3.375,1.75,4.125],"texture":"#1","tintindex":0,"rotation":0},"east":{"uv":[0.375,3.0,0.75,3.75],"texture":"#1","tintindex":0,"rotation":0},"south":{"uv":[0.75,3.375,1.75,4.125],"texture":"#1","tintindex":0,"rotation":0},"west":{"uv":[0.375,3.0,0.75,3.75],"texture":"#1","tintindex":0,"rotation":0},"up":{"uv":[0.75,3.0,1.75,3.375],"texture":"#1","tintindex":0,"rotation":0},"down":{"uv":[0.75,3.0,1.75,3.375],"texture":"#1","tintindex":0,"rotation":0}}},{"from":[-4.8,8.8,0.8],"to":[-3.2,10.0,4.0],"rotation":{"origin":[-3.3000000000000003,7.9,2.0],"angle":22.5,"axis":"y"},"origin":[-8.25,19.75,5.0],"faces":{"north":{"uv":[2.25,1.25,2.75,1.625],"texture":"#1","tintindex":0,"rotation":0},"east":{"uv":[2.75,1.25,3.75,1.625],"texture":"#1","tintindex":0,"rotation":0},"south":{"uv":[2.25,1.25,2.75,1.625],"texture":"#1","tintindex":0,"rotation":0},"west":{"uv":[2.75,1.25,3.75,1.625],"texture":"#1","tintindex":0,"rotation":0},"up":{"uv":[2.75,1.625,2.25,2.625],"texture":"#1","tintindex":0,"rotation":0},"down":{"uv":[2.25,1.625,2.75,2.625],"texture":"#1","tintindex":0,"rotation":0}}},{"from":[0.0,8.8,0.8],"to":[1.6,10.0,4.0],"rotation":{"origin":[-3.3000000000000003,7.9,2.0],"angle":22.5,"axis":"y"},"origin":[-8.25,19.75,5.0],"faces":{"north":{"uv":[2.25,1.25,2.75,1.625],"texture":"#1","tintindex":0,"rotation":0},"east":{"uv":[2.75,1.25,3.75,1.625],"texture":"#1","tintindex":0,"rotation":0},"south":{"uv":[2.25,1.25,2.75,1.625],"texture":"#1","tintindex":0,"rotation":0},"west":{"uv":[2.75,1.25,3.75,1.625],"texture":"#1","tintindex":0,"rotation":0},"up":{"uv":[2.25,1.625,2.75,2.625],"texture":"#1","tintindex":0,"rotation":0},"down":{"uv":[2.25,1.625,2.75,2.625],"texture":"#1","tintindex":0,"rotation":0}}},{"from":[-3.2,8.8,4.0],"to":[0.0,10.0,5.6],"rotation":{"origin":[-3.3000000000000003,7.9,2.0],"angle":22.5,"axis":"y"},"origin":[-8.25,19.75,5.0],"faces":{"north":{"uv":[2.25,0.875,3.25,1.25],"texture":"#1","tintindex":0,"rotation":0},"east":{"uv":[2.25,0.0,2.75,0.375],"texture":"#1","tintindex":0,"rotation":0},"south":{"uv":[2.25,0.875,3.25,1.25],"texture":"#1","tintindex":0,"rotation":0},"west":{"uv":[2.25,0.0,2.75,0.375],"texture":"#1","tintindex":0,"rotation":0},"up":{"uv":[2.25,0.375,3.25,0.875],"texture":"#1","tintindex":0,"rotation":0},"down":{"uv":[2.25,0.375,3.25,0.875],"texture":"#1","tintindex":0,"rotation":0}}},{"from":[-3.2,8.8,-0.8],"to":[0.0,10.0,0.8],"rotation":{"origin":[-3.3000000000000003,7.9,2.0],"angle":22.5,"axis":"y"},"origin":[-8.25,19.75,5.0],"faces":{"north":{"uv":[2.25,0.875,3.25,1.25],"texture":"#1","tintindex":0,"rotation":0},"east":{"uv":[2.25,0.0,2.75,0.375],"texture":"#1","tintindex":0,"rotation":0},"south":{"uv":[2.25,0.875,3.25,1.25],"texture":"#1","tintindex":0,"rotation":0},"west":{"uv":[2.25,0.0,2.75,0.375],"texture":"#1","tintindex":0,"rotation":0},"up":{"uv":[2.25,0.875,3.25,0.375],"texture":"#1","tintindex":0,"rotation":0},"down":{"uv":[2.25,0.375,3.25,0.875],"texture":"#1","tintindex":0,"rotation":0}}},{"from":[1.6,6.8,0.8],"to":[2.8,8.8,4.0],"rotation":{"origin":[-3.3000000000000003,7.9,2.0],"angle":22.5,"axis":"y"},"origin":[-8.25,19.75,5.0],"faces":{"north":{"uv":[0.0,2.375,0.375,3.0],"texture":"#1","tintindex":0,"rotation":0},"east":{"uv":[0.375,2.375,1.375,3.0],"texture":"#1","tintindex":0,"rotation":0},"south":{"uv":[0.0,2.375,0.375,3.0],"texture":"#1","tintindex":0,"rotation":0},"west":{"uv":[0.375,2.375,1.375,3.0],"texture":"#1","tintindex":0,"rotation":0},"up":{"uv":[0.0,3.0,0.375,4.0],"texture":"#1","tintindex":0,"rotation":0},"down":{"uv":[0.0,3.0,0.375,4.0],"texture":"#1","tintindex":0,"rotation":0}}},{"from":[-6.0,6.8,0.8],"to":[-4.8,8.8,4.0],"rotation":{"origin":[-3.3000000000000003,7.9,2.0],"angle":22.5,"axis":"y"},"origin":[-8.25,19.75,5.0],"faces":{"north":{"uv":[0.0,2.375,0.375,3.0],"texture":"#1","tintindex":0,"rotation":0},"east":{"uv":[0.375,2.375,1.375,3.0],"texture":"#1","tintindex":0,"rotation":0},"south":{"uv":[0.0,2.375,0.375,3.0],"texture":"#1","tintindex":0,"rotation":0},"west":{"uv":[0.375,2.375,1.375,3.0],"texture":"#1","tintindex":0,"rotation":0},"up":{"uv":[0.0,3.0,0.375,4.0],"texture":"#1","tintindex":0,"rotation":0},"down":{"uv":[0.0,3.0,0.375,4.0],"texture":"#1","tintindex":0,"rotation":0}}},{"from":[-3.2,3.6,-3.2],"to":[0.0,6.8,-2.0],"rotation":{"origin":[-3.3000000000000003,7.9,2.0],"angle":22.5,"axis":"y"},"origin":[-8.25,19.75,5.0],"faces":{"north":{"uv":[0.375,0.375,1.375,1.375],"texture":"#1","tintindex":0,"rotation":0},"east":{"uv":[0.0,0.0,0.375,1.0],"texture":"#1","tintindex":0,"rotation":0},"south":{"uv":[0.375,0.375,1.375,1.375],"texture":"#1","tintindex":0,"rotation":0},"west":{"uv":[0.0,0.0,0.375,1.0],"texture":"#1","tintindex":0,"rotation":0},"up":{"uv":[0.375,0.375,1.375,0.0],"texture":"#1","tintindex":0,"rotation":0},"down":{"uv":[0.375,0.0,1.375,0.375],"texture":"#1","tintindex":0,"rotation":0}}},{"from":[-3.2,3.6,6.8],"to":[0.0,6.8,8.0],"rotation":{"origin":[-3.3000000000000003,7.9,2.0],"angle":22.5,"axis":"y"},"origin":[-8.25,19.75,5.0],"faces":{"north":{"uv":[0.375,0.375,1.375,1.375],"texture":"#1","tintindex":0,"rotation":0},"east":{"uv":[0.0,0.0,0.375,1.0],"texture":"#1","tintindex":0,"rotation":0},"south":{"uv":[0.375,0.375,1.375,1.375],"texture":"#1","tintindex":0,"rotation":0},"west":{"uv":[0.0,0.0,0.375,1.0],"texture":"#1","tintindex":0,"rotation":0},"up":{"uv":[0.375,0.0,1.375,0.375],"texture":"#1","tintindex":0,"rotation":0},"down":{"uv":[0.375,0.0,1.375,0.375],"texture":"#1","tintindex":0,"rotation":0}}},{"from":[0.0,3.6,-2.0],"to":[1.6,6.8,-0.8],"rotation":{"origin":[-3.3000000000000003,7.9,2.0],"angle":22.5,"axis":"y"},"origin":[-8.25,19.75,5.0],"faces":{"north":{"uv":[1.75,0.375,2.25,1.375],"texture":"#1","tintindex":0,"rotation":0},"east":{"uv":[1.375,0.0,1.75,1.0],"texture":"#1","tintindex":0,"rotation":0},"south":{"uv":[1.75,0.375,2.25,1.375],"texture":"#1","tintindex":0,"rotation":0},"west":{"uv":[1.375,0.0,1.75,1.0],"texture":"#1","tintindex":0,"rotation":0},"up":{"uv":[1.75,0.375,2.25,0.0],"texture":"#1","tintindex":0,"rotation":0},"down":{"uv":[1.75,0.0,2.25,0.375],"texture":"#1","tintindex":0,"rotation":0}}},{"from":[-4.8,3.6,-2.0],"to":[-3.2,6.8,-0.8],"rotation":{"origin":[-3.3000000000000003,7.9,2.0],"angle":22.5,"axis":"y"},"origin":[-8.25,19.75,5.0],"faces":{"north":{"uv":[1.75,0.375,2.25,1.375],"texture":"#1","tintindex":0,"rotation":0},"east":{"uv":[1.375,0.0,1.75,1.0],"texture":"#1","tintindex":0,"rotation":0},"south":{"uv":[1.75,0.375,2.25,1.375],"texture":"#1","tintindex":0,"rotation":0},"west":{"uv":[1.375,0.0,1.75,1.0],"texture":"#1","tintindex":0,"rotation":0},"up":{"uv":[2.25,0.375,1.75,0.0],"texture":"#1","tintindex":0,"rotation":0},"down":{"uv":[1.75,0.0,2.25,0.375],"texture":"#1","tintindex":0,"rotation":0}}},{"from":[0.0,3.6,5.6],"to":[1.6,6.8,6.8],"rotation":{"origin":[-3.3000000000000003,7.9,2.0],"angle":22.5,"axis":"y"},"origin":[-8.25,19.75,5.0],"faces":{"north":{"uv":[1.75,0.375,2.25,1.375],"texture":"#1","tintindex":0,"rotation":0},"east":{"uv":[1.375,0.0,1.75,1.0],"texture":"#1","tintindex":0,"rotation":0},"south":{"uv":[1.75,0.375,2.25,1.375],"texture":"#1","tintindex":0,"rotation":0},"west":{"uv":[1.375,0.0,1.75,1.0],"texture":"#1","tintindex":0,"rotation":0},"up":{"uv":[1.75,0.0,2.25,0.375],"texture":"#1","tintindex":0,"rotation":0},"down":{"uv":[1.75,0.0,2.25,0.375],"texture":"#1","tintindex":0,"rotation":0}}},{"from":[-4.8,3.6,5.6],"to":[-3.2,6.8,6.8],"rotation":{"origin":[-3.3000000000000003,7.9,2.0],"angle":22.5,"axis":"y"},"origin":[-8.25,19.75,5.0],"faces":{"north":{"uv":[1.75,0.375,2.25,1.375],"texture":"#1","tintindex":0,"rotation":0},"east":{"uv":[1.375,0.0,1.75,1.0],"texture":"#1","tintindex":0,"rotation":0},"south":{"uv":[1.75,0.375,2.25,1.375],"texture":"#1","tintindex":0,"rotation":0},"west":{"uv":[1.375,0.0,1.75,1.0],"texture":"#1","tintindex":0,"rotation":0},"up":{"uv":[2.25,0.0,1.75,0.375],"texture":"#1","tintindex":0,"rotation":0},"down":{"uv":[1.75,0.0,2.25,0.375],"texture":"#1","tintindex":0,"rotation":0}}},{"from":[1.6,3.6,-0.8],"to":[2.8,6.8,1.6],"rotation":{"origin":[-3.3000000000000003,7.9,2.0],"angle":22.5,"axis":"y"},"origin":[-8.25,19.75,5.0],"faces":{"north":{"uv":[1.125,1.375,1.5,2.375],"texture":"#1","tintindex":0,"rotation":0},"east":{"uv":[0.375,1.375,1.125,2.375],"texture":"#1","tintindex":0,"rotation":0},"south":{"uv":[1.125,1.375,1.5,2.375],"texture":"#1","tintindex":0,"rotation":0},"west":{"uv":[0.375,1.375,1.125,2.375],"texture":"#1","tintindex":0,"rotation":0},"up":{"uv":[0.0,2.125,0.375,1.375],"texture":"#1","tintindex":0,"rotation":0},"down":{"uv":[0.0,1.375,0.375,2.125],"texture":"#1","tintindex":0,"rotation":0}}},{"from":[1.6,3.6,3.2],"to":[2.8,6.8,5.6],"rotation":{"origin":[-3.3000000000000003,7.9,2.0],"angle":22.5,"axis":"y"},"origin":[-8.25,19.75,5.0],"faces":{"north":{"uv":[1.125,1.375,1.5,2.375],"texture":"#1","tintindex":0,"rotation":0},"east":{"uv":[0.375,1.375,1.125,2.375],"texture":"#1","tintindex":0,"rotation":0},"south":{"uv":[1.125,1.375,1.5,2.375],"texture":"#1","tintindex":0,"rotation":0},"west":{"uv":[0.375,1.375,1.125,2.375],"texture":"#1","tintindex":0,"rotation":0},"up":{"uv":[0.0,1.375,0.375,2.125],"texture":"#1","tintindex":0,"rotation":0},"down":{"uv":[0.0,1.375,0.375,2.125],"texture":"#1","tintindex":0,"rotation":0}}},{"from":[-6.0,3.6,4.0],"to":[-4.8,6.8,5.6],"rotation":{"origin":[-3.3000000000000003,7.9,2.0],"angle":22.5,"axis":"y"},"origin":[-8.25,19.75,5.0],"faces":{"north":{"uv":[1.125,1.375,1.5,2.375],"texture":"#1","tintindex":0,"rotation":0},"east":{"uv":[0.375,1.375,0.875,2.375],"texture":"#1","tintindex":0,"rotation":0},"south":{"uv":[1.125,1.375,1.5,2.375],"texture":"#1","tintindex":0,"rotation":0},"west":{"uv":[0.375,1.375,0.875,2.375],"texture":"#1","tintindex":0,"rotation":0},"up":{"uv":[1.875,2.0,1.5,2.5],"texture":"#1","tintindex":0,"rotation":0},"down":{"uv":[0.0,1.375,0.375,1.875],"texture":"#1","tintindex":0,"rotation":0}}},{"from":[-6.0,3.6,-0.8],"to":[-4.8,6.8,0.8],"rotation":{"origin":[-3.3000000000000003,7.9,2.0],"angle":22.5,"axis":"y"},"origin":[-8.25,19.75,5.0],"faces":{"north":{"uv":[1.125,1.375,1.5,2.375],"texture":"#1","tintindex":0,"rotation":0},"east":{"uv":[0.375,1.375,0.875,2.375],"texture":"#1","tintindex":0,"rotation":0},"south":{"uv":[1.125,1.375,1.5,2.375],"texture":"#1","tintindex":0,"rotation":0},"west":{"uv":[0.375,1.375,0.875,2.375],"texture":"#1","tintindex":0,"rotation":0},"up":{"uv":[1.875,2.5,1.5,2.0],"texture":"#1","tintindex":0,"rotation":0},"down":{"uv":[0.0,1.375,0.375,1.875],"texture":"#1","tintindex":0,"rotation":0}}},{"from":[-7.2,3.6,0.8],"to":[-6.0,6.8,4.0],"rotation":{"origin":[-3.3000000000000003,7.9,2.0],"angle":22.5,"axis":"y"},"origin":[-8.25,19.75,5.0],"faces":{"north":{"uv":[6.25,0.0,6.625,1.0],"texture":"#1","tintindex":0,"rotation":0},"east":{"uv":[4.875,0.0,5.875,1.0],"texture":"#1","tintindex":0,"rotation":0},"south":{"uv":[6.25,0.0,6.625,1.0],"texture":"#1","tintindex":0,"rotation":0},"west":{"uv":[4.875,0.0,5.875,1.0],"texture":"#1","tintindex":0,"rotation":0},"up":{"uv":[5.875,0.0,6.25,1.0],"texture":"#1","tintindex":0,"rotation":0},"down":{"uv":[5.875,0.0,6.25,1.0],"texture":"#1","tintindex":0,"rotation":0}}},{"from":[-0.4,6.8,3.6],"to":[1.6,8.8,5.6],"rotation":{"origin":[-3.3000000000000003,7.9,2.0],"angle":22.5,"axis":"y"},"origin":[-8.25,19.75,5.0],"faces":{"north":{"uv":[1.5,1.375,2.125,2.0],"texture":"#1","tintindex":0,"rotation":0},"east":{"uv":[1.5,1.375,2.125,2.0],"texture":"#1","tintindex":0,"rotation":0},"south":{"uv":[1.5,1.375,2.125,2.0],"texture":"#1","tintindex":0,"rotation":0},"west":{"uv":[1.5,1.375,2.125,2.0],"texture":"#1","tintindex":0,"rotation":0},"up":{"uv":[1.5,1.375,2.125,2.0],"texture":"#1","tintindex":0,"rotation":0},"down":{"uv":[1.5,1.375,2.125,2.0],"texture":"#1","tintindex":0,"rotation":0}}},{"from":[-0.4,6.8,-0.8],"to":[1.6,8.8,1.2],"rotation":{"origin":[-3.3000000000000003,7.9,2.0],"angle":22.5,"axis":"y"},"origin":[-8.25,19.75,5.0],"faces":{"north":{"uv":[1.5,1.375,2.125,2.0],"texture":"#1","tintindex":0,"rotation":0},"east":{"uv":[1.5,1.375,2.125,2.0],"texture":"#1","tintindex":0,"rotation":0},"south":{"uv":[1.5,1.375,2.125,2.0],"texture":"#1","tintindex":0,"rotation":0},"west":{"uv":[1.5,1.375,2.125,2.0],"texture":"#1","tintindex":0,"rotation":0},"up":{"uv":[1.5,1.375,2.125,2.0],"texture":"#1","tintindex":0,"rotation":0},"down":{"uv":[1.5,1.375,2.125,2.0],"texture":"#1","tintindex":0,"rotation":0}}},{"from":[-4.8,6.8,-0.8],"to":[-2.8,8.8,1.2],"rotation":{"origin":[-3.3000000000000003,7.9,2.0],"angle":22.5,"axis":"y"},"origin":[-8.25,19.75,5.0],"faces":{"north":{"uv":[1.5,1.375,2.125,2.0],"texture":"#1","tintindex":0,"rotation":0},"east":{"uv":[1.5,1.375,2.125,2.0],"texture":"#1","tintindex":0,"rotation":0},"south":{"uv":[1.5,1.375,2.125,2.0],"texture":"#1","tintindex":0,"rotation":0},"west":{"uv":[1.5,1.375,2.125,2.0],"texture":"#1","tintindex":0,"rotation":0},"up":{"uv":[1.5,1.375,2.125,2.0],"texture":"#1","tintindex":0,"rotation":0},"down":{"uv":[1.5,1.375,2.125,2.0],"texture":"#1","tintindex":0,"rotation":0}}},{"from":[-4.8,6.8,3.6],"to":[-2.8,8.8,5.6],"rotation":{"origin":[-3.3000000000000003,7.9,2.0],"angle":22.5,"axis":"y"},"origin":[-8.25,19.75,5.0],"faces":{"north":{"uv":[1.5,1.375,2.125,2.0],"texture":"#1","tintindex":0,"rotation":0},"east":{"uv":[1.5,1.375,2.125,2.0],"texture":"#1","tintindex":0,"rotation":0},"south":{"uv":[1.5,1.375,2.125,2.0],"texture":"#1","tintindex":0,"rotation":0},"west":{"uv":[1.5,1.375,2.125,2.0],"texture":"#1","tintindex":0,"rotation":0},"up":{"uv":[1.5,1.375,2.125,2.0],"texture":"#1","tintindex":0,"rotation":0},"down":{"uv":[1.5,1.375,2.125,2.0],"texture":"#1","tintindex":0,"rotation":0}}},{"from":[-3.2,10.0,0.8],"to":[0.0,11.2,4.0],"rotation":{"origin":[-3.3000000000000003,7.9,2.0],"angle":22.5,"axis":"y"},"origin":[-8.25,19.75,5.0],"faces":{"north":{"uv":[2.75,0.0,3.75,0.375],"texture":"#1","tintindex":0,"rotation":0},"east":{"uv":[2.75,0.0,3.75,0.375],"texture":"#1","tintindex":0,"rotation":0},"south":{"uv":[2.75,0.0,3.75,0.375],"texture":"#1","tintindex":0,"rotation":0},"west":{"uv":[2.75,0.0,3.75,0.375],"texture":"#1","tintindex":0,"rotation":0},"up":{"uv":[2.75,1.625,3.75,2.625],"texture":"#1","tintindex":0,"rotation":0},"down":{"uv":[2.75,1.625,3.75,2.625],"texture":"#1","tintindex":0,"rotation":0}}},{"from":[2.8,3.6,0.4],"to":[5.2,6.8,1.6],"rotation":{"origin":[-3.3000000000000003,7.9,2.0],"angle":22.5,"axis":"y"},"origin":[-8.25,19.75,5.0],"faces":{"north":{"uv":[4.125,0.375,4.875,1.375],"texture":"#1","tintindex":0,"rotation":0},"east":{"uv":[3.75,0.375,4.125,1.375],"texture":"#1","tintindex":0,"rotation":0},"south":{"uv":[4.125,0.375,4.875,1.375],"texture":"#1","tintindex":0,"rotation":0},"west":{"uv":[3.75,0.375,4.125,1.375],"texture":"#1","tintindex":0,"rotation":0},"up":{"uv":[3.75,0.375,4.5,0.0],"texture":"#1","tintindex":0,"rotation":0},"down":{"uv":[3.75,0.0,4.5,0.375],"texture":"#1","tintindex":0,"rotation":0}}},{"from":[2.8,3.6,3.2],"to":[5.2,6.8,4.4],"rotation":{"origin":[-3.3000000000000003,7.9,2.0],"angle":22.5,"axis":"y"},"origin":[-8.25,19.75,5.0],"faces":{"north":{"uv":[4.125,0.375,4.875,1.375],"texture":"#1","tintindex":0,"rotation":0},"east":{"uv":[3.75,0.375,4.125,1.375],"texture":"#1","tintindex":0,"rotation":0},"south":{"uv":[4.125,0.375,4.875,1.375],"texture":"#1","tintindex":0,"rotation":0},"west":{"uv":[3.75,0.375,4.125,1.375],"texture":"#1","tintindex":0,"rotation":0},"up":{"uv":[3.75,0.0,4.5,0.375],"texture":"#1","tintindex":0,"rotation":0},"down":{"uv":[3.75,0.0,4.5,0.375],"texture":"#1","tintindex":0,"rotation":0}}},{"from":[2.8,6.8,1.6],"to":[5.2,8.0,3.2],"rotation":{"origin":[-3.3000000000000003,7.9,2.0],"angle":22.5,"axis":"y"},"origin":[-8.25,19.75,5.0],"faces":{"north":{"uv":[3.75,2.25,4.5,2.625],"texture":"#1","tintindex":0,"rotation":0},"east":{"uv":[3.75,1.375,4.25,1.75],"texture":"#1","tintindex":0,"rotation":0},"south":{"uv":[3.75,2.25,4.5,2.625],"texture":"#1","tintindex":0,"rotation":0},"west":{"uv":[3.75,1.375,4.25,1.75],"texture":"#1","tintindex":0,"rotation":0},"up":{"uv":[3.75,1.75,4.5,2.25],"texture":"#1","tintindex":0,"rotation":0},"down":{"uv":[3.75,1.75,4.5,2.25],"texture":"#1","tintindex":0,"rotation":0}}},{"from":[2.8845,3.6,-6.4819],"to":[6.4845,7.2,-2.8819],"rotation":{"origin":[5.130991284198793,9.8,-4.847895964313167],"angle":-22.5,"axis":"y"},"origin":[12.827478210496983,24.5,-12.119739910782917],"faces":{"north":{"uv":[0.0,4.125,1.125,5.125],"texture":"#1","tintindex":0,"rotation":0},"east":{"uv":[3.75,4.125,4.875,5.25],"texture":"#1","tintindex":0,"rotation":0},"south":{"uv":[0.0,4.125,1.125,5.125],"texture":"#1","tintindex":0,"rotation":0},"west":{"uv":[0.0,4.125,1.125,5.125],"texture":"#1","tintindex":0,"rotation":0},"up":{"uv":[0.0,4.125,1.125,5.25],"texture":"#1","tintindex":0,"rotation":0},"down":{"uv":[0.0,4.125,1.125,5.25],"texture":"#1","tintindex":0,"rotation":0}}},{"from":[3.2845,7.2,-6.0819],"to":[6.0845,10.0,-3.2819],"rotation":{"origin":[5.130991284198793,10.200000000000001,-4.847895964313167],"angle":-22.5,"axis":"y"},"origin":[12.827478210496983,25.5,-12.119739910782917],"faces":{"north":{"uv":[1.125,4.125,2.0,5.0],"texture":"#1","tintindex":0,"rotation":0},"east":{"uv":[4.875,4.125,5.75,5.0],"texture":"#1","tintindex":0,"rotation":0},"south":{"uv":[1.125,4.125,2.0,5.0],"texture":"#1","tintindex":0,"rotation":0},"west":{"uv":[1.125,4.125,2.0,5.0],"texture":"#1","tintindex":0,"rotation":0},"up":{"uv":[1.125,4.125,2.0,5.0],"texture":"#1","tintindex":0,"rotation":0},"down":{"uv":[1.125,4.125,2.0,5.0],"texture":"#1","tintindex":0,"rotation":0}}},{"from":[3.1845,10.0,-6.1819],"to":[6.1845,12.8,-3.1819],"rotation":{"origin":[5.130991284198793,10.200000000000001,-4.847895964313167],"angle":-22.5,"axis":"y"},"origin":[12.827478210496983,25.5,-12.119739910782917],"faces":{"north":{"uv":[2.2875,4.1,3.225,4.975],"texture":"#1","tintindex":0,"rotation":0},"east":{"uv":[2.2875,5.1,3.225,5.975],"texture":"#1","tintindex":0,"rotation":0},"south":{"uv":[2.2875,4.1,3.225,4.975],"texture":"#1","tintindex":0,"rotation":0},"west":{"uv":[2.2875,4.1,3.225,4.975],"texture":"#1","tintindex":0,"rotation":0},"up":{"uv":[2.2875,4.1,3.225,5.0375],"texture":"#1","tintindex":0,"rotation":0},"down":{"uv":[2.2875,4.1,3.225,5.0375],"texture":"#1","tintindex":0,"rotation":0}}},{"from":[5.8875,11.2,-4.2235],"to":[7.4875,11.6,-3.8235],"rotation":{"origin":[6.687495553919793,11.4,-4.023466158330893],"angle":-22.5,"axis":"y"},"origin":[16.718738884799482,28.5,-10.058665395827234],"faces":{"north":{"uv":[3.25,4.25,3.75,4.375],"texture":"#1","tintindex":0,"rotation":0},"east":{"uv":[3.25,4.125,3.375,4.25],"texture":"#1","tintindex":0,"rotation":0},"south":{"uv":[3.25,4.25,3.75,4.375],"texture":"#1","tintindex":0,"rotation":0},"west":{"uv":[3.25,4.125,3.375,4.25],"texture":"#1","tintindex":0,"rotation":0},"up":{"uv":[3.25,4.25,3.75,4.375],"texture":"#1","tintindex":0,"rotation":0},"down":{"uv":[3.25,4.25,3.75,4.375],"texture":"#1","tintindex":0,"rotation":0}}},{"from":[3.2845,13.6,-6.0819],"to":[6.0845,16.0,-3.2819],"rotation":{"origin":[5.130991284198793,10.200000000000001,-4.847895964313167],"angle":-22.5,"axis":"y"},"origin":[12.827478210496983,25.5,-12.119739910782917],"faces":{"north":{"uv":[0.0,5.5,0.875,6.25],"texture":"#1","tintindex":0,"rotation":0},"east":{"uv":[0.0,5.5,0.875,6.25],"texture":"#1","tintindex":0,"rotation":0},"south":{"uv":[0.0,5.5,0.875,6.25],"texture":"#1","tintindex":0,"rotation":0},"west":{"uv":[0.0,5.5,0.875,6.25],"texture":"#1","tintindex":0,"rotation":0},"up":{"uv":[0.0,6.25,0.875,7.125],"texture":"#1","tintindex":0,"rotation":0},"down":{"uv":[0.0,6.25,0.875,7.125],"texture":"#1","tintindex":0,"rotation":0}}},{"from":[2.8845,12.8,-6.4819],"to":[6.4845,13.6,-2.8819],"rotation":{"origin":[5.130991284198793,10.200000000000001,-4.847895964313167],"angle":-22.5,"axis":"y"},"origin":[12.827478210496983,25.5,-12.119739910782917],"faces":{"north":{"uv":[0.0,5.25,1.125,5.5],"texture":"#1","tintindex":0,"rotation":0},"east":{"uv":[0.0,5.25,1.125,5.5],"texture":"#1","tintindex":0,"rotation":0},"south":{"uv":[0.0,5.25,1.125,5.5],"texture":"#1","tintindex":0,"rotation":0},"west":{"uv":[0.0,5.25,1.125,5.5],"texture":"#1","tintindex":0,"rotation":0},"up":{"uv":[1.125,5.25,2.25,6.375],"texture":"#1","tintindex":0,"rotation":0},"down":{"uv":[1.125,5.25,2.25,6.375],"texture":"#1","tintindex":0,"rotation":0}}},{"from":[4.5395,6.5576,-6.1021],"to":[4.9395,9.3576,-5.7021],"rotation":{"origin":[5.130991284198793,10.200000000000001,-4.847895964313167],"angle":22.499999999999993,"axis":"x"},"origin":[12.827478210496983,25.5,-12.119739910782917],"faces":{"north":{"uv":[2.0,4.125,2.125,5.0],"texture":"#1","tintindex":0,"rotation":0},"east":{"uv":[2.0,4.125,2.125,5.0],"texture":"#1","tintindex":0,"rotation":0},"south":{"uv":[2.0,4.125,2.125,5.0],"texture":"#1","tintindex":0,"rotation":0},"west":{"uv":[2.0,4.125,2.125,5.0],"texture":"#1","tintindex":0,"rotation":0},"up":{"uv":[2.0,4.125,2.125,4.25],"texture":"#1","tintindex":0,"rotation":0},"down":{"uv":[2.0,4.125,2.125,4.25],"texture":"#1","tintindex":0,"rotation":0}}},{"from":[4.5395,6.4382,-3.6921],"to":[4.9395,9.2382,-3.2921],"rotation":{"origin":[5.130991284198793,10.200000000000001,-4.847895964313167],"angle":-22.5,"axis":"x"},"origin":[12.827478210496983,25.5,-12.119739910782917],"faces":{"north":{"uv":[2.0,4.125,2.125,5.0],"texture":"#1","tintindex":0,"rotation":0},"east":{"uv":[2.0,4.125,2.125,5.0],"texture":"#1","tintindex":0,"rotation":0},"south":{"uv":[2.0,4.125,2.125,5.0],"texture":"#1","tintindex":0,"rotation":0},"west":{"uv":[2.0,4.125,2.125,5.0],"texture":"#1","tintindex":0,"rotation":0},"up":{"uv":[2.0,4.125,2.125,4.25],"texture":"#1","tintindex":0,"rotation":0},"down":{"uv":[2.0,4.125,2.125,4.25],"texture":"#1","tintindex":0,"rotation":0}}},{"from":[4.0,9.2,-6.8],"to":[6.8,10.0,-6.4],"rotation":{"origin":[4.800000000000001,10.0,-7.0],"angle":-22.5,"axis":"y"},"origin":[12.0,25.0,-17.5],"faces":{"north":{"uv":[2.875,7.125,3.75,7.375],"texture":"#1","tintindex":0,"rotation":0},"east":{"uv":[0.875,7.125,1.0,7.375],"texture":"#1","tintindex":0,"rotation":0},"south":{"uv":[2.0,7.125,2.875,7.375],"texture":"#1","tintindex":0,"rotation":0},"west":{"uv":[0.875,7.125,1.0,7.375],"texture":"#1","tintindex":0,"rotation":0},"up":{"uv":[0.0,8.25,0.875,8.375],"texture":"#1","tintindex":0,"rotation":0},"down":{"uv":[0.0,7.125,0.875,7.25],"texture":"#1","tintindex":0,"rotation":0}}},{"from":[4.0,9.2,-3.6],"to":[6.8,10.0,-3.2],"rotation":{"origin":[4.800000000000001,10.0,-7.0],"angle":-22.5,"axis":"y"},"origin":[12.0,25.0,-17.5],"faces":{"north":{"uv":[2.875,7.125,3.75,7.375],"texture":"#1","tintindex":0,"rotation":0},"east":{"uv":[0.875,7.125,1.0,7.375],"texture":"#1","tintindex":0,"rotation":0},"south":{"uv":[2.0,7.125,2.875,7.375],"texture":"#1","tintindex":0,"rotation":0},"west":{"uv":[0.875,7.125,1.0,7.375],"texture":"#1","tintindex":0,"rotation":0},"up":{"uv":[0.0,8.25,0.875,8.375],"texture":"#1","tintindex":0,"rotation":0},"down":{"uv":[0.0,7.125,0.875,7.25],"texture":"#1","tintindex":0,"rotation":0}}},{"from":[3.6,9.2,-6.8],"to":[4.0,10.0,-3.2],"rotation":{"origin":[4.800000000000001,10.0,-7.0],"angle":-22.5,"axis":"y"},"origin":[12.0,25.0,-17.5],"faces":{"north":{"uv":[1.125,7.375,1.25,7.625],"texture":"#1","tintindex":0,"rotation":0},"east":{"uv":[0.875,7.125,2.0,7.375],"texture":"#1","tintindex":0,"rotation":0},"south":{"uv":[1.125,7.375,1.25,7.625],"texture":"#1","tintindex":0,"rotation":0},"west":{"uv":[0.875,7.125,2.0,7.375],"texture":"#1","tintindex":0,"rotation":0},"up":{"uv":[0.0,7.125,0.125,8.25],"texture":"#1","tintindex":0,"rotation":0},"down":{"uv":[0.0,7.125,0.125,8.25],"texture":"#1","tintindex":0,"rotation":0}}},{"from":[6.8,9.2,-6.8],"to":[7.2,10.0,-3.2],"rotation":{"origin":[4.800000000000001,10.0,-7.0],"angle":-22.5,"axis":"y"},"origin":[12.0,25.0,-17.5],"faces":{"north":{"uv":[1.125,7.375,1.25,7.625],"texture":"#1","tintindex":0,"rotation":0},"east":{"uv":[0.875,7.125,2.0,7.375],"texture":"#1","tintindex":0,"rotation":0},"south":{"uv":[1.125,7.375,1.25,7.625],"texture":"#1","tintindex":0,"rotation":0},"west":{"uv":[0.875,7.125,2.0,7.375],"texture":"#1","tintindex":0,"rotation":0},"up":{"uv":[0.0,7.125,0.125,8.25],"texture":"#1","tintindex":0,"rotation":0},"down":{"uv":[0.0,7.125,0.125,8.25],"texture":"#1","tintindex":0,"rotation":0}}},{"from":[7.24,7.6,-6.0],"to":[7.24,10.0,-5.2],"rotation":{"origin":[4.800000000000001,10.0,-7.0],"angle":-22.5,"axis":"y"},"origin":[12.0,25.0,-17.5],"faces":{"north":{"uv":[2.875,7.125,2.875,7.875],"texture":"#1","tintindex":0,"rotation":0},"east":{"uv":[0.625,7.25,0.875,8.0],"texture":"#1","tintindex":0,"rotation":0},"south":{"uv":[2.0,7.125,2.0,7.875],"texture":"#1","tintindex":0,"rotation":0},"west":{"uv":[0.625,7.25,0.875,8.0],"texture":"#1","tintindex":0,"rotation":0},"up":{"uv":[0.0,7.125,0.0,7.375],"texture":"#1","tintindex":0,"rotation":0},"down":{"uv":[0.0,7.125,0.0,7.375],"texture":"#1","tintindex":0,"rotation":0}}}],"display":{"head":{"scale":[4.0,4.0,4.0],"translation":[32.0,25.5,32.0]}}}