{"textures":{"0":"freeminecraftmodels:entity/basic_tower_texture_emerald"},"elements":[{"from":[-9.6,-1.2000000000000028,-9.6],"to":[9.6,2.3999999999999972,9.6],"origin":[0.0,0.0,0.0],"faces":{"north":{"uv":[3.0,0.0,6.0,0.5625],"texture":"#0","tintindex":0,"rotation":0},"east":{"uv":[3.0,0.0,6.0,0.5625],"texture":"#0","tintindex":0,"rotation":0},"south":{"uv":[3.0,0.0,6.0,0.5625],"texture":"#0","tintindex":0,"rotation":0},"west":{"uv":[3.0,0.0,6.0,0.5625],"texture":"#0","tintindex":0,"rotation":0},"up":{"uv":[3.0,3.0,0.0,0.0],"texture":"#0","tintindex":0,"rotation":0},"down":{"uv":[3.0,0.0,0.0,3.0],"texture":"#0","tintindex":0,"rotation":0}},"rotation":{"origin":[0.0,-1.2000000000000028,0.0],"angle":0.0,"axis":"x"}},{"from":[-5.6,2.3999999999999972,-5.6],"to":[5.6,23.999999999999996,5.6],"origin":[0.0,0.0,0.0],"faces":{"north":{"uv":[14.25,2.375,16.0,5.75],"texture":"#0","tintindex":0,"rotation":0},"east":{"uv":[14.25,2.375,16.0,5.75],"texture":"#0","tintindex":0,"rotation":0},"south":{"uv":[14.25,2.375,16.0,5.75],"texture":"#0","tintindex":0,"rotation":0},"west":{"uv":[14.25,2.375,16.0,5.75],"texture":"#0","tintindex":0,"rotation":0},"up":{"uv":[4.75,2.3125,3.0,0.5625],"texture":"#0","tintindex":0,"rotation":0},"down":{"uv":[4.75,0.5625,3.0,2.3125],"texture":"#0","tintindex":0,"rotation":0}},"rotation":{"origin":[0.0,-1.2000000000000028,0.0],"angle":0.0,"axis":"x"}},{"from":[-8.4,23.999999999999996,-8.4],"to":[8.4,26.4,8.4],"origin":[0.0,0.0,0.0],"faces":{"north":{"uv":[13.375,5.75,16.0,6.125],"texture":"#0","tintindex":0,"rotation":0},"east":{"uv":[13.375,5.75,16.0,6.125],"texture":"#0","tintindex":0,"rotation":0},"south":{"uv":[13.375,5.75,16.0,6.125],"texture":"#0","tintindex":0,"rotation":0},"west":{"uv":[13.375,5.75,16.0,6.125],"texture":"#0","tintindex":0,"rotation":0},"up":{"uv":[2.625,5.625,0.0,3.0],"texture":"#0","tintindex":0,"rotation":0},"down":{"uv":[2.625,3.0,0.0,5.625],"texture":"#0","tintindex":0,"rotation":0}},"rotation":{"origin":[0.0,-1.2000000000000028,0.0],"angle":0.0,"axis":"x"}},{"from":[-8.4,26.4,3.6],"to":[-3.6,32.0,8.4],"origin":[0.0,0.0,0.0],"faces":{"north":{"uv":[13.5,4.0,14.25,4.875],"texture":"#0","tintindex":0,"rotation":0},"east":{"uv":[13.5,4.0,14.25,4.875],"texture":"#0","tintindex":0,"rotation":0},"south":{"uv":[12.75,4.875,13.5,5.75],"texture":"#0","tintindex":0,"rotation":0},"west":{"uv":[13.5,4.875,14.25,5.75],"texture":"#0","tintindex":0,"rotation":0},"up":{"uv":[14.25,4.0,13.5,3.25],"texture":"#0","tintindex":0,"rotation":0},"down":{"uv":[10.625,3.1875,9.875,3.9375],"texture":"#0","tintindex":0,"rotation":0}},"rotation":{"origin":[0.0,-1.2000000000000028,0.0],"angle":0.0,"axis":"x"}},{"from":[3.6,26.4,3.6],"to":[8.4,32.0,8.4],"origin":[0.0,0.0,0.0],"faces":{"north":{"uv":[13.5,4.0,14.25,4.875],"texture":"#0","tintindex":0,"rotation":0},"east":{"uv":[12.75,4.875,13.5,5.75],"texture":"#0","tintindex":0,"rotation":0},"south":{"uv":[13.5,4.875,14.25,5.75],"texture":"#0","tintindex":0,"rotation":0},"west":{"uv":[13.5,4.0,14.25,4.875],"texture":"#0","tintindex":0,"rotation":0},"up":{"uv":[14.25,4.0,13.5,3.25],"texture":"#0","tintindex":0,"rotation":0},"down":{"uv":[14.25,3.25,13.5,4.0],"texture":"#0","tintindex":0,"rotation":0}},"rotation":{"origin":[0.0,-1.2000000000000028,0.0],"angle":0.0,"axis":"x"}},{"from":[3.6,26.4,-8.4],"to":[8.4,32.0,-3.6],"origin":[0.0,0.0,0.0],"faces":{"north":{"uv":[12.75,4.875,13.5,5.75],"texture":"#0","tintindex":0,"rotation":0},"east":{"uv":[13.5,4.875,14.25,5.75],"texture":"#0","tintindex":0,"rotation":0},"south":{"uv":[13.5,4.0,14.25,4.875],"texture":"#0","tintindex":0,"rotation":0},"west":{"uv":[13.5,4.0,14.25,4.875],"texture":"#0","tintindex":0,"rotation":0},"up":{"uv":[14.25,4.0,13.5,3.25],"texture":"#0","tintindex":0,"rotation":0},"down":{"uv":[5.25,10.1875,4.5,10.9375],"texture":"#0","tintindex":0,"rotation":0}},"rotation":{"origin":[0.0,-1.2000000000000028,0.0],"angle":0.0,"axis":"x"}},{"from":[4.0,19.999999999999996,-7.2],"to":[7.2,23.999999999999996,-4.0],"origin":[0.0,0.0,0.0],"faces":{"north":{"uv":[13.75,0.4375,14.25,1.0625],"texture":"#0","tintindex":0,"rotation":0},"east":{"uv":[13.75,0.4375,14.25,1.0625],"texture":"#0","tintindex":0,"rotation":0},"south":{"uv":[13.75,0.4375,14.25,1.0625],"texture":"#0","tintindex":0,"rotation":0},"west":{"uv":[13.75,0.4375,14.25,1.0625],"texture":"#0","tintindex":0,"rotation":0},"up":{"uv":[1.5,11.5,1.0,11.0],"texture":"#0","tintindex":0,"rotation":0},"down":{"uv":[14.625,1.375,14.125,1.875],"texture":"#0","tintindex":0,"rotation":0}},"rotation":{"origin":[0.0,-1.2000000000000028,0.0],"angle":0.0,"axis":"x"}},{"from":[-7.2,19.999999999999996,-7.2],"to":[-4.0,23.999999999999996,-4.0],"origin":[0.0,0.0,0.0],"faces":{"north":{"uv":[13.75,0.4375,14.25,1.0625],"texture":"#0","tintindex":0,"rotation":0},"east":{"uv":[13.75,0.4375,14.25,1.0625],"texture":"#0","tintindex":0,"rotation":0},"south":{"uv":[13.75,0.4375,14.25,1.0625],"texture":"#0","tintindex":0,"rotation":0},"west":{"uv":[13.75,0.4375,14.25,1.0625],"texture":"#0","tintindex":0,"rotation":0},"up":{"uv":[6.3125,11.5625,5.8125,11.0625],"texture":"#0","tintindex":0,"rotation":0},"down":{"uv":[14.625,1.375,14.125,1.875],"texture":"#0","tintindex":0,"rotation":0}},"rotation":{"origin":[0.0,-1.2000000000000028,0.0],"angle":0.0,"axis":"x"}},{"from":[-7.2,19.999999999999996,4.0],"to":[-4.0,23.999999999999996,7.2],"origin":[0.0,0.0,0.0],"faces":{"north":{"uv":[13.75,0.4375,14.25,1.0625],"texture":"#0","tintindex":0,"rotation":0},"east":{"uv":[13.75,0.4375,14.25,1.0625],"texture":"#0","tintindex":0,"rotation":0},"south":{"uv":[13.75,0.4375,14.25,1.0625],"texture":"#0","tintindex":0,"rotation":0},"west":{"uv":[13.75,0.4375,14.25,1.0625],"texture":"#0","tintindex":0,"rotation":0},"up":{"uv":[11.625,4.0625,11.125,3.5625],"texture":"#0","tintindex":0,"rotation":0},"down":{"uv":[14.625,1.375,14.125,1.875],"texture":"#0","tintindex":0,"rotation":0}},"rotation":{"origin":[0.0,-1.2000000000000028,0.0],"angle":0.0,"axis":"x"}},{"from":[4.0,19.999999999999996,4.0],"to":[7.2,23.999999999999996,7.2],"origin":[0.0,0.0,0.0],"faces":{"north":{"uv":[13.75,0.4375,14.25,1.0625],"texture":"#0","tintindex":0,"rotation":0},"east":{"uv":[13.75,0.4375,14.25,1.0625],"texture":"#0","tintindex":0,"rotation":0},"south":{"uv":[13.75,0.4375,14.25,1.0625],"texture":"#0","tintindex":0,"rotation":0},"west":{"uv":[13.75,0.4375,14.25,1.0625],"texture":"#0","tintindex":0,"rotation":0},"up":{"uv":[14.625,1.875,14.125,1.375],"texture":"#0","tintindex":0,"rotation":0},"down":{"uv":[14.625,1.375,14.125,1.875],"texture":"#0","tintindex":0,"rotation":0}},"rotation":{"origin":[0.0,-1.2000000000000028,0.0],"angle":0.0,"axis":"x"}},{"from":[4.4,16.799999999999997,-6.8],"to":[6.8,19.999999999999996,-4.4],"origin":[0.0,0.0,0.0],"faces":{"north":{"uv":[14.25,0.5,14.625,1.0],"texture":"#0","tintindex":0,"rotation":0},"east":{"uv":[14.25,0.5,14.625,1.0],"texture":"#0","tintindex":0,"rotation":0},"south":{"uv":[14.25,0.5,14.625,1.0],"texture":"#0","tintindex":0,"rotation":0},"west":{"uv":[14.25,0.5,14.625,1.0],"texture":"#0","tintindex":0,"rotation":0},"up":{"uv":[11.9375,6.4375,11.5625,6.0625],"texture":"#0","tintindex":0,"rotation":0},"down":{"uv":[14.625,1.0,14.25,1.375],"texture":"#0","tintindex":0,"rotation":0}},"rotation":{"origin":[0.0,-1.2000000000000028,0.0],"angle":0.0,"axis":"x"}},{"from":[4.4,16.799999999999997,4.4],"to":[6.8,19.999999999999996,6.8],"origin":[0.0,0.0,0.0],"faces":{"north":{"uv":[14.25,0.5,14.625,1.0],"texture":"#0","tintindex":0,"rotation":0},"east":{"uv":[14.25,0.5,14.625,1.0],"texture":"#0","tintindex":0,"rotation":0},"south":{"uv":[14.25,0.5,14.625,1.0],"texture":"#0","tintindex":0,"rotation":0},"west":{"uv":[14.25,0.5,14.625,1.0],"texture":"#0","tintindex":0,"rotation":0},"up":{"uv":[14.625,1.375,14.25,1.0],"texture":"#0","tintindex":0,"rotation":0},"down":{"uv":[14.625,1.0,14.25,1.375],"texture":"#0","tintindex":0,"rotation":0}},"rotation":{"origin":[0.0,-1.2000000000000028,0.0],"angle":0.0,"axis":"x"}},{"from":[-6.8,16.799999999999997,4.4],"to":[-4.4,19.999999999999996,6.8],"origin":[0.0,0.0,0.0],"faces":{"north":{"uv":[14.25,0.5,14.625,1.0],"texture":"#0","tintindex":0,"rotation":0},"east":{"uv":[14.25,0.5,14.625,1.0],"texture":"#0","tintindex":0,"rotation":0},"south":{"uv":[14.25,0.5,14.625,1.0],"texture":"#0","tintindex":0,"rotation":0},"west":{"uv":[14.25,0.5,14.625,1.0],"texture":"#0","tintindex":0,"rotation":0},"up":{"uv":[9.9375,11.9375,9.5625,11.5625],"texture":"#0","tintindex":0,"rotation":0},"down":{"uv":[14.625,1.0,14.25,1.375],"texture":"#0","tintindex":0,"rotation":0}},"rotation":{"origin":[0.0,-1.2000000000000028,0.0],"angle":0.0,"axis":"x"}},{"from":[-6.8,16.799999999999997,-6.8],"to":[-4.4,19.999999999999996,-4.4],"origin":[0.0,0.0,0.0],"faces":{"north":{"uv":[14.25,0.5,14.625,1.0],"texture":"#0","tintindex":0,"rotation":0},"east":{"uv":[14.25,0.5,14.625,1.0],"texture":"#0","tintindex":0,"rotation":0},"south":{"uv":[14.25,0.5,14.625,1.0],"texture":"#0","tintindex":0,"rotation":0},"west":{"uv":[14.25,0.5,14.625,1.0],"texture":"#0","tintindex":0,"rotation":0},"up":{"uv":[0.375,12.0,0.0,11.625],"texture":"#0","tintindex":0,"rotation":0},"down":{"uv":[14.625,1.0,14.25,1.375],"texture":"#0","tintindex":0,"rotation":0}},"rotation":{"origin":[0.0,-1.2000000000000028,0.0],"angle":0.0,"axis":"x"}},{"from":[-8.4,26.4,-8.4],"to":[-3.6,32.0,-3.6],"origin":[0.0,0.0,0.0],"faces":{"north":{"uv":[13.5,4.875,14.25,5.75],"texture":"#0","tintindex":0,"rotation":0},"east":{"uv":[13.5,4.0,14.25,4.875],"texture":"#0","tintindex":0,"rotation":0},"south":{"uv":[13.5,4.0,14.25,4.875],"texture":"#0","tintindex":0,"rotation":0},"west":{"uv":[12.75,4.875,13.5,5.75],"texture":"#0","tintindex":0,"rotation":0},"up":{"uv":[14.25,4.0,13.5,3.25],"texture":"#0","tintindex":0,"rotation":0},"down":{"uv":[1.5,10.25,0.75,11.0],"texture":"#0","tintindex":0,"rotation":0}},"rotation":{"origin":[0.0,-1.2000000000000028,0.0],"angle":0.0,"axis":"x"}},{"from":[-8.4,26.4,-3.6],"to":[-3.6,28.799999999999997,3.6],"origin":[0.0,0.0,0.0],"faces":{"north":{"uv":[7.375,4.6875,8.125,5.0625],"texture":"#0","tintindex":0,"rotation":0},"east":{"uv":[14.875,7.25,16.0,7.625],"texture":"#0","tintindex":0,"rotation":0},"south":{"uv":[1.75,8.25,2.5,8.625],"texture":"#0","tintindex":0,"rotation":0},"west":{"uv":[14.875,6.125,16.0,6.5],"texture":"#0","tintindex":0,"rotation":0},"up":{"uv":[14.875,7.25,14.125,6.125],"texture":"#0","tintindex":0,"rotation":0},"down":{"uv":[2.5,7.125,1.75,8.25],"texture":"#0","tintindex":0,"rotation":0}},"rotation":{"origin":[0.0,-1.2000000000000028,0.0],"angle":0.0,"axis":"x"}},{"from":[3.6,26.4,-3.6],"to":[8.4,28.799999999999997,3.6],"origin":[0.0,0.0,0.0],"faces":{"north":{"uv":[10.625,4.1875,11.375,4.5625],"texture":"#0","tintindex":0,"rotation":0},"east":{"uv":[14.875,6.125,16.0,6.5],"texture":"#0","tintindex":0,"rotation":0},"south":{"uv":[10.8125,6.0625,11.5625,6.4375],"texture":"#0","tintindex":0,"rotation":0},"west":{"uv":[14.875,7.25,16.0,7.625],"texture":"#0","tintindex":0,"rotation":0},"up":{"uv":[14.875,7.25,14.125,6.125],"texture":"#0","tintindex":0,"rotation":0},"down":{"uv":[5.875,8.625,5.125,9.75],"texture":"#0","tintindex":0,"rotation":0}},"rotation":{"origin":[0.0,-1.2000000000000028,0.0],"angle":0.0,"axis":"x"}},{"from":[-3.6,26.4,3.6],"to":[3.6,28.799999999999997,8.4],"origin":[0.0,0.0,0.0],"faces":{"north":{"uv":[14.875,7.25,16.0,7.625],"texture":"#0","tintindex":0,"rotation":0},"east":{"uv":[11.0,1.25,11.75,1.625],"texture":"#0","tintindex":0,"rotation":0},"south":{"uv":[14.875,6.125,16.0,6.5],"texture":"#0","tintindex":0,"rotation":0},"west":{"uv":[11.0,4.5625,11.75,4.9375],"texture":"#0","tintindex":0,"rotation":0},"up":{"uv":[16.0,7.25,14.875,6.5],"texture":"#0","tintindex":0,"rotation":0},"down":{"uv":[9.875,3.1875,8.75,3.9375],"texture":"#0","tintindex":0,"rotation":0}},"rotation":{"origin":[0.0,-1.2000000000000028,0.0],"angle":0.0,"axis":"x"}},{"from":[-3.6,26.4,-8.4],"to":[3.6,28.799999999999997,-3.6],"origin":[0.0,0.0,0.0],"faces":{"north":{"uv":[14.875,6.125,16.0,6.5],"texture":"#0","tintindex":0,"rotation":0},"east":{"uv":[11.0,4.9375,11.75,5.3125],"texture":"#0","tintindex":0,"rotation":0},"south":{"uv":[14.875,7.25,16.0,7.625],"texture":"#0","tintindex":0,"rotation":0},"west":{"uv":[2.375,11.0625,3.125,11.4375],"texture":"#0","tintindex":0,"rotation":0},"up":{"uv":[16.0,7.25,14.875,6.5],"texture":"#0","tintindex":0,"rotation":0},"down":{"uv":[9.0,8.8125,7.875,9.5625],"texture":"#0","tintindex":0,"rotation":0}},"rotation":{"origin":[0.0,-1.2000000000000028,0.0],"angle":0.0,"axis":"x"}},{"from":[-8.4,2.3999999999999972,-4.4],"to":[-5.6,8.799999999999997,4.4],"origin":[0.0,0.0,0.0],"faces":{"north":{"uv":[15.5625,1.0,16.0,2.0],"texture":"#0","tintindex":0,"rotation":0},"east":{"uv":[14.625,0.0,16.0,1.0],"texture":"#0","tintindex":0,"rotation":0},"south":{"uv":[16.0,1.0,15.5625,2.0],"texture":"#0","tintindex":0,"rotation":0},"west":{"uv":[14.625,0.0,16.0,1.0],"texture":"#0","tintindex":0,"rotation":0},"up":{"uv":[12.8125,1.375,13.25,0.0],"texture":"#0","tintindex":0,"rotation":0},"down":{"uv":[16.0,1.0,15.5625,2.375],"texture":"#0","tintindex":0,"rotation":0}},"rotation":{"origin":[0.0,-1.2000000000000028,0.0],"angle":0.0,"axis":"x"}},{"from":[-7.6,8.799999999999997,-2.0],"to":[-5.6,13.599999999999998,2.0],"origin":[0.0,0.0,0.0],"faces":{"north":{"uv":[14.625,1.0,14.9375,1.75],"texture":"#0","tintindex":0,"rotation":0},"east":{"uv":[14.9375,1.0,15.5625,1.75],"texture":"#0","tintindex":0,"rotation":0},"south":{"uv":[14.9375,1.0,14.625,1.75],"texture":"#0","tintindex":0,"rotation":0},"west":{"uv":[14.9375,1.0,15.5625,1.75],"texture":"#0","tintindex":0,"rotation":0},"up":{"uv":[14.9375,2.375,14.625,1.75],"texture":"#0","tintindex":0,"rotation":0},"down":{"uv":[11.6875,10.0625,11.375,10.6875],"texture":"#0","tintindex":0,"rotation":0}},"rotation":{"origin":[0.0,-1.2000000000000028,0.0],"angle":0.0,"axis":"x"}},{"from":[-2.0,8.799999999999997,-7.6],"to":[2.0,13.599999999999998,-5.6],"origin":[0.0,0.0,0.0],"faces":{"north":{"uv":[14.9375,1.0,15.5625,1.75],"texture":"#0","tintindex":0,"rotation":0},"east":{"uv":[14.625,1.0,14.9375,1.75],"texture":"#0","tintindex":0,"rotation":0},"south":{"uv":[14.9375,1.0,15.5625,1.75],"texture":"#0","tintindex":0,"rotation":0},"west":{"uv":[14.9375,1.0,14.625,1.75],"texture":"#0","tintindex":0,"rotation":0},"up":{"uv":[15.5625,2.0625,14.9375,1.75],"texture":"#0","tintindex":0,"rotation":0},"down":{"uv":[2.75,11.4375,2.125,11.75],"texture":"#0","tintindex":0,"rotation":0}},"rotation":{"origin":[0.0,-1.2000000000000028,0.0],"angle":0.0,"axis":"x"}},{"from":[-2.0,8.799999999999997,5.6],"to":[2.0,13.599999999999998,7.6],"origin":[0.0,0.0,0.0],"faces":{"north":{"uv":[14.9375,1.0,15.5625,1.75],"texture":"#0","tintindex":0,"rotation":0},"east":{"uv":[14.9375,1.0,14.625,1.75],"texture":"#0","tintindex":0,"rotation":0},"south":{"uv":[14.9375,1.0,15.5625,1.75],"texture":"#0","tintindex":0,"rotation":0},"west":{"uv":[14.625,1.0,14.9375,1.75],"texture":"#0","tintindex":0,"rotation":0},"up":{"uv":[15.5625,1.75,14.9375,2.0625],"texture":"#0","tintindex":0,"rotation":0},"down":{"uv":[8.0625,11.4375,7.4375,11.75],"texture":"#0","tintindex":0,"rotation":0}},"rotation":{"origin":[0.0,-1.2000000000000028,0.0],"angle":0.0,"axis":"x"}},{"from":[5.6,8.799999999999997,-2.0],"to":[7.6,13.599999999999998,2.0],"origin":[0.0,0.0,0.0],"faces":{"north":{"uv":[14.9375,1.0,14.625,1.75],"texture":"#0","tintindex":0,"rotation":0},"east":{"uv":[14.9375,1.0,15.5625,1.75],"texture":"#0","tintindex":0,"rotation":0},"south":{"uv":[14.625,1.0,14.9375,1.75],"texture":"#0","tintindex":0,"rotation":0},"west":{"uv":[14.9375,1.0,15.5625,1.75],"texture":"#0","tintindex":0,"rotation":0},"up":{"uv":[14.625,2.375,14.9375,1.75],"texture":"#0","tintindex":0,"rotation":0},"down":{"uv":[14.9375,1.0,14.625,1.625],"texture":"#0","tintindex":0,"rotation":0}},"rotation":{"origin":[0.0,-1.2000000000000028,0.0],"angle":0.0,"axis":"x"}},{"from":[5.6,2.3999999999999972,-4.4],"to":[8.4,8.799999999999997,4.4],"origin":[0.0,0.0,0.0],"faces":{"north":{"uv":[16.0,1.0,15.5625,2.0],"texture":"#0","tintindex":0,"rotation":0},"east":{"uv":[14.625,0.0,16.0,1.0],"texture":"#0","tintindex":0,"rotation":0},"south":{"uv":[15.5625,1.0,16.0,2.0],"texture":"#0","tintindex":0,"rotation":0},"west":{"uv":[14.625,0.0,16.0,1.0],"texture":"#0","tintindex":0,"rotation":0},"up":{"uv":[13.25,1.375,12.8125,0.0],"texture":"#0","tintindex":0,"rotation":0},"down":{"uv":[2.375,9.875,1.9375,11.25],"texture":"#0","tintindex":0,"rotation":0}},"rotation":{"origin":[0.0,-1.2000000000000028,0.0],"angle":0.0,"axis":"x"}},{"from":[-4.4,2.3999999999999972,5.6],"to":[4.4,8.799999999999997,8.4],"origin":[0.0,0.0,0.0],"faces":{"north":{"uv":[14.625,0.0,16.0,1.0],"texture":"#0","tintindex":0,"rotation":0},"east":{"uv":[16.0,1.0,15.5625,2.0],"texture":"#0","tintindex":0,"rotation":0},"south":{"uv":[14.625,0.0,16.0,1.0],"texture":"#0","tintindex":0,"rotation":0},"west":{"uv":[15.5625,1.0,16.0,2.0],"texture":"#0","tintindex":0,"rotation":0},"up":{"uv":[14.625,0.0,13.25,0.4375],"texture":"#0","tintindex":0,"rotation":0},"down":{"uv":[14.625,0.0,13.25,0.4375],"texture":"#0","tintindex":0,"rotation":0}},"rotation":{"origin":[0.0,-1.2000000000000028,0.0],"angle":0.0,"axis":"x"}},{"from":[-4.4,2.3999999999999972,-8.4],"to":[4.4,8.799999999999997,-5.6],"origin":[0.0,0.0,0.0],"faces":{"north":{"uv":[14.625,0.0,16.0,1.0],"texture":"#0","tintindex":0,"rotation":0},"east":{"uv":[15.5625,1.0,16.0,2.0],"texture":"#0","tintindex":0,"rotation":0},"south":{"uv":[14.625,0.0,16.0,1.0],"texture":"#0","tintindex":0,"rotation":0},"west":{"uv":[16.0,1.0,15.5625,2.0],"texture":"#0","tintindex":0,"rotation":0},"up":{"uv":[14.625,0.4375,13.25,0.0],"texture":"#0","tintindex":0,"rotation":0},"down":{"uv":[14.625,0.0,13.25,0.4375],"texture":"#0","tintindex":0,"rotation":0}},"rotation":{"origin":[0.0,-1.2000000000000028,0.0],"angle":0.0,"axis":"x"}},{"from":[-8.8,13.599999999999998,-2.4],"to":[-8.4,28.799999999999997,2.4],"origin":[0.0,0.0,0.0],"faces":{"north":{"uv":[3.0625,0.5625,3.125,2.9375],"texture":"#0","tintindex":0,"rotation":0},"east":{"uv":[3.0625,0.5625,3.8125,2.9375],"texture":"#0","tintindex":0,"rotation":0},"south":{"uv":[3.0625,0.5625,3.125,2.9375],"texture":"#0","tintindex":0,"rotation":0},"west":{"uv":[3.0625,0.5625,3.8125,2.9375],"texture":"#0","tintindex":0,"rotation":0},"up":{"uv":[4.3125,0.5625,4.375,1.3125],"texture":"#0","tintindex":0,"rotation":0},"down":{"uv":[3.8125,1.375,3.875,2.125],"texture":"#0","tintindex":0,"rotation":0}},"rotation":{"origin":[0.0,-1.2000000000000028,0.0],"angle":0.0,"axis":"x"}},{"from":[8.4,13.599999999999998,-2.4],"to":[8.8,28.799999999999997,2.4],"origin":[0.0,0.0,0.0],"faces":{"north":{"uv":[3.0625,0.5625,3.125,2.9375],"texture":"#0","tintindex":0,"rotation":0},"east":{"uv":[3.0625,0.5625,3.8125,2.9375],"texture":"#0","tintindex":0,"rotation":0},"south":{"uv":[3.0625,0.5625,3.125,2.9375],"texture":"#0","tintindex":0,"rotation":0},"west":{"uv":[3.0625,0.5625,3.8125,2.9375],"texture":"#0","tintindex":0,"rotation":0},"up":{"uv":[4.3125,0.5625,4.375,1.3125],"texture":"#0","tintindex":0,"rotation":0},"down":{"uv":[3.8125,1.375,3.875,2.125],"texture":"#0","tintindex":0,"rotation":0}},"rotation":{"origin":[0.0,-1.2000000000000028,0.0],"angle":0.0,"axis":"x"}},{"from":[-2.4,13.599999999999998,-8.8],"to":[2.4,28.799999999999997,-8.4],"origin":[0.0,0.0,0.0],"faces":{"north":{"uv":[3.0625,0.5625,3.8125,2.9375],"texture":"#0","tintindex":0,"rotation":0},"east":{"uv":[3.0625,0.5625,3.125,2.9375],"texture":"#0","tintindex":0,"rotation":0},"south":{"uv":[3.0625,0.5625,3.8125,2.9375],"texture":"#0","tintindex":0,"rotation":0},"west":{"uv":[3.0625,0.5625,3.125,2.9375],"texture":"#0","tintindex":0,"rotation":0},"up":{"uv":[4.3125,0.5625,5.0625,0.625],"texture":"#0","tintindex":0,"rotation":0},"down":{"uv":[5.0625,0.5625,5.8125,0.625],"texture":"#0","tintindex":0,"rotation":0}},"rotation":{"origin":[0.0,-1.2000000000000028,0.0],"angle":0.0,"axis":"x"}},{"from":[-2.4,13.599999999999998,8.4],"to":[2.4,28.799999999999997,8.8],"origin":[0.0,0.0,0.0],"faces":{"north":{"uv":[3.0625,0.5625,3.8125,2.9375],"texture":"#0","tintindex":0,"rotation":0},"east":{"uv":[3.0625,0.5625,3.125,2.9375],"texture":"#0","tintindex":0,"rotation":0},"south":{"uv":[3.0625,0.5625,3.8125,2.9375],"texture":"#0","tintindex":0,"rotation":0},"west":{"uv":[3.0625,0.5625,3.125,2.9375],"texture":"#0","tintindex":0,"rotation":0},"up":{"uv":[4.3125,0.5625,5.0625,0.625],"texture":"#0","tintindex":0,"rotation":0},"down":{"uv":[3.8125,1.375,4.5625,1.4375],"texture":"#0","tintindex":0,"rotation":0}},"rotation":{"origin":[0.0,-1.2000000000000028,0.0],"angle":0.0,"axis":"x"}}],"display":{"head":{"scale":[4.0,4.0,4.0],"translation":[32.0,30.30000000000001,32.0]}}}