{"textures":{"0":"freeminecraftmodels:entity/tower_pedestal","1":"freeminecraftmodels:entity/obsidian_quarry_texture_redstone"},"elements":[{"from":[-9.6,0.0,-9.6],"to":[9.6,3.6,9.6],"origin":[0.0,0.0,0.0],"faces":{"north":{"uv":[6.0,0.0,12.0,1.125],"texture":"#0","tintindex":0,"rotation":0},"east":{"uv":[6.0,0.0,12.0,1.125],"texture":"#0","tintindex":0,"rotation":0},"south":{"uv":[6.0,0.0,12.0,1.125],"texture":"#0","tintindex":0,"rotation":0},"west":{"uv":[6.0,0.0,12.0,1.125],"texture":"#0","tintindex":0,"rotation":0},"up":{"uv":[6.0,6.0,0.0,0.0],"texture":"#0","tintindex":0,"rotation":0},"down":{"uv":[6.0,0.0,0.0,6.0],"texture":"#0","tintindex":0,"rotation":0}},"rotation":{"origin":[0.0,0.0,0.0],"angle":0.0,"axis":"x"}},{"from":[4.8,3.6,-4.8],"to":[5.6,4.4,-4.76],"rotation":{"origin":[5.2,4.0,-4.78],"angle":45.0,"axis":"z"},"origin":[13.0,10.0,-11.950000000000001],"faces":{"north":{"uv":[11.5,6.0,11.75,6.25],"texture":"#1","tintindex":0,"rotation":0},"east":{"uv":[3.875,11.625,4.0,11.875],"texture":"#1","tintindex":0,"rotation":0},"south":{"uv":[11.5,6.25,11.75,6.5],"texture":"#1","tintindex":0,"rotation":0},"west":{"uv":[11.625,3.875,11.75,4.125],"texture":"#1","tintindex":0,"rotation":0},"up":{"uv":[11.875,4.25,11.625,4.125],"texture":"#1","tintindex":0,"rotation":0},"down":{"uv":[5.375,11.625,5.125,11.75],"texture":"#1","tintindex":0,"rotation":0}}},{"from":[7.2,3.6,-7.64],"to":[8.0,4.4,-7.6],"rotation":{"origin":[7.6000000000000005,4.0,-7.620000000000001],"angle":45.0,"axis":"z"},"origin":[19.0,10.0,-19.05],"faces":{"north":{"uv":[4.375,11.5,4.625,11.75],"texture":"#1","tintindex":0,"rotation":0},"east":{"uv":[3.5,11.625,3.625,11.875],"texture":"#1","tintindex":0,"rotation":0},"south":{"uv":[5.5,11.5,5.75,11.75],"texture":"#1","tintindex":0,"rotation":0},"west":{"uv":[11.625,3.5,11.75,3.75],"texture":"#1","tintindex":0,"rotation":0},"up":{"uv":[3.875,11.75,3.625,11.625],"texture":"#1","tintindex":0,"rotation":0},"down":{"uv":[11.875,3.75,11.625,3.875],"texture":"#1","tintindex":0,"rotation":0}}},{"from":[4.8,3.6,-7.64],"to":[5.6,4.4,-7.6],"rotation":{"origin":[5.2,4.0,-7.620000000000001],"angle":45.0,"axis":"z"},"origin":[13.0,10.0,-19.05],"faces":{"north":{"uv":[2.375,11.5,2.625,11.75],"texture":"#1","tintindex":0,"rotation":0},"east":{"uv":[11.625,2.75,11.75,3.0],"texture":"#1","tintindex":0,"rotation":0},"south":{"uv":[4.125,11.5,4.375,11.75],"texture":"#1","tintindex":0,"rotation":0},"west":{"uv":[2.875,11.625,3.0,11.875],"texture":"#1","tintindex":0,"rotation":0},"up":{"uv":[3.25,11.75,3.0,11.625],"texture":"#1","tintindex":0,"rotation":0},"down":{"uv":[3.5,11.625,3.25,11.75],"texture":"#1","tintindex":0,"rotation":0}}},{"from":[4.8,4.4,-7.6],"to":[8.0,6.0,-4.8],"origin":[0.0,0.0,0.0],"faces":{"north":{"uv":[10.25,9.5,11.25,10.0],"texture":"#1","tintindex":0,"rotation":0},"east":{"uv":[0.0,10.625,0.875,11.125],"texture":"#1","tintindex":0,"rotation":0},"south":{"uv":[7.25,10.5,8.25,11.0],"texture":"#1","tintindex":0,"rotation":0},"west":{"uv":[10.75,10.25,11.625,10.75],"texture":"#1","tintindex":0,"rotation":0},"up":{"uv":[9.5,8.75,8.5,7.875],"texture":"#1","tintindex":0,"rotation":0},"down":{"uv":[9.5,8.75,8.5,9.625],"texture":"#1","tintindex":0,"rotation":0}},"rotation":{"origin":[0.0,0.0,0.0],"angle":0.0,"axis":"x"}},{"from":[7.6,3.6,-7.6],"to":[8.4,3.64,-4.8],"origin":[0.0,0.0,0.0],"faces":{"north":{"uv":[2.625,11.625,2.875,11.75],"texture":"#1","tintindex":0,"rotation":0},"east":{"uv":[11.25,5.0,12.125,5.125],"texture":"#1","tintindex":0,"rotation":0},"south":{"uv":[11.625,2.625,11.875,2.75],"texture":"#1","tintindex":0,"rotation":0},"west":{"uv":[11.25,5.125,12.125,5.25],"texture":"#1","tintindex":0,"rotation":0},"up":{"uv":[8.0,11.875,7.75,11.0],"texture":"#1","tintindex":0,"rotation":0},"down":{"uv":[8.25,11.0,8.0,11.875],"texture":"#1","tintindex":0,"rotation":0}},"rotation":{"origin":[0.0,0.0,0.0],"angle":0.0,"axis":"x"}},{"from":[5.6,3.6,-7.6],"to":[6.4,3.64,-4.8],"origin":[0.0,0.0,0.0],"faces":{"north":{"uv":[11.625,2.375,11.875,2.5],"texture":"#1","tintindex":0,"rotation":0},"east":{"uv":[11.25,4.75,12.125,4.875],"texture":"#1","tintindex":0,"rotation":0},"south":{"uv":[11.625,2.5,11.875,2.625],"texture":"#1","tintindex":0,"rotation":0},"west":{"uv":[11.25,4.875,12.125,5.0],"texture":"#1","tintindex":0,"rotation":0},"up":{"uv":[11.25,8.125,11.0,7.25],"texture":"#1","tintindex":0,"rotation":0},"down":{"uv":[7.75,11.0,7.5,11.875],"texture":"#1","tintindex":0,"rotation":0}},"rotation":{"origin":[0.0,0.0,0.0],"angle":0.0,"axis":"x"}},{"from":[3.6,3.6,-5.2],"to":[8.4,3.68,-4.8],"origin":[0.0,0.0,0.0],"faces":{"north":{"uv":[11.25,0.125,12.75,0.25],"texture":"#1","tintindex":0,"rotation":0},"east":{"uv":[11.625,7.125,11.75,7.25],"texture":"#1","tintindex":0,"rotation":0},"south":{"uv":[11.25,0.25,12.75,0.375],"texture":"#1","tintindex":0,"rotation":0},"west":{"uv":[11.625,7.25,11.75,7.375],"texture":"#1","tintindex":0,"rotation":0},"up":{"uv":[12.75,0.5,11.25,0.375],"texture":"#1","tintindex":0,"rotation":0},"down":{"uv":[12.75,0.5,11.25,0.625],"texture":"#1","tintindex":0,"rotation":0}},"rotation":{"origin":[0.0,0.0,0.0],"angle":0.0,"axis":"x"}},{"from":[3.6,3.6,-7.6],"to":[8.4,3.68,-7.2],"origin":[0.0,0.0,0.0],"faces":{"north":{"uv":[11.0,9.375,12.5,9.5],"texture":"#1","tintindex":0,"rotation":0},"east":{"uv":[11.625,6.875,11.75,7.0],"texture":"#1","tintindex":0,"rotation":0},"south":{"uv":[9.75,11.0,11.25,11.125],"texture":"#1","tintindex":0,"rotation":0},"west":{"uv":[11.625,7.0,11.75,7.125],"texture":"#1","tintindex":0,"rotation":0},"up":{"uv":[11.25,11.25,9.75,11.125],"texture":"#1","tintindex":0,"rotation":0},"down":{"uv":[12.75,0.0,11.25,0.125],"texture":"#1","tintindex":0,"rotation":0}},"rotation":{"origin":[0.0,0.0,0.0],"angle":0.0,"axis":"x"}},{"from":[3.6,3.6,-7.6],"to":[4.4,3.64,-4.8],"origin":[0.0,0.0,0.0],"faces":{"north":{"uv":[2.0,11.625,2.25,11.75],"texture":"#1","tintindex":0,"rotation":0},"east":{"uv":[11.25,1.375,12.125,1.5],"texture":"#1","tintindex":0,"rotation":0},"south":{"uv":[11.625,2.25,11.875,2.375],"texture":"#1","tintindex":0,"rotation":0},"west":{"uv":[4.625,11.25,5.5,11.375],"texture":"#1","tintindex":0,"rotation":0},"up":{"uv":[2.625,11.5,2.375,10.625],"texture":"#1","tintindex":0,"rotation":0},"down":{"uv":[7.5,11.0,7.25,11.875],"texture":"#1","tintindex":0,"rotation":0}},"rotation":{"origin":[0.0,0.0,0.0],"angle":0.0,"axis":"x"}},{"from":[1.48,5.2,1.64],"to":[1.88,5.6,2.44],"rotation":{"origin":[1.8,5.2,1.0399999999999998],"angle":22.5,"axis":"z"},"origin":[4.5,13.0,2.5999999999999996],"faces":{"north":{"uv":[11.625,6.625,11.75,6.75],"texture":"#1","tintindex":0,"rotation":0},"east":{"uv":[11.625,1.25,11.875,1.375],"texture":"#1","tintindex":0,"rotation":0},"south":{"uv":[11.625,6.75,11.75,6.875],"texture":"#1","tintindex":0,"rotation":0},"west":{"uv":[1.5,11.625,1.75,11.75],"texture":"#1","tintindex":0,"rotation":0},"up":{"uv":[1.875,11.875,1.75,11.625],"texture":"#1","tintindex":0,"rotation":0},"down":{"uv":[2.0,11.625,1.875,11.875],"texture":"#1","tintindex":0,"rotation":0}}},{"from":[1.48,5.2,-0.36],"to":[1.88,5.6,0.44],"rotation":{"origin":[1.8,5.2,1.0399999999999998],"angle":22.5,"axis":"z"},"origin":[4.5,13.0,2.5999999999999996],"faces":{"north":{"uv":[6.25,11.625,6.375,11.75],"texture":"#1","tintindex":0,"rotation":0},"east":{"uv":[11.5,9.75,11.75,9.875],"texture":"#1","tintindex":0,"rotation":0},"south":{"uv":[11.625,6.5,11.75,6.625],"texture":"#1","tintindex":0,"rotation":0},"west":{"uv":[11.625,0.625,11.875,0.75],"texture":"#1","tintindex":0,"rotation":0},"up":{"uv":[11.75,1.0,11.625,0.75],"texture":"#1","tintindex":0,"rotation":0},"down":{"uv":[11.75,1.0,11.625,1.25],"texture":"#1","tintindex":0,"rotation":0}}},{"from":[1.48,5.6,0.44],"to":[1.88,6.0,1.64],"rotation":{"origin":[1.8,5.2,1.0399999999999998],"angle":22.5,"axis":"z"},"origin":[4.5,13.0,2.5999999999999996],"faces":{"north":{"uv":[6.0,11.625,6.125,11.75],"texture":"#1","tintindex":0,"rotation":0},"east":{"uv":[9.0,7.75,9.375,7.875],"texture":"#1","tintindex":0,"rotation":0},"south":{"uv":[6.125,11.625,6.25,11.75],"texture":"#1","tintindex":0,"rotation":0},"west":{"uv":[11.25,9.875,11.625,10.0],"texture":"#1","tintindex":0,"rotation":0},"up":{"uv":[11.625,8.0,11.5,7.625],"texture":"#1","tintindex":0,"rotation":0},"down":{"uv":[11.625,8.0,11.5,8.375],"texture":"#1","tintindex":0,"rotation":0}}},{"from":[1.48,3.6,0.84],"to":[1.88,5.6,1.24],"rotation":{"origin":[1.8,5.2,1.0399999999999998],"angle":22.5,"axis":"z"},"origin":[4.5,13.0,2.5999999999999996],"faces":{"north":{"uv":[2.625,10.625,2.75,11.25],"texture":"#1","tintindex":0,"rotation":0},"east":{"uv":[0.75,11.125,0.875,11.75],"texture":"#1","tintindex":0,"rotation":0},"south":{"uv":[6.375,11.25,6.5,11.875],"texture":"#1","tintindex":0,"rotation":0},"west":{"uv":[11.375,11.25,11.5,11.875],"texture":"#1","tintindex":0,"rotation":0},"up":{"uv":[6.0,11.75,5.875,11.625],"texture":"#1","tintindex":0,"rotation":0},"down":{"uv":[11.75,5.875,11.625,6.0],"texture":"#1","tintindex":0,"rotation":0}}},{"from":[-1.2,7.6,-9.0],"to":[1.2,9.2,-7.4],"origin":[0.0,0.0,0.0],"faces":{"north":{"uv":[0.0,11.75,0.75,12.25],"texture":"#1","tintindex":0,"rotation":0},"east":{"uv":[0.0,11.75,0.5,12.25],"texture":"#1","tintindex":0,"rotation":0},"south":{"uv":[0.0,11.75,0.5,12.25],"texture":"#1","tintindex":0,"rotation":0},"west":{"uv":[0.0,11.75,0.5,12.25],"texture":"#1","tintindex":0,"rotation":0},"up":{"uv":[0.0,11.75,0.5,12.25],"texture":"#1","tintindex":0,"rotation":0},"down":{"uv":[0.0,11.75,0.5,12.25],"texture":"#1","tintindex":0,"rotation":0}},"rotation":{"origin":[0.0,0.0,0.0],"angle":0.0,"axis":"x"}},{"from":[-0.4,12.0,-8.4],"to":[0.4,12.8,4.8],"rotation":{"origin":[0.0,10.8,-4.800000000000001],"angle":-45.0,"axis":"x"},"origin":[0.0,27.0,-12.0],"faces":{"north":{"uv":[11.5,1.75,11.75,2.0],"texture":"#1","tintindex":0,"rotation":0},"east":{"uv":[8.25,3.0,12.375,3.25],"texture":"#1","tintindex":0,"rotation":0},"south":{"uv":[11.5,2.0,11.75,2.25],"texture":"#1","tintindex":0,"rotation":0},"west":{"uv":[8.25,3.25,12.375,3.5],"texture":"#1","tintindex":0,"rotation":0},"up":{"uv":[8.5,10.125,8.25,6.0],"texture":"#1","tintindex":0,"rotation":0},"down":{"uv":[7.0,8.25,6.75,12.375],"texture":"#1","tintindex":0,"rotation":0}}},{"from":[-0.8,12.0,-5.6],"to":[0.8,12.8,-1.6],"origin":[0.0,0.0,3.0],"faces":{"north":{"uv":[11.25,4.25,11.75,4.5],"texture":"#1","tintindex":0,"rotation":0},"east":{"uv":[10.875,10.75,12.125,11.0],"texture":"#1","tintindex":0,"rotation":0},"south":{"uv":[11.25,4.5,11.75,4.75],"texture":"#1","tintindex":0,"rotation":0},"west":{"uv":[11.0,1.5,12.25,1.75],"texture":"#1","tintindex":0,"rotation":0},"up":{"uv":[9.5,2.75,9.0,1.5],"texture":"#1","tintindex":0,"rotation":0},"down":{"uv":[9.5,3.5,9.0,4.75],"texture":"#1","tintindex":0,"rotation":0}},"rotation":{"origin":[0.0,0.0,1.2000000000000002],"angle":0.0,"axis":"x"}},{"from":[-0.8,9.6,-7.6],"to":[0.8,10.4,-1.6],"origin":[0.0,0.0,3.0],"faces":{"north":{"uv":[9.0,2.75,9.5,3.0],"texture":"#1","tintindex":0,"rotation":0},"east":{"uv":[9.0,10.75,10.875,11.0],"texture":"#1","tintindex":0,"rotation":0},"south":{"uv":[4.125,11.25,4.625,11.5],"texture":"#1","tintindex":0,"rotation":0},"west":{"uv":[10.75,10.0,12.625,10.25],"texture":"#1","tintindex":0,"rotation":0},"up":{"uv":[7.5,10.125,7.0,8.25],"texture":"#1","tintindex":0,"rotation":0},"down":{"uv":[9.0,6.0,8.5,7.875],"texture":"#1","tintindex":0,"rotation":0}},"rotation":{"origin":[0.0,0.0,1.2000000000000002],"angle":0.0,"axis":"x"}},{"from":[-1.2,8.8,-6.0],"to":[1.2,9.6,-3.6],"origin":[0.0,0.0,3.0],"faces":{"north":{"uv":[8.25,3.5,9.0,3.75],"texture":"#1","tintindex":0,"rotation":0},"east":{"uv":[11.0,8.875,11.75,9.125],"texture":"#1","tintindex":0,"rotation":0},"south":{"uv":[9.0,11.0,9.75,11.25],"texture":"#1","tintindex":0,"rotation":0},"west":{"uv":[11.0,9.125,11.75,9.375],"texture":"#1","tintindex":0,"rotation":0},"up":{"uv":[11.25,6.5,10.5,5.75],"texture":"#1","tintindex":0,"rotation":0},"down":{"uv":[11.25,6.5,10.5,7.25],"texture":"#1","tintindex":0,"rotation":0}},"rotation":{"origin":[0.0,0.0,1.2000000000000002],"angle":0.0,"axis":"x"}},{"from":[2.0,3.6,-5.2],"to":[3.2,4.8,-4.4],"origin":[0.0,0.0,3.0],"faces":{"north":{"uv":[3.75,11.25,4.125,11.625],"texture":"#1","tintindex":0,"rotation":0},"east":{"uv":[4.625,11.375,4.875,11.75],"texture":"#1","tintindex":0,"rotation":0},"south":{"uv":[11.25,3.875,11.625,4.25],"texture":"#1","tintindex":0,"rotation":0},"west":{"uv":[4.875,11.375,5.125,11.75],"texture":"#1","tintindex":0,"rotation":0},"up":{"uv":[11.625,11.25,11.25,11.0],"texture":"#1","tintindex":0,"rotation":0},"down":{"uv":[5.5,11.375,5.125,11.625],"texture":"#1","tintindex":0,"rotation":0}},"rotation":{"origin":[0.0,0.0,1.2000000000000002],"angle":0.0,"axis":"x"}},{"from":[0.8,4.0,-5.2],"to":[2.0,5.2,-4.4],"origin":[0.0,0.0,3.0],"faces":{"north":{"uv":[3.375,11.25,3.75,11.625],"texture":"#1","tintindex":0,"rotation":0},"east":{"uv":[10.5,11.25,10.75,11.625],"texture":"#1","tintindex":0,"rotation":0},"south":{"uv":[11.25,3.5,11.625,3.875],"texture":"#1","tintindex":0,"rotation":0},"west":{"uv":[10.75,11.25,11.0,11.625],"texture":"#1","tintindex":0,"rotation":0},"up":{"uv":[11.625,8.875,11.25,8.625],"texture":"#1","tintindex":0,"rotation":0},"down":{"uv":[11.375,11.25,11.0,11.5],"texture":"#1","tintindex":0,"rotation":0}},"rotation":{"origin":[0.0,0.0,1.2000000000000002],"angle":0.0,"axis":"x"}},{"from":[-0.4,3.6,-2.8],"to":[0.4,4.8,-1.6],"origin":[0.0,0.0,3.0],"faces":{"north":{"uv":[11.25,9.5,11.5,9.875],"texture":"#1","tintindex":0,"rotation":0},"east":{"uv":[11.25,2.625,11.625,3.0],"texture":"#1","tintindex":0,"rotation":0},"south":{"uv":[9.75,11.25,10.0,11.625],"texture":"#1","tintindex":0,"rotation":0},"west":{"uv":[3.0,11.25,3.375,11.625],"texture":"#1","tintindex":0,"rotation":0},"up":{"uv":[10.25,11.625,10.0,11.25],"texture":"#1","tintindex":0,"rotation":0},"down":{"uv":[10.5,11.25,10.25,11.625],"texture":"#1","tintindex":0,"rotation":0}},"rotation":{"origin":[0.0,0.0,1.2000000000000002],"angle":0.0,"axis":"x"}},{"from":[-0.4,4.0,-4.0],"to":[0.4,5.2,-2.8],"origin":[0.0,0.0,3.0],"faces":{"north":{"uv":[11.25,8.25,11.5,8.625],"texture":"#1","tintindex":0,"rotation":0},"east":{"uv":[11.25,2.25,11.625,2.625],"texture":"#1","tintindex":0,"rotation":0},"south":{"uv":[9.0,11.25,9.25,11.625],"texture":"#1","tintindex":0,"rotation":0},"west":{"uv":[2.625,11.25,3.0,11.625],"texture":"#1","tintindex":0,"rotation":0},"up":{"uv":[9.5,11.625,9.25,11.25],"texture":"#1","tintindex":0,"rotation":0},"down":{"uv":[9.75,11.25,9.5,11.625],"texture":"#1","tintindex":0,"rotation":0}},"rotation":{"origin":[0.0,0.0,1.2000000000000002],"angle":0.0,"axis":"x"}},{"from":[-0.4,3.6,-8.0],"to":[0.4,4.8,-6.8],"origin":[0.0,0.0,3.0],"faces":{"north":{"uv":[11.25,6.75,11.5,7.125],"texture":"#1","tintindex":0,"rotation":0},"east":{"uv":[1.5,11.25,1.875,11.625],"texture":"#1","tintindex":0,"rotation":0},"south":{"uv":[11.25,7.125,11.5,7.5],"texture":"#1","tintindex":0,"rotation":0},"west":{"uv":[1.875,11.25,2.25,11.625],"texture":"#1","tintindex":0,"rotation":0},"up":{"uv":[11.5,7.875,11.25,7.5],"texture":"#1","tintindex":0,"rotation":0},"down":{"uv":[11.5,7.875,11.25,8.25],"texture":"#1","tintindex":0,"rotation":0}},"rotation":{"origin":[0.0,0.0,1.2000000000000002],"angle":0.0,"axis":"x"}},{"from":[-0.4,4.0,-6.8],"to":[0.4,5.2,-5.6],"origin":[0.0,0.0,3.0],"faces":{"north":{"uv":[5.875,11.25,6.125,11.625],"texture":"#1","tintindex":0,"rotation":0},"east":{"uv":[11.25,0.625,11.625,1.0],"texture":"#1","tintindex":0,"rotation":0},"south":{"uv":[11.25,6.0,11.5,6.375],"texture":"#1","tintindex":0,"rotation":0},"west":{"uv":[11.25,1.0,11.625,1.375],"texture":"#1","tintindex":0,"rotation":0},"up":{"uv":[6.375,11.625,6.125,11.25],"texture":"#1","tintindex":0,"rotation":0},"down":{"uv":[11.5,6.375,11.25,6.75],"texture":"#1","tintindex":0,"rotation":0}},"rotation":{"origin":[0.0,0.0,1.2000000000000002],"angle":0.0,"axis":"x"}},{"from":[0.0,7.0,0.24],"to":[0.4,8.2,0.64],"rotation":{"origin":[0.2,8.0,1.0],"angle":-45.0,"axis":"x"},"origin":[0.5,20.0,2.5],"faces":{"north":{"uv":[5.75,11.5,5.875,11.875],"texture":"#1","tintindex":0,"rotation":0},"east":{"uv":[11.5,6.5,11.625,6.875],"texture":"#1","tintindex":0,"rotation":0},"south":{"uv":[11.5,6.875,11.625,7.25],"texture":"#1","tintindex":0,"rotation":0},"west":{"uv":[11.5,7.25,11.625,7.625],"texture":"#1","tintindex":0,"rotation":0},"up":{"uv":[11.75,5.75,11.625,5.625],"texture":"#1","tintindex":0,"rotation":0},"down":{"uv":[11.75,5.75,11.625,5.875],"texture":"#1","tintindex":0,"rotation":0}}},{"from":[0.0,7.6,1.6],"to":[0.4,8.4,2.0],"rotation":{"origin":[0.2,8.0,1.0],"angle":45.0,"axis":"x"},"origin":[0.5,20.0,2.5],"faces":{"north":{"uv":[11.125,11.5,11.25,11.75],"texture":"#1","tintindex":0,"rotation":0},"east":{"uv":[11.25,11.5,11.375,11.75],"texture":"#1","tintindex":0,"rotation":0},"south":{"uv":[11.5,11.25,11.625,11.5],"texture":"#1","tintindex":0,"rotation":0},"west":{"uv":[11.5,11.5,11.625,11.75],"texture":"#1","tintindex":0,"rotation":0},"up":{"uv":[11.75,5.5,11.625,5.375],"texture":"#1","tintindex":0,"rotation":0},"down":{"uv":[11.75,5.5,11.625,5.625],"texture":"#1","tintindex":0,"rotation":0}}},{"from":[0.0,7.6,0.8],"to":[0.4,8.4,1.2],"rotation":{"origin":[0.2,8.0,1.0],"angle":45.0,"axis":"x"},"origin":[0.5,20.0,2.5],"faces":{"north":{"uv":[8.75,11.5,8.875,11.75],"texture":"#1","tintindex":0,"rotation":0},"east":{"uv":[8.875,11.5,9.0,11.75],"texture":"#1","tintindex":0,"rotation":0},"south":{"uv":[11.5,9.5,11.625,9.75],"texture":"#1","tintindex":0,"rotation":0},"west":{"uv":[11.0,11.5,11.125,11.75],"texture":"#1","tintindex":0,"rotation":0},"up":{"uv":[11.75,5.375,11.625,5.25],"texture":"#1","tintindex":0,"rotation":0},"down":{"uv":[5.5,11.625,5.375,11.75],"texture":"#1","tintindex":0,"rotation":0}}},{"from":[-0.4,10.4,-5.2],"to":[0.4,12.8,-4.4],"origin":[0.0,0.0,3.0],"faces":{"north":{"uv":[2.75,9.0,3.0,9.75],"texture":"#1","tintindex":0,"rotation":0},"east":{"uv":[11.0,2.25,11.25,3.0],"texture":"#1","tintindex":0,"rotation":0},"south":{"uv":[11.0,3.5,11.25,4.25],"texture":"#1","tintindex":0,"rotation":0},"west":{"uv":[11.0,8.125,11.25,8.875],"texture":"#1","tintindex":0,"rotation":0},"up":{"uv":[0.5,11.75,0.25,11.5],"texture":"#1","tintindex":0,"rotation":0},"down":{"uv":[0.75,11.5,0.5,11.75],"texture":"#1","tintindex":0,"rotation":0}},"rotation":{"origin":[0.0,0.0,1.2000000000000002],"angle":0.0,"axis":"x"}},{"from":[-0.4,10.0,-2.4],"to":[0.4,17.2,-2.0],"rotation":{"origin":[0.0,13.0,-2.2],"angle":22.5,"axis":"x"},"origin":[0.0,32.5,-5.5],"faces":{"north":{"uv":[6.5,9.75,6.75,12.0],"texture":"#1","tintindex":0,"rotation":0},"east":{"uv":[1.375,10.625,1.5,12.875],"texture":"#1","tintindex":0,"rotation":0},"south":{"uv":[7.0,10.125,7.25,12.375],"texture":"#1","tintindex":0,"rotation":0},"west":{"uv":[2.25,10.625,2.375,12.875],"texture":"#1","tintindex":0,"rotation":0},"up":{"uv":[8.75,11.625,8.5,11.5],"texture":"#1","tintindex":0,"rotation":0},"down":{"uv":[11.75,8.5,11.5,8.625],"texture":"#1","tintindex":0,"rotation":0}}},{"from":[0.0,8.4,0.8],"to":[0.4,18.4,1.2],"origin":[0.0,0.0,3.0],"faces":{"north":{"uv":[0.875,10.625,1.0,13.75],"texture":"#1","tintindex":0,"rotation":0},"east":{"uv":[1.0,10.625,1.125,13.75],"texture":"#1","tintindex":0,"rotation":0},"south":{"uv":[1.125,10.625,1.25,13.75],"texture":"#1","tintindex":0,"rotation":0},"west":{"uv":[1.25,10.625,1.375,13.75],"texture":"#1","tintindex":0,"rotation":0},"up":{"uv":[9.5,7.875,9.375,7.75],"texture":"#1","tintindex":0,"rotation":0},"down":{"uv":[4.125,11.625,4.0,11.75],"texture":"#1","tintindex":0,"rotation":0}},"rotation":{"origin":[0.0,0.0,1.2000000000000002],"angle":0.0,"axis":"x"}},{"from":[-0.8,3.6,-5.6],"to":[0.8,8.8,-4.0],"origin":[0.0,0.0,3.0],"faces":{"north":{"uv":[0.0,9.0,0.5,10.625],"texture":"#1","tintindex":0,"rotation":0},"east":{"uv":[0.5,9.0,1.0,10.625],"texture":"#1","tintindex":0,"rotation":0},"south":{"uv":[1.0,9.0,1.5,10.625],"texture":"#1","tintindex":0,"rotation":0},"west":{"uv":[2.25,9.0,2.75,10.625],"texture":"#1","tintindex":0,"rotation":0},"up":{"uv":[10.25,7.75,9.75,7.25],"texture":"#1","tintindex":0,"rotation":0},"down":{"uv":[11.5,1.75,11.0,2.25],"texture":"#1","tintindex":0,"rotation":0}},"rotation":{"origin":[0.0,0.0,1.2000000000000002],"angle":0.0,"axis":"x"}},{"from":[-3.2,3.6,-5.2],"to":[-2.0,4.8,-4.4],"origin":[0.0,0.0,3.0],"faces":{"north":{"uv":[8.25,11.125,8.625,11.5],"texture":"#1","tintindex":0,"rotation":0},"east":{"uv":[7.25,10.125,7.5,10.5],"texture":"#1","tintindex":0,"rotation":0},"south":{"uv":[8.625,11.125,9.0,11.5],"texture":"#1","tintindex":0,"rotation":0},"west":{"uv":[9.0,10.375,9.25,10.75],"texture":"#1","tintindex":0,"rotation":0},"up":{"uv":[11.625,5.75,11.25,5.5],"texture":"#1","tintindex":0,"rotation":0},"down":{"uv":[11.625,5.75,11.25,6.0],"texture":"#1","tintindex":0,"rotation":0}},"rotation":{"origin":[0.0,0.0,1.2000000000000002],"angle":0.0,"axis":"x"}},{"from":[-2.0,4.0,-5.2],"to":[-0.8,5.2,-4.4],"origin":[0.0,0.0,3.0],"faces":{"north":{"uv":[0.0,11.125,0.375,11.5],"texture":"#1","tintindex":0,"rotation":0},"east":{"uv":[9.5,4.25,9.75,4.625],"texture":"#1","tintindex":0,"rotation":0},"south":{"uv":[0.375,11.125,0.75,11.5],"texture":"#1","tintindex":0,"rotation":0},"west":{"uv":[9.25,9.625,9.5,10.0],"texture":"#1","tintindex":0,"rotation":0},"up":{"uv":[11.625,5.5,11.25,5.25],"texture":"#1","tintindex":0,"rotation":0},"down":{"uv":[5.875,11.25,5.5,11.5],"texture":"#1","tintindex":0,"rotation":0}},"rotation":{"origin":[0.0,0.0,1.2000000000000002],"angle":0.0,"axis":"x"}},{"from":[-8.0,8.4,-3.6],"to":[-5.6,10.8,-1.2],"origin":[0.0,0.0,0.0],"faces":{"north":{"uv":[3.5,10.5,4.25,11.25],"texture":"#1","tintindex":0,"rotation":0},"east":{"uv":[4.25,10.5,5.0,11.25],"texture":"#1","tintindex":0,"rotation":0},"south":{"uv":[10.5,4.25,11.25,5.0],"texture":"#1","tintindex":0,"rotation":0},"west":{"uv":[5.0,10.5,5.75,11.25],"texture":"#1","tintindex":0,"rotation":0},"up":{"uv":[11.25,5.75,10.5,5.0],"texture":"#1","tintindex":0,"rotation":0},"down":{"uv":[6.5,10.5,5.75,11.25],"texture":"#1","tintindex":0,"rotation":0}},"rotation":{"origin":[0.0,0.0,0.0],"angle":0.0,"axis":"x"}},{"from":[-8.0,6.0,-2.0],"to":[-5.6,8.4,0.4],"origin":[0.0,0.0,0.0],"faces":{"north":{"uv":[10.25,8.75,11.0,9.5],"texture":"#1","tintindex":0,"rotation":0},"east":{"uv":[8.25,10.375,9.0,11.125],"texture":"#1","tintindex":0,"rotation":0},"south":{"uv":[10.5,0.0,11.25,0.75],"texture":"#1","tintindex":0,"rotation":0},"west":{"uv":[10.5,0.75,11.25,1.5],"texture":"#1","tintindex":0,"rotation":0},"up":{"uv":[2.25,11.25,1.5,10.5],"texture":"#1","tintindex":0,"rotation":0},"down":{"uv":[3.5,10.5,2.75,11.25],"texture":"#1","tintindex":0,"rotation":0}},"rotation":{"origin":[0.0,0.0,0.0],"angle":0.0,"axis":"x"}},{"from":[-8.0,6.0,-5.2],"to":[-5.6,8.4,-2.8],"origin":[0.0,0.0,0.0],"faces":{"north":{"uv":[10.0,10.0,10.75,10.75],"texture":"#1","tintindex":0,"rotation":0},"east":{"uv":[10.25,1.5,11.0,2.25],"texture":"#1","tintindex":0,"rotation":0},"south":{"uv":[10.25,2.25,11.0,3.0],"texture":"#1","tintindex":0,"rotation":0},"west":{"uv":[10.25,3.5,11.0,4.25],"texture":"#1","tintindex":0,"rotation":0},"up":{"uv":[11.0,8.0,10.25,7.25],"texture":"#1","tintindex":0,"rotation":0},"down":{"uv":[11.0,8.0,10.25,8.75],"texture":"#1","tintindex":0,"rotation":0}},"rotation":{"origin":[0.0,0.0,0.0],"angle":0.0,"axis":"x"}},{"from":[-8.0,3.6,-6.8],"to":[-5.6,6.0,-4.4],"origin":[0.0,0.0,0.0],"faces":{"north":{"uv":[9.75,5.0,10.5,5.75],"texture":"#1","tintindex":0,"rotation":0},"east":{"uv":[5.75,9.75,6.5,10.5],"texture":"#1","tintindex":0,"rotation":0},"south":{"uv":[9.75,5.75,10.5,6.5],"texture":"#1","tintindex":0,"rotation":0},"west":{"uv":[9.75,6.5,10.5,7.25],"texture":"#1","tintindex":0,"rotation":0},"up":{"uv":[8.25,10.5,7.5,9.75],"texture":"#1","tintindex":0,"rotation":0},"down":{"uv":[10.0,10.0,9.25,10.75],"texture":"#1","tintindex":0,"rotation":0}},"rotation":{"origin":[0.0,0.0,0.0],"angle":0.0,"axis":"x"}},{"from":[-8.0,3.6,-0.4],"to":[-5.6,6.0,2.0],"origin":[0.0,0.0,0.0],"faces":{"north":{"uv":[1.5,9.75,2.25,10.5],"texture":"#1","tintindex":0,"rotation":0},"east":{"uv":[2.75,9.75,3.5,10.5],"texture":"#1","tintindex":0,"rotation":0},"south":{"uv":[3.5,9.75,4.25,10.5],"texture":"#1","tintindex":0,"rotation":0},"west":{"uv":[4.25,9.75,5.0,10.5],"texture":"#1","tintindex":0,"rotation":0},"up":{"uv":[10.5,5.0,9.75,4.25],"texture":"#1","tintindex":0,"rotation":0},"down":{"uv":[5.75,9.75,5.0,10.5],"texture":"#1","tintindex":0,"rotation":0}},"rotation":{"origin":[0.0,0.0,0.0],"angle":0.0,"axis":"x"}},{"from":[-8.0,3.6,-3.6],"to":[-5.6,6.0,-1.2],"origin":[0.0,0.0,0.0],"faces":{"north":{"uv":[9.5,7.75,10.25,8.5],"texture":"#1","tintindex":0,"rotation":0},"east":{"uv":[9.5,8.5,10.25,9.25],"texture":"#1","tintindex":0,"rotation":0},"south":{"uv":[9.5,9.25,10.25,10.0],"texture":"#1","tintindex":0,"rotation":0},"west":{"uv":[8.5,9.625,9.25,10.375],"texture":"#1","tintindex":0,"rotation":0},"up":{"uv":[10.5,0.75,9.75,0.0],"texture":"#1","tintindex":0,"rotation":0},"down":{"uv":[10.5,0.75,9.75,1.5],"texture":"#1","tintindex":0,"rotation":0}},"rotation":{"origin":[0.0,0.0,0.0],"angle":0.0,"axis":"x"}},{"from":[-1.2,3.6,0.0],"to":[1.2,6.0,2.4],"origin":[0.0,0.0,0.0],"faces":{"north":{"uv":[9.0,6.25,9.75,7.0],"texture":"#1","tintindex":0,"rotation":0},"east":{"uv":[9.0,7.0,9.75,7.75],"texture":"#1","tintindex":0,"rotation":0},"south":{"uv":[7.5,9.0,8.25,9.75],"texture":"#1","tintindex":0,"rotation":0},"west":{"uv":[9.5,1.5,10.25,2.25],"texture":"#1","tintindex":0,"rotation":0},"up":{"uv":[10.25,3.0,9.5,2.25],"texture":"#1","tintindex":0,"rotation":0},"down":{"uv":[10.25,3.5,9.5,4.25],"texture":"#1","tintindex":0,"rotation":0}},"rotation":{"origin":[0.0,0.0,0.0],"angle":0.0,"axis":"x"}},{"from":[4.8,3.6,-1.6],"to":[7.2,8.4,0.8],"origin":[0.0,0.0,0.0],"faces":{"north":{"uv":[8.25,1.5,9.0,3.0],"texture":"#1","tintindex":0,"rotation":0},"east":{"uv":[3.0,8.25,3.75,9.75],"texture":"#1","tintindex":0,"rotation":0},"south":{"uv":[3.75,8.25,4.5,9.75],"texture":"#1","tintindex":0,"rotation":0},"west":{"uv":[6.0,8.25,6.75,9.75],"texture":"#1","tintindex":0,"rotation":0},"up":{"uv":[6.0,9.75,5.25,9.0],"texture":"#1","tintindex":0,"rotation":0},"down":{"uv":[9.75,5.5,9.0,6.25],"texture":"#1","tintindex":0,"rotation":0}},"rotation":{"origin":[0.0,0.0,0.0],"angle":0.0,"axis":"x"}},{"from":[2.4,3.6,3.2],"to":[4.8,10.8,5.6],"origin":[0.0,0.0,0.0],"faces":{"north":{"uv":[6.75,2.25,7.5,4.5],"texture":"#1","tintindex":0,"rotation":0},"east":{"uv":[6.75,6.0,7.5,8.25],"texture":"#1","tintindex":0,"rotation":0},"south":{"uv":[7.5,0.0,8.25,2.25],"texture":"#1","tintindex":0,"rotation":0},"west":{"uv":[1.5,7.5,2.25,9.75],"texture":"#1","tintindex":0,"rotation":0},"up":{"uv":[5.25,9.75,4.5,9.0],"texture":"#1","tintindex":0,"rotation":0},"down":{"uv":[9.75,4.75,9.0,5.5],"texture":"#1","tintindex":0,"rotation":0}},"rotation":{"origin":[0.0,0.0,0.0],"angle":0.0,"axis":"x"}},{"from":[-7.2,3.6,3.2],"to":[-2.4,10.8,5.6],"origin":[0.0,0.0,0.0],"faces":{"north":{"uv":[5.25,0.0,6.75,2.25],"texture":"#1","tintindex":0,"rotation":0},"east":{"uv":[6.0,6.0,6.75,8.25],"texture":"#1","tintindex":0,"rotation":0},"south":{"uv":[5.25,2.25,6.75,4.5],"texture":"#1","tintindex":0,"rotation":0},"west":{"uv":[6.75,0.0,7.5,2.25],"texture":"#1","tintindex":0,"rotation":0},"up":{"uv":[9.75,0.75,8.25,0.0],"texture":"#1","tintindex":0,"rotation":0},"down":{"uv":[9.75,0.75,8.25,1.5],"texture":"#1","tintindex":0,"rotation":0}},"rotation":{"origin":[0.0,0.0,0.0],"angle":0.0,"axis":"x"}},{"from":[4.8,3.6,0.8],"to":[7.2,13.2,5.6],"origin":[0.0,0.0,0.0],"faces":{"north":{"uv":[4.5,6.0,5.25,9.0],"texture":"#1","tintindex":0,"rotation":0},"east":{"uv":[3.75,0.0,5.25,3.0],"texture":"#1","tintindex":0,"rotation":0},"south":{"uv":[5.25,6.0,6.0,9.0],"texture":"#1","tintindex":0,"rotation":0},"west":{"uv":[3.75,3.0,5.25,6.0],"texture":"#1","tintindex":0,"rotation":0},"up":{"uv":[8.25,7.5,7.5,6.0],"texture":"#1","tintindex":0,"rotation":0},"down":{"uv":[8.25,7.5,7.5,9.0],"texture":"#1","tintindex":0,"rotation":0}},"rotation":{"origin":[0.0,0.0,0.0],"angle":0.0,"axis":"x"}},{"from":[-2.4,13.2,5.6],"to":[2.4,18.0,8.0],"origin":[0.0,0.0,0.0],"faces":{"north":{"uv":[1.5,6.0,3.0,7.5],"texture":"#1","tintindex":0,"rotation":0},"east":{"uv":[2.25,7.5,3.0,9.0],"texture":"#1","tintindex":0,"rotation":0},"south":{"uv":[3.0,6.0,4.5,7.5],"texture":"#1","tintindex":0,"rotation":0},"west":{"uv":[7.5,2.25,8.25,3.75],"texture":"#1","tintindex":0,"rotation":0},"up":{"uv":[4.5,8.25,3.0,7.5],"texture":"#1","tintindex":0,"rotation":0},"down":{"uv":[9.0,3.75,7.5,4.5],"texture":"#1","tintindex":0,"rotation":0}},"rotation":{"origin":[0.0,0.0,0.0],"angle":0.0,"axis":"x"}},{"from":[-7.2,3.6,5.6],"to":[4.8,13.2,8.0],"origin":[0.0,0.0,0.0],"faces":{"north":{"uv":[0.0,0.0,3.75,3.0],"texture":"#1","tintindex":0,"rotation":0},"east":{"uv":[0.0,6.0,0.75,9.0],"texture":"#1","tintindex":0,"rotation":0},"south":{"uv":[0.0,3.0,3.75,6.0],"texture":"#1","tintindex":0,"rotation":0},"west":{"uv":[0.75,6.0,1.5,9.0],"texture":"#1","tintindex":0,"rotation":0},"up":{"uv":[9.0,5.25,5.25,4.5],"texture":"#1","tintindex":0,"rotation":0},"down":{"uv":[9.0,5.25,5.25,6.0],"texture":"#1","tintindex":0,"rotation":0}},"rotation":{"origin":[0.0,0.0,0.0],"angle":0.0,"axis":"x"}},{"from":[7.2,3.6,-4.8],"to":[8.0,4.4,-4.76],"rotation":{"origin":[7.6000000000000005,4.0,-4.78],"angle":45.0,"axis":"z"},"origin":[19.0,10.0,-11.950000000000001],"faces":{"north":{"uv":[8.25,10.125,8.5,10.375],"texture":"#1","tintindex":0,"rotation":0},"east":{"uv":[8.25,11.5,8.375,11.75],"texture":"#1","tintindex":0,"rotation":0},"south":{"uv":[0.0,11.5,0.25,11.75],"texture":"#1","tintindex":0,"rotation":0},"west":{"uv":[8.375,11.5,8.5,11.75],"texture":"#1","tintindex":0,"rotation":0},"up":{"uv":[9.75,4.75,9.5,4.625],"texture":"#1","tintindex":0,"rotation":0},"down":{"uv":[11.75,8.375,11.5,8.5],"texture":"#1","tintindex":0,"rotation":0}}}],"display":{"head":{"scale":[4.0,4.0,4.0],"translation":[32.0,25.5,32.0]}}}