{"textures":{"0":"freeminecraftmodels:entity/attachment_crane"},"elements":[{"from":[-4.0,21.199999999999996,-1.0],"to":[-1.6,22.799999999999997,0.6],"origin":[-7.0,57.0,20.0],"faces":{"north":{"uv":[6.5,1.0,8.0,2.0],"texture":"#0","tintindex":0,"rotation":0},"east":{"uv":[1.25,7.25,2.25,8.25],"texture":"#0","tintindex":0,"rotation":0},"south":{"uv":[6.5,2.0,8.0,3.0],"texture":"#0","tintindex":0,"rotation":0},"west":{"uv":[7.25,7.0,8.25,8.0],"texture":"#0","tintindex":0,"rotation":0},"up":{"uv":[8.0,4.0,6.5,3.0],"texture":"#0","tintindex":0,"rotation":0},"down":{"uv":[8.5,5.0,7.0,6.0],"texture":"#0","tintindex":0,"rotation":0}},"rotation":{"origin":[-2.8000000000000003,13.599999999999998,8.0],"angle":0.0,"axis":"x"}},{"from":[-3.2,25.599999999999994,-0.4],"to":[-2.4,26.4,12.8],"rotation":{"origin":[-2.8000000000000003,24.4,3.2],"angle":-45.0,"axis":"x"},"origin":[-7.0,84.0,8.0],"faces":{"north":{"uv":[9.75,9.0,10.25,9.5],"texture":"#0","tintindex":0,"rotation":0},"east":{"uv":[0.0,0.0,8.25,0.5],"texture":"#0","tintindex":0,"rotation":0},"south":{"uv":[9.75,9.5,10.25,10.0],"texture":"#0","tintindex":0,"rotation":0},"west":{"uv":[0.0,0.5,8.25,1.0],"texture":"#0","tintindex":0,"rotation":0},"up":{"uv":[0.5,9.25,0.0,1.0],"texture":"#0","tintindex":0,"rotation":0},"down":{"uv":[1.0,1.0,0.5,9.25],"texture":"#0","tintindex":0,"rotation":0}}},{"from":[-3.6,25.599999999999994,2.4],"to":[-2.0,26.4,6.4],"origin":[-7.0,57.0,23.0],"faces":{"north":{"uv":[0.0,9.25,1.0,9.75],"texture":"#0","tintindex":0,"rotation":0},"east":{"uv":[7.0,6.0,9.5,6.5],"texture":"#0","tintindex":0,"rotation":0},"south":{"uv":[1.75,9.25,2.75,9.75],"texture":"#0","tintindex":0,"rotation":0},"west":{"uv":[7.0,6.5,9.5,7.0],"texture":"#0","tintindex":0,"rotation":0},"up":{"uv":[2.0,7.25,1.0,4.75],"texture":"#0","tintindex":0,"rotation":0},"down":{"uv":[3.0,4.75,2.0,7.25],"texture":"#0","tintindex":0,"rotation":0}},"rotation":{"origin":[-2.8000000000000003,13.599999999999998,9.200000000000001],"angle":0.0,"axis":"x"}},{"from":[-3.6,23.199999999999996,0.4],"to":[-2.0,24.0,6.4],"origin":[-7.0,57.0,23.0],"faces":{"north":{"uv":[2.75,9.25,3.75,9.75],"texture":"#0","tintindex":0,"rotation":0},"east":{"uv":[6.0,4.0,9.75,4.5],"texture":"#0","tintindex":0,"rotation":0},"south":{"uv":[4.75,9.25,5.75,9.75],"texture":"#0","tintindex":0,"rotation":0},"west":{"uv":[6.0,4.5,9.75,5.0],"texture":"#0","tintindex":0,"rotation":0},"up":{"uv":[2.0,4.75,1.0,1.0],"texture":"#0","tintindex":0,"rotation":0},"down":{"uv":[3.0,1.0,2.0,4.75],"texture":"#0","tintindex":0,"rotation":0}},"rotation":{"origin":[-2.8000000000000003,13.599999999999998,9.200000000000001],"angle":0.0,"axis":"x"}},{"from":[-4.0,22.4,2.0],"to":[-1.6,23.199999999999996,4.4],"origin":[-7.0,57.0,23.0],"faces":{"north":{"uv":[8.0,1.0,9.5,1.5],"texture":"#0","tintindex":0,"rotation":0},"east":{"uv":[8.0,1.5,9.5,2.0],"texture":"#0","tintindex":0,"rotation":0},"south":{"uv":[8.0,2.0,9.5,2.5],"texture":"#0","tintindex":0,"rotation":0},"west":{"uv":[8.0,2.5,9.5,3.0],"texture":"#0","tintindex":0,"rotation":0},"up":{"uv":[6.5,2.5,5.0,1.0],"texture":"#0","tintindex":0,"rotation":0},"down":{"uv":[6.5,2.5,5.0,4.0],"texture":"#0","tintindex":0,"rotation":0}},"rotation":{"origin":[-2.8000000000000003,13.599999999999998,9.200000000000001],"angle":0.0,"axis":"x"}},{"from":[-0.8,17.199999999999996,2.8],"to":[0.4,18.4,3.6],"origin":[-7.0,57.0,23.0],"faces":{"north":{"uv":[8.25,7.0,9.0,7.75],"texture":"#0","tintindex":0,"rotation":0},"east":{"uv":[9.5,0.75,10.0,1.5],"texture":"#0","tintindex":0,"rotation":0},"south":{"uv":[8.25,7.75,9.0,8.5],"texture":"#0","tintindex":0,"rotation":0},"west":{"uv":[9.5,1.5,10.0,2.25],"texture":"#0","tintindex":0,"rotation":0},"up":{"uv":[10.25,2.75,9.5,2.25],"texture":"#0","tintindex":0,"rotation":0},"down":{"uv":[10.25,2.75,9.5,3.25],"texture":"#0","tintindex":0,"rotation":0}},"rotation":{"origin":[-2.8000000000000003,13.599999999999998,9.200000000000001],"angle":0.0,"axis":"x"}},{"from":[-2.0,17.599999999999998,2.8],"to":[-0.8,18.799999999999997,3.6],"origin":[-7.0,57.0,23.0],"faces":{"north":{"uv":[1.75,8.5,2.5,9.25],"texture":"#0","tintindex":0,"rotation":0},"east":{"uv":[9.5,3.25,10.0,4.0],"texture":"#0","tintindex":0,"rotation":0},"south":{"uv":[2.5,8.5,3.25,9.25],"texture":"#0","tintindex":0,"rotation":0},"west":{"uv":[9.5,5.75,10.0,6.5],"texture":"#0","tintindex":0,"rotation":0},"up":{"uv":[10.25,7.0,9.5,6.5],"texture":"#0","tintindex":0,"rotation":0},"down":{"uv":[8.0,9.5,7.25,10.0],"texture":"#0","tintindex":0,"rotation":0}},"rotation":{"origin":[-2.8000000000000003,13.599999999999998,9.200000000000001],"angle":0.0,"axis":"x"}},{"from":[-3.2,17.199999999999996,0.0],"to":[-2.4,18.4,1.2],"origin":[-7.0,57.0,23.0],"faces":{"north":{"uv":[3.75,9.75,4.25,10.5],"texture":"#0","tintindex":0,"rotation":0},"east":{"uv":[8.75,3.0,9.5,3.75],"texture":"#0","tintindex":0,"rotation":0},"south":{"uv":[9.75,4.0,10.25,4.75],"texture":"#0","tintindex":0,"rotation":0},"west":{"uv":[9.0,0.0,9.75,0.75],"texture":"#0","tintindex":0,"rotation":0},"up":{"uv":[4.75,10.5,4.25,9.75],"texture":"#0","tintindex":0,"rotation":0},"down":{"uv":[5.25,9.75,4.75,10.5],"texture":"#0","tintindex":0,"rotation":0}},"rotation":{"origin":[-2.8000000000000003,13.599999999999998,9.200000000000001],"angle":0.0,"axis":"x"}},{"from":[-3.2,17.599999999999998,1.2],"to":[-2.4,18.799999999999997,2.4],"origin":[-7.0,57.0,23.0],"faces":{"north":{"uv":[9.75,4.75,10.25,5.5],"texture":"#0","tintindex":0,"rotation":0},"east":{"uv":[4.0,9.0,4.75,9.75],"texture":"#0","tintindex":0,"rotation":0},"south":{"uv":[5.25,9.75,5.75,10.5],"texture":"#0","tintindex":0,"rotation":0},"west":{"uv":[9.0,7.0,9.75,7.75],"texture":"#0","tintindex":0,"rotation":0},"up":{"uv":[10.25,7.75,9.75,7.0],"texture":"#0","tintindex":0,"rotation":0},"down":{"uv":[10.25,7.75,9.75,8.5],"texture":"#0","tintindex":0,"rotation":0}},"rotation":{"origin":[-2.8000000000000003,13.599999999999998,9.200000000000001],"angle":0.0,"axis":"x"}},{"from":[-2.8,20.599999999999998,8.24],"to":[-2.4,21.799999999999997,8.64],"rotation":{"origin":[-2.6,21.599999999999998,9.0],"angle":-45.0,"axis":"x"},"origin":[-6.5,77.0,22.5],"faces":{"north":{"uv":[4.75,7.5,5.0,8.25],"texture":"#0","tintindex":0,"rotation":0},"east":{"uv":[5.75,9.25,6.0,10.0],"texture":"#0","tintindex":0,"rotation":0},"south":{"uv":[10.0,3.25,10.25,4.0],"texture":"#0","tintindex":0,"rotation":0},"west":{"uv":[10.0,5.5,10.25,6.25],"texture":"#0","tintindex":0,"rotation":0},"up":{"uv":[3.0,7.5,2.75,7.25],"texture":"#0","tintindex":0,"rotation":0},"down":{"uv":[8.5,0.75,8.25,1.0],"texture":"#0","tintindex":0,"rotation":0}}},{"from":[-2.8,21.199999999999996,9.6],"to":[-2.4,21.999999999999996,10.0],"rotation":{"origin":[-2.6,21.599999999999998,9.0],"angle":45.0,"axis":"x"},"origin":[-6.5,77.0,22.5],"faces":{"north":{"uv":[4.0,8.5,4.25,9.0],"texture":"#0","tintindex":0,"rotation":0},"east":{"uv":[3.75,9.25,4.0,9.75],"texture":"#0","tintindex":0,"rotation":0},"south":{"uv":[10.0,1.75,10.25,2.25],"texture":"#0","tintindex":0,"rotation":0},"west":{"uv":[5.75,10.0,6.0,10.5],"texture":"#0","tintindex":0,"rotation":0},"up":{"uv":[2.0,8.5,1.75,8.25],"texture":"#0","tintindex":0,"rotation":0},"down":{"uv":[2.25,8.25,2.0,8.5],"texture":"#0","tintindex":0,"rotation":0}}},{"from":[-2.8,21.199999999999996,8.8],"to":[-2.4,21.999999999999996,9.2],"rotation":{"origin":[-2.6,21.599999999999998,9.0],"angle":45.0,"axis":"x"},"origin":[-6.5,77.0,22.5],"faces":{"north":{"uv":[7.25,10.0,7.5,10.5],"texture":"#0","tintindex":0,"rotation":0},"east":{"uv":[7.5,10.0,7.75,10.5],"texture":"#0","tintindex":0,"rotation":0},"south":{"uv":[7.75,10.0,8.0,10.5],"texture":"#0","tintindex":0,"rotation":0},"west":{"uv":[9.75,10.0,10.0,10.5],"texture":"#0","tintindex":0,"rotation":0},"up":{"uv":[5.0,8.5,4.75,8.25],"texture":"#0","tintindex":0,"rotation":0},"down":{"uv":[8.75,0.75,8.5,1.0],"texture":"#0","tintindex":0,"rotation":0}}},{"from":[-3.2,24.0,2.8],"to":[-2.4,26.4,3.6],"origin":[-7.0,57.0,23.0],"faces":{"north":{"uv":[4.25,7.5,4.75,9.0],"texture":"#0","tintindex":0,"rotation":0},"east":{"uv":[7.25,8.0,7.75,9.5],"texture":"#0","tintindex":0,"rotation":0},"south":{"uv":[7.75,8.0,8.25,9.5],"texture":"#0","tintindex":0,"rotation":0},"west":{"uv":[1.25,8.25,1.75,9.75],"texture":"#0","tintindex":0,"rotation":0},"up":{"uv":[10.5,1.25,10.0,0.75],"texture":"#0","tintindex":0,"rotation":0},"down":{"uv":[10.5,1.25,10.0,1.75],"texture":"#0","tintindex":0,"rotation":0}},"rotation":{"origin":[-2.8000000000000003,13.599999999999998,9.200000000000001],"angle":0.0,"axis":"x"}},{"from":[-3.2,23.599999999999994,5.6],"to":[-2.4,30.799999999999997,6.0],"rotation":{"origin":[-2.8000000000000003,26.6,5.800000000000001],"angle":22.5,"axis":"x"},"origin":[-7.0,89.5,14.5],"faces":{"north":{"uv":[5.0,4.0,5.5,8.5],"texture":"#0","tintindex":0,"rotation":0},"east":{"uv":[7.0,7.0,7.25,11.5],"texture":"#0","tintindex":0,"rotation":0},"south":{"uv":[5.5,4.0,6.0,8.5],"texture":"#0","tintindex":0,"rotation":0},"west":{"uv":[1.0,7.25,1.25,11.75],"texture":"#0","tintindex":0,"rotation":0},"up":{"uv":[2.75,7.5,2.25,7.25],"texture":"#0","tintindex":0,"rotation":0},"down":{"uv":[8.5,3.75,8.0,4.0],"texture":"#0","tintindex":0,"rotation":0}}},{"from":[-2.8,21.999999999999996,8.8],"to":[-2.4,32.0,9.2],"origin":[-7.0,57.0,23.0],"faces":{"north":{"uv":[6.0,5.0,6.25,11.25],"texture":"#0","tintindex":0,"rotation":0},"east":{"uv":[6.25,5.0,6.5,11.25],"texture":"#0","tintindex":0,"rotation":0},"south":{"uv":[6.5,5.0,6.75,11.25],"texture":"#0","tintindex":0,"rotation":0},"west":{"uv":[6.75,5.0,7.0,11.25],"texture":"#0","tintindex":0,"rotation":0},"up":{"uv":[8.75,4.0,8.5,3.75],"texture":"#0","tintindex":0,"rotation":0},"down":{"uv":[8.75,5.75,8.5,6.0],"texture":"#0","tintindex":0,"rotation":0}},"rotation":{"origin":[-2.8000000000000003,13.599999999999998,9.200000000000001],"angle":0.0,"axis":"x"}},{"from":[-3.6,17.199999999999996,2.4],"to":[-2.0,22.4,4.0],"origin":[-7.0,57.0,23.0],"faces":{"north":{"uv":[3.0,1.0,4.0,4.25],"texture":"#0","tintindex":0,"rotation":0},"east":{"uv":[4.0,1.0,5.0,4.25],"texture":"#0","tintindex":0,"rotation":0},"south":{"uv":[3.0,4.25,4.0,7.5],"texture":"#0","tintindex":0,"rotation":0},"west":{"uv":[4.0,4.25,5.0,7.5],"texture":"#0","tintindex":0,"rotation":0},"up":{"uv":[3.25,8.5,2.25,7.5],"texture":"#0","tintindex":0,"rotation":0},"down":{"uv":[4.25,7.5,3.25,8.5],"texture":"#0","tintindex":0,"rotation":0}},"rotation":{"origin":[-2.8000000000000003,13.599999999999998,9.200000000000001],"angle":0.0,"axis":"x"}}],"display":{"head":{"scale":[4.0,4.0,4.0],"translation":[32.0,62.30000000000001,32.0]}}}