{"parent":"item/generated","textures":{"layer0":"minecraft:item/leather_horse_armor"},"data":50128,"overrides":[{"predicate":{"custom_model_data":50001},"model":"freeminecraftmodels:armorcrushertowerdiamond/main"},{"predicate":{"custom_model_data":50002},"model":"freeminecraftmodels:armorcrushertowerdiamond/ram"},{"predicate":{"custom_model_data":50003},"model":"freeminecraftmodels:armorcrushertowerdiamond/tag_name"},{"predicate":{"custom_model_data":50003},"model":"freeminecraftmodels:armorcrushertoweremerald/main"},{"predicate":{"custom_model_data":50004},"model":"freeminecraftmodels:armorcrushertoweremerald/ram"},{"predicate":{"custom_model_data":50005},"model":"freeminecraftmodels:armorcrushertoweremerald/tag_name"},{"predicate":{"custom_model_data":50005},"model":"freeminecraftmodels:armorcrushertowergold/main"},{"predicate":{"custom_model_data":50006},"model":"freeminecraftmodels:armorcrushertowergold/ram"},{"predicate":{"custom_model_data":50007},"model":"freeminecraftmodels:armorcrushertowergold/tag_name"},{"predicate":{"custom_model_data":50007},"model":"freeminecraftmodels:armorcrushertowernetherite/main"},{"predicate":{"custom_model_data":50008},"model":"freeminecraftmodels:armorcrushertowernetherite/ram"},{"predicate":{"custom_model_data":50009},"model":"freeminecraftmodels:armorcrushertowernetherite/tag_name"},{"predicate":{"custom_model_data":50009},"model":"freeminecraftmodels:armorcrushertowerredstone/main"},{"predicate":{"custom_model_data":50010},"model":"freeminecraftmodels:armorcrushertowerredstone/ram"},{"predicate":{"custom_model_data":50011},"model":"freeminecraftmodels:armorcrushertowerredstone/tag_name"},{"predicate":{"custom_model_data":50011},"model":"freeminecraftmodels:armorcrushertowerstone/main"},{"predicate":{"custom_model_data":50012},"model":"freeminecraftmodels:armorcrushertowerstone/ram"},{"predicate":{"custom_model_data":50013},"model":"freeminecraftmodels:armorcrushertowerstone/tag_name"},{"predicate":{"custom_model_data":50013},"model":"freeminecraftmodels:attachmentarmorcrushertower/ram_head"},{"predicate":{"custom_model_data":50014},"model":"freeminecraftmodels:attachmentarmorcrushertower/tag_name"},{"predicate":{"custom_model_data":50014},"model":"freeminecraftmodels:attachmentbeamtower/beam"},{"predicate":{"custom_model_data":50015},"model":"freeminecraftmodels:attachmentbeamtower/tag_name"},{"predicate":{"custom_model_data":50015},"model":"freeminecraftmodels:attachmentexplosiontower/fireworks"},{"predicate":{"custom_model_data":50016},"model":"freeminecraftmodels:attachmentexplosiontower/tag_name"},{"predicate":{"custom_model_data":50016},"model":"freeminecraftmodels:attachmentgoldminetower/minecart"},{"predicate":{"custom_model_data":50017},"model":"freeminecraftmodels:attachmentgoldminetower/tag_name"},{"predicate":{"custom_model_data":50017},"model":"freeminecraftmodels:attachmenticeboxtower/snowman"},{"predicate":{"custom_model_data":50018},"model":"freeminecraftmodels:attachmenticeboxtower/tag_name"},{"predicate":{"custom_model_data":50018},"model":"freeminecraftmodels:attachmentnapalmdispensertower/napalm_dispenser"},{"predicate":{"custom_model_data":50019},"model":"freeminecraftmodels:attachmentnapalmdispensertower/tag_name"},{"predicate":{"custom_model_data":50019},"model":"freeminecraftmodels:attachmentobsidianquarrytower/crane"},{"predicate":{"custom_model_data":50020},"model":"freeminecraftmodels:attachmentobsidianquarrytower/tag_name"},{"predicate":{"custom_model_data":50020},"model":"freeminecraftmodels:attachmentspyglasstower/spyglass"},{"predicate":{"custom_model_data":50021},"model":"freeminecraftmodels:attachmentspyglasstower/tag_name"},{"predicate":{"custom_model_data":50021},"model":"freeminecraftmodels:attachmentsugartower/barrel"},{"predicate":{"custom_model_data":50022},"model":"freeminecraftmodels:barricade/main"},{"predicate":{"custom_model_data":50023},"model":"freeminecraftmodels:barricade/tag_name"},{"predicate":{"custom_model_data":50023},"model":"freeminecraftmodels:basictowerdiamond/main"},{"predicate":{"custom_model_data":50024},"model":"freeminecraftmodels:basictowerdiamond/tag_name"},{"predicate":{"custom_model_data":50024},"model":"freeminecraftmodels:basictoweremerald/main"},{"predicate":{"custom_model_data":50025},"model":"freeminecraftmodels:basictoweremerald/tag_name"},{"predicate":{"custom_model_data":50025},"model":"freeminecraftmodels:basictowergold/main"},{"predicate":{"custom_model_data":50026},"model":"freeminecraftmodels:basictowergold/tag_name"},{"predicate":{"custom_model_data":50026},"model":"freeminecraftmodels:basictowernetherite/main"},{"predicate":{"custom_model_data":50027},"model":"freeminecraftmodels:basictowernetherite/tag_name"},{"predicate":{"custom_model_data":50027},"model":"freeminecraftmodels:basictowerredstone/main"},{"predicate":{"custom_model_data":50028},"model":"freeminecraftmodels:basictowerredstone/tag_name"},{"predicate":{"custom_model_data":50028},"model":"freeminecraftmodels:basictowerstone/main"},{"predicate":{"custom_model_data":50029},"model":"freeminecraftmodels:basictowerstone/tag_name"},{"predicate":{"custom_model_data":50029},"model":"freeminecraftmodels:beamgeneratortowerdiamond/main"},{"predicate":{"custom_model_data":50030},"model":"freeminecraftmodels:beamgeneratortowerdiamond/bone"},{"predicate":{"custom_model_data":50031},"model":"freeminecraftmodels:beamgeneratortowerdiamond/bone2"},{"predicate":{"custom_model_data":50032},"model":"freeminecraftmodels:beamgeneratortowerdiamond/bone3"},{"predicate":{"custom_model_data":50033},"model":"freeminecraftmodels:beamgeneratortowerdiamond/bone5"},{"predicate":{"custom_model_data":50034},"model":"freeminecraftmodels:beamgeneratortowerdiamond/beam"},{"predicate":{"custom_model_data":50035},"model":"freeminecraftmodels:beamgeneratortowerdiamond/tag_name"},{"predicate":{"custom_model_data":50035},"model":"freeminecraftmodels:beamgeneratortoweremerald/main"},{"predicate":{"custom_model_data":50036},"model":"freeminecraftmodels:beamgeneratortoweremerald/bone"},{"predicate":{"custom_model_data":50037},"model":"freeminecraftmodels:beamgeneratortoweremerald/bone2"},{"predicate":{"custom_model_data":50038},"model":"freeminecraftmodels:beamgeneratortoweremerald/bone3"},{"predicate":{"custom_model_data":50039},"model":"freeminecraftmodels:beamgeneratortoweremerald/bone5"},{"predicate":{"custom_model_data":50040},"model":"freeminecraftmodels:beamgeneratortoweremerald/beam"},{"predicate":{"custom_model_data":50041},"model":"freeminecraftmodels:beamgeneratortoweremerald/tag_name"},{"predicate":{"custom_model_data":50041},"model":"freeminecraftmodels:beamgeneratortowergold/main"},{"predicate":{"custom_model_data":50042},"model":"freeminecraftmodels:beamgeneratortowergold/bone"},{"predicate":{"custom_model_data":50043},"model":"freeminecraftmodels:beamgeneratortowergold/bone2"},{"predicate":{"custom_model_data":50044},"model":"freeminecraftmodels:beamgeneratortowergold/bone3"},{"predicate":{"custom_model_data":50045},"model":"freeminecraftmodels:beamgeneratortowergold/bone5"},{"predicate":{"custom_model_data":50046},"model":"freeminecraftmodels:beamgeneratortowergold/beam"},{"predicate":{"custom_model_data":50047},"model":"freeminecraftmodels:beamgeneratortowergold/tag_name"},{"predicate":{"custom_model_data":50047},"model":"freeminecraftmodels:beamgeneratortowernetherite/main"},{"predicate":{"custom_model_data":50048},"model":"freeminecraftmodels:beamgeneratortowernetherite/bone"},{"predicate":{"custom_model_data":50049},"model":"freeminecraftmodels:beamgeneratortowernetherite/bone2"},{"predicate":{"custom_model_data":50050},"model":"freeminecraftmodels:beamgeneratortowernetherite/bone3"},{"predicate":{"custom_model_data":50051},"model":"freeminecraftmodels:beamgeneratortowernetherite/bone5"},{"predicate":{"custom_model_data":50052},"model":"freeminecraftmodels:beamgeneratortowernetherite/beam"},{"predicate":{"custom_model_data":50053},"model":"freeminecraftmodels:beamgeneratortowernetherite/tag_name"},{"predicate":{"custom_model_data":50053},"model":"freeminecraftmodels:beamgeneratortowerredstone/main"},{"predicate":{"custom_model_data":50054},"model":"freeminecraftmodels:beamgeneratortowerredstone/bone"},{"predicate":{"custom_model_data":50055},"model":"freeminecraftmodels:beamgeneratortowerredstone/bone2"},{"predicate":{"custom_model_data":50056},"model":"freeminecraftmodels:beamgeneratortowerredstone/bone3"},{"predicate":{"custom_model_data":50057},"model":"freeminecraftmodels:beamgeneratortowerredstone/bone5"},{"predicate":{"custom_model_data":50058},"model":"freeminecraftmodels:beamgeneratortowerredstone/beam"},{"predicate":{"custom_model_data":50059},"model":"freeminecraftmodels:beamgeneratortowerredstone/tag_name"},{"predicate":{"custom_model_data":50059},"model":"freeminecraftmodels:beamgeneratortowerstone/main"},{"predicate":{"custom_model_data":50060},"model":"freeminecraftmodels:beamgeneratortowerstone/bone"},{"predicate":{"custom_model_data":50061},"model":"freeminecraftmodels:beamgeneratortowerstone/bone2"},{"predicate":{"custom_model_data":50062},"model":"freeminecraftmodels:beamgeneratortowerstone/bone3"},{"predicate":{"custom_model_data":50063},"model":"freeminecraftmodels:beamgeneratortowerstone/bone5"},{"predicate":{"custom_model_data":50064},"model":"freeminecraftmodels:beamgeneratortowerstone/beam"},{"predicate":{"custom_model_data":50065},"model":"freeminecraftmodels:beamgeneratortowerstone/tag_name"},{"predicate":{"custom_model_data":50065},"model":"freeminecraftmodels:explosiontowerdiamond/main"},{"predicate":{"custom_model_data":50066},"model":"freeminecraftmodels:explosiontowerdiamond/tag_name"},{"predicate":{"custom_model_data":50066},"model":"freeminecraftmodels:explosiontoweremerald/main"},{"predicate":{"custom_model_data":50067},"model":"freeminecraftmodels:explosiontoweremerald/tag_name"},{"predicate":{"custom_model_data":50067},"model":"freeminecraftmodels:explosiontowergold/main"},{"predicate":{"custom_model_data":50068},"model":"freeminecraftmodels:explosiontowergold/tag_name"},{"predicate":{"custom_model_data":50068},"model":"freeminecraftmodels:explosiontowernetherite/main"},{"predicate":{"custom_model_data":50069},"model":"freeminecraftmodels:explosiontowernetherite/tag_name"},{"predicate":{"custom_model_data":50069},"model":"freeminecraftmodels:explosiontowerredstone/main"},{"predicate":{"custom_model_data":50070},"model":"freeminecraftmodels:explosiontowerredstone/tag_name"},{"predicate":{"custom_model_data":50070},"model":"freeminecraftmodels:explosiontowerstone/main"},{"predicate":{"custom_model_data":50071},"model":"freeminecraftmodels:explosiontowerstone/tag_name"},{"predicate":{"custom_model_data":50071},"model":"freeminecraftmodels:goldminetowerdiamond/main"},{"predicate":{"custom_model_data":50072},"model":"freeminecraftmodels:goldminetowerdiamond/tag_name"},{"predicate":{"custom_model_data":50072},"model":"freeminecraftmodels:goldminetoweremerald/main"},{"predicate":{"custom_model_data":50073},"model":"freeminecraftmodels:goldminetoweremerald/tag_name"},{"predicate":{"custom_model_data":50073},"model":"freeminecraftmodels:goldminetowergold/main"},{"predicate":{"custom_model_data":50074},"model":"freeminecraftmodels:goldminetowergold/tag_name"},{"predicate":{"custom_model_data":50074},"model":"freeminecraftmodels:goldminetowernetherite/main"},{"predicate":{"custom_model_data":50075},"model":"freeminecraftmodels:goldminetowernetherite/tag_name"},{"predicate":{"custom_model_data":50075},"model":"freeminecraftmodels:goldminetowerredstone/main"},{"predicate":{"custom_model_data":50076},"model":"freeminecraftmodels:goldminetowerredstone/tag_name"},{"predicate":{"custom_model_data":50076},"model":"freeminecraftmodels:goldminetowerstone/main"},{"predicate":{"custom_model_data":50077},"model":"freeminecraftmodels:goldminetowerstone/tag_name"},{"predicate":{"custom_model_data":50077},"model":"freeminecraftmodels:iceboxtowerdiamond/main"},{"predicate":{"custom_model_data":50078},"model":"freeminecraftmodels:iceboxtowerdiamond/tag_name"},{"predicate":{"custom_model_data":50078},"model":"freeminecraftmodels:iceboxtoweremerald/main"},{"predicate":{"custom_model_data":50079},"model":"freeminecraftmodels:iceboxtoweremerald/tag_name"},{"predicate":{"custom_model_data":50079},"model":"freeminecraftmodels:iceboxtowergold/main"},{"predicate":{"custom_model_data":50080},"model":"freeminecraftmodels:iceboxtowergold/tag_name"},{"predicate":{"custom_model_data":50080},"model":"freeminecraftmodels:iceboxtowernetherite/main"},{"predicate":{"custom_model_data":50081},"model":"freeminecraftmodels:iceboxtowernetherite/tag_name"},{"predicate":{"custom_model_data":50081},"model":"freeminecraftmodels:iceboxtowerredstone/main"},{"predicate":{"custom_model_data":50082},"model":"freeminecraftmodels:iceboxtowerredstone/tag_name"},{"predicate":{"custom_model_data":50082},"model":"freeminecraftmodels:iceboxtowerstone/main"},{"predicate":{"custom_model_data":50083},"model":"freeminecraftmodels:iceboxtowerstone/tag_name"},{"predicate":{"custom_model_data":50083},"model":"freeminecraftmodels:napalmdispensertowerdiamond/main"},{"predicate":{"custom_model_data":50084},"model":"freeminecraftmodels:napalmdispensertowerdiamond/tag_name"},{"predicate":{"custom_model_data":50084},"model":"freeminecraftmodels:napalmdispensertoweremerald/main"},{"predicate":{"custom_model_data":50085},"model":"freeminecraftmodels:napalmdispensertoweremerald/tag_name"},{"predicate":{"custom_model_data":50085},"model":"freeminecraftmodels:napalmdispensertowergold/main"},{"predicate":{"custom_model_data":50086},"model":"freeminecraftmodels:napalmdispensertowergold/tag_name"},{"predicate":{"custom_model_data":50086},"model":"freeminecraftmodels:napalmdispensertowernetherite/main"},{"predicate":{"custom_model_data":50087},"model":"freeminecraftmodels:napalmdispensertowernetherite/tag_name"},{"predicate":{"custom_model_data":50087},"model":"freeminecraftmodels:napalmdispensertowerredstone/main"},{"predicate":{"custom_model_data":50088},"model":"freeminecraftmodels:napalmdispensertowerredstone/tag_name"},{"predicate":{"custom_model_data":50088},"model":"freeminecraftmodels:napalmdispensertowerstone/main"},{"predicate":{"custom_model_data":50089},"model":"freeminecraftmodels:napalmdispensertowerstone/tag_name"},{"predicate":{"custom_model_data":50089},"model":"freeminecraftmodels:obsidianquarrytowerdiamond/main"},{"predicate":{"custom_model_data":50090},"model":"freeminecraftmodels:obsidianquarrytowerdiamond/tag_name"},{"predicate":{"custom_model_data":50090},"model":"freeminecraftmodels:obsidianquarrytoweremerald/main"},{"predicate":{"custom_model_data":50091},"model":"freeminecraftmodels:obsidianquarrytoweremerald/tag_name"},{"predicate":{"custom_model_data":50091},"model":"freeminecraftmodels:obsidianquarrytowergold/main"},{"predicate":{"custom_model_data":50092},"model":"freeminecraftmodels:obsidianquarrytowergold/tag_name"},{"predicate":{"custom_model_data":50092},"model":"freeminecraftmodels:obsidianquarrytowernetherite/main"},{"predicate":{"custom_model_data":50093},"model":"freeminecraftmodels:obsidianquarrytowernetherite/tag_name"},{"predicate":{"custom_model_data":50093},"model":"freeminecraftmodels:obsidianquarrytowerredstone/main"},{"predicate":{"custom_model_data":50094},"model":"freeminecraftmodels:obsidianquarrytowerredstone/tag_name"},{"predicate":{"custom_model_data":50094},"model":"freeminecraftmodels:obsidianquarrytowerstone/main"},{"predicate":{"custom_model_data":50095},"model":"freeminecraftmodels:obsidianquarrytowerstone/tag_name"},{"predicate":{"custom_model_data":50095},"model":"freeminecraftmodels:reddownarrow/bone"},{"predicate":{"custom_model_data":50096},"model":"freeminecraftmodels:reddownarrow/tag_name"},{"predicate":{"custom_model_data":50096},"model":"freeminecraftmodels:spyglasstowerdiamond/main"},{"predicate":{"custom_model_data":50097},"model":"freeminecraftmodels:spyglasstowerdiamond/tag_name"},{"predicate":{"custom_model_data":50097},"model":"freeminecraftmodels:spyglasstoweremerald/main"},{"predicate":{"custom_model_data":50098},"model":"freeminecraftmodels:spyglasstoweremerald/tag_name"},{"predicate":{"custom_model_data":50098},"model":"freeminecraftmodels:spyglasstowergold/main"},{"predicate":{"custom_model_data":50099},"model":"freeminecraftmodels:spyglasstowergold/tag_name"},{"predicate":{"custom_model_data":50099},"model":"freeminecraftmodels:spyglasstowernetherite/main"},{"predicate":{"custom_model_data":50100},"model":"freeminecraftmodels:spyglasstowernetherite/tag_name"},{"predicate":{"custom_model_data":50100},"model":"freeminecraftmodels:spyglasstowerredstone/main"},{"predicate":{"custom_model_data":50101},"model":"freeminecraftmodels:spyglasstowerredstone/tag_name"},{"predicate":{"custom_model_data":50101},"model":"freeminecraftmodels:spyglasstowerstone/main"},{"predicate":{"custom_model_data":50102},"model":"freeminecraftmodels:spyglasstowerstone/tag_name"},{"predicate":{"custom_model_data":50102},"model":"freeminecraftmodels:sugartowerdiamond/main"},{"predicate":{"custom_model_data":50103},"model":"freeminecraftmodels:sugartowerdiamond/tag_name"},{"predicate":{"custom_model_data":50103},"model":"freeminecraftmodels:sugartoweremerald/main"},{"predicate":{"custom_model_data":50104},"model":"freeminecraftmodels:sugartoweremerald/tag_name"},{"predicate":{"custom_model_data":50104},"model":"freeminecraftmodels:sugartowergold/main"},{"predicate":{"custom_model_data":50105},"model":"freeminecraftmodels:sugartowergold/tag_name"},{"predicate":{"custom_model_data":50105},"model":"freeminecraftmodels:sugartowernetherite/main"},{"predicate":{"custom_model_data":50106},"model":"freeminecraftmodels:sugartowernetherite/tag_name"},{"predicate":{"custom_model_data":50106},"model":"freeminecraftmodels:sugartowerredstone/main"},{"predicate":{"custom_model_data":50107},"model":"freeminecraftmodels:sugartowerredstone/tag_name"},{"predicate":{"custom_model_data":50107},"model":"freeminecraftmodels:sugartowerstone/main"},{"predicate":{"custom_model_data":50108},"model":"freeminecraftmodels:sugartowerstone/tag_name"},{"predicate":{"custom_model_data":50108},"model":"freeminecraftmodels:anubis_pet/torso"},{"predicate":{"custom_model_data":50109},"model":"freeminecraftmodels:anubis_pet/left_leg"},{"predicate":{"custom_model_data":50110},"model":"freeminecraftmodels:anubis_pet/left_foot"},{"predicate":{"custom_model_data":50111},"model":"freeminecraftmodels:anubis_pet/right_leg"},{"predicate":{"custom_model_data":50112},"model":"freeminecraftmodels:anubis_pet/right_foot"},{"predicate":{"custom_model_data":50113},"model":"freeminecraftmodels:anubis_pet/left_arm"},{"predicate":{"custom_model_data":50114},"model":"freeminecraftmodels:anubis_pet/left_hand"},{"predicate":{"custom_model_data":50115},"model":"freeminecraftmodels:anubis_pet/right_arm"},{"predicate":{"custom_model_data":50116},"model":"freeminecraftmodels:anubis_pet/right_hand"},{"predicate":{"custom_model_data":50117},"model":"freeminecraftmodels:anubis_pet/staff2"},{"predicate":{"custom_model_data":50118},"model":"freeminecraftmodels:anubis_pet/h_head"},{"predicate":{"custom_model_data":50119},"model":"freeminecraftmodels:anubis_pet/tag_name"},{"predicate":{"custom_model_data":50119},"model":"freeminecraftmodels:unleash_your_creativity/bone"},{"predicate":{"custom_model_data":50120},"model":"freeminecraftmodels:unleash_your_creativity/leftleg"},{"predicate":{"custom_model_data":50121},"model":"freeminecraftmodels:unleash_your_creativity/rightleg"},{"predicate":{"custom_model_data":50122},"model":"freeminecraftmodels:unleash_your_creativity/body"},{"predicate":{"custom_model_data":50123},"model":"freeminecraftmodels:unleash_your_creativity/leftcuff"},{"predicate":{"custom_model_data":50124},"model":"freeminecraftmodels:unleash_your_creativity/leftarm"},{"predicate":{"custom_model_data":50125},"model":"freeminecraftmodels:unleash_your_creativity/rightcuff"},{"predicate":{"custom_model_data":50126},"model":"freeminecraftmodels:unleash_your_creativity/rightarm"},{"predicate":{"custom_model_data":50127},"model":"freeminecraftmodels:unleash_your_creativity/head"},{"predicate":{"custom_model_data":50128},"model":"freeminecraftmodels:unleash_your_creativity/flag"}]}