{"parent":"item/generated","textures":{"layer0":"minecraft:item/leather_horse_armor"},"data":50021,"overrides":[{"predicate":{"custom_model_data":50001},"model":"freeminecraftmodels:anubis_pet/torso"},{"predicate":{"custom_model_data":50002},"model":"freeminecraftmodels:anubis_pet/left_leg"},{"predicate":{"custom_model_data":50003},"model":"freeminecraftmodels:anubis_pet/left_foot"},{"predicate":{"custom_model_data":50004},"model":"freeminecraftmodels:anubis_pet/right_leg"},{"predicate":{"custom_model_data":50005},"model":"freeminecraftmodels:anubis_pet/right_foot"},{"predicate":{"custom_model_data":50006},"model":"freeminecraftmodels:anubis_pet/left_arm"},{"predicate":{"custom_model_data":50007},"model":"freeminecraftmodels:anubis_pet/left_hand"},{"predicate":{"custom_model_data":50008},"model":"freeminecraftmodels:anubis_pet/right_arm"},{"predicate":{"custom_model_data":50009},"model":"freeminecraftmodels:anubis_pet/right_hand"},{"predicate":{"custom_model_data":50010},"model":"freeminecraftmodels:anubis_pet/staff2"},{"predicate":{"custom_model_data":50011},"model":"freeminecraftmodels:anubis_pet/h_head"},{"predicate":{"custom_model_data":50012},"model":"freeminecraftmodels:anubis_pet/tag_name"},{"predicate":{"custom_model_data":50012},"model":"freeminecraftmodels:unleash_your_creativity/bone"},{"predicate":{"custom_model_data":50013},"model":"freeminecraftmodels:unleash_your_creativity/leftleg"},{"predicate":{"custom_model_data":50014},"model":"freeminecraftmodels:unleash_your_creativity/rightleg"},{"predicate":{"custom_model_data":50015},"model":"freeminecraftmodels:unleash_your_creativity/body"},{"predicate":{"custom_model_data":50016},"model":"freeminecraftmodels:unleash_your_creativity/leftcuff"},{"predicate":{"custom_model_data":50017},"model":"freeminecraftmodels:unleash_your_creativity/leftarm"},{"predicate":{"custom_model_data":50018},"model":"freeminecraftmodels:unleash_your_creativity/rightcuff"},{"predicate":{"custom_model_data":50019},"model":"freeminecraftmodels:unleash_your_creativity/rightarm"},{"predicate":{"custom_model_data":50020},"model":"freeminecraftmodels:unleash_your_creativity/head"},{"predicate":{"custom_model_data":50021},"model":"freeminecraftmodels:unleash_your_creativity/flag"}]}