{"textures":{"0":"freeminecraftmodels:entity/tower_pedestal","1":"freeminecraftmodels:entity/attachment_beam","2":"freeminecraftmodels:entity/beam_tower_texture_redstone"},"elements":[{"from":[-5.6,17.2,-3.48],"to":[-4.4,21.2,-2.28],"origin":[-24.0,12.0,-24.0],"faces":{"north":{"uv":[4.875,6.375,5.25,7.625],"texture":"#2","tintindex":0,"rotation":0},"east":{"uv":[5.25,6.375,5.625,7.625],"texture":"#2","tintindex":0,"rotation":0},"south":{"uv":[5.625,6.375,6.0,7.625],"texture":"#2","tintindex":0,"rotation":0},"west":{"uv":[6.375,6.0,6.75,7.25],"texture":"#2","tintindex":0,"rotation":0},"up":{"uv":[12.625,2.375,12.25,2.0],"texture":"#2","tintindex":0,"rotation":0},"down":{"uv":[2.75,12.25,2.375,12.625],"texture":"#2","tintindex":0,"rotation":0}},"rotation":{"origin":[-9.600000000000001,4.800000000000001,-9.600000000000001],"angle":0.0,"axis":"x"}},{"from":[-5.1022,21.2,-5.6339],"to":[-4.7022,26.4,-5.2339],"rotation":{"origin":[-4.1821996111832975,24.4,-3.833857057642483],"angle":-45.0,"axis":"x"},"origin":[-10.455499027958243,60.99999999999999,-9.584642644106207],"faces":{"north":{"uv":[11.875,1.625,12.0,3.25],"texture":"#2","tintindex":0,"rotation":0},"east":{"uv":[11.875,3.25,12.0,4.875],"texture":"#2","tintindex":0,"rotation":0},"south":{"uv":[11.875,4.875,12.0,6.5],"texture":"#2","tintindex":0,"rotation":0},"west":{"uv":[11.875,6.5,12.0,8.125],"texture":"#2","tintindex":0,"rotation":0},"up":{"uv":[9.75,8.625,9.625,8.5],"texture":"#2","tintindex":0,"rotation":0},"down":{"uv":[9.75,8.625,9.625,8.75],"texture":"#2","tintindex":0,"rotation":0}}},{"from":[-5.5661,11.9408,-5.6178],"to":[-4.3661,18.3408,-4.4178],"rotation":{"origin":[-4.9661373901091235,15.14077988116189,-4.61779483656831],"angle":45.0,"axis":"x"},"origin":[-12.415343475272808,37.851949702904726,-11.544487091420773],"faces":{"north":{"uv":[0.0,3.0,0.375,5.0],"texture":"#2","tintindex":0,"rotation":0},"east":{"uv":[3.0,0.0,3.375,2.0],"texture":"#2","tintindex":0,"rotation":0},"south":{"uv":[0.375,3.0,0.75,5.0],"texture":"#2","tintindex":0,"rotation":0},"west":{"uv":[0.75,3.0,1.125,5.0],"texture":"#2","tintindex":0,"rotation":0},"up":{"uv":[12.625,3.5,12.25,3.125],"texture":"#2","tintindex":0,"rotation":0},"down":{"uv":[12.625,3.5,12.25,3.875],"texture":"#2","tintindex":0,"rotation":0}}}],"display":{"head":{"scale":[4.0,4.0,4.0],"translation":[51.73667400258484,25.5,51.448888200693155]}}}