{"textures":{"0":"freeminecraftmodels:entity/attachment_napalm_dispenser"},"elements":[{"from":[-4.0,27.6,-3.6],"to":[4.0,28.0,3.6],"origin":[0.0,0.0,0.0],"faces":{"north":{"uv":[5.0,0.0,10.0,0.25],"texture":"#0","tintindex":0,"rotation":0},"east":{"uv":[5.0,0.5,9.5,0.75],"texture":"#0","tintindex":0,"rotation":0},"south":{"uv":[5.0,0.25,10.0,0.5],"texture":"#0","tintindex":0,"rotation":0},"west":{"uv":[5.0,0.75,9.5,1.0],"texture":"#0","tintindex":0,"rotation":0},"up":{"uv":[5.0,4.5,0.0,0.0],"texture":"#0","tintindex":0,"rotation":0},"down":{"uv":[5.0,4.5,0.0,9.0],"texture":"#0","tintindex":0,"rotation":0}},"rotation":{"origin":[0.0,0.0,0.0],"angle":0.0,"axis":"x"}}],"display":{"head":{"scale":[4.0,4.0,4.0],"translation":[32.0,25.5,32.0]}}}