{"textures":{"0":"freeminecraftmodels:entity/attachment_explosions"},"elements":[{"from":[-6.4,26.0,2.4],"to":[-5.6,26.8,3.2],"rotation":{"origin":[-6.0,29.1,2.0],"angle":22.5,"axis":"x"},"origin":[-15.0,82.75,5.0],"faces":{"north":{"uv":[2.0,6.0,3.0,7.0],"texture":"#0","tintindex":0,"rotation":0},"east":{"uv":[8.0,8.0,9.0,9.0],"texture":"#0","tintindex":0,"rotation":0},"south":{"uv":[0.0,9.0,1.0,10.0],"texture":"#0","tintindex":0,"rotation":0},"west":{"uv":[9.0,0.0,10.0,1.0],"texture":"#0","tintindex":0,"rotation":0},"up":{"uv":[2.0,10.0,1.0,9.0],"texture":"#0","tintindex":0,"rotation":0},"down":{"uv":[10.0,1.0,9.0,2.0],"texture":"#0","tintindex":0,"rotation":0}}},{"from":[-6.8,30.4,2.0],"to":[-5.2,31.200000000000003,3.6],"rotation":{"origin":[-6.0,29.1,2.0],"angle":22.5,"axis":"x"},"origin":[-15.0,82.75,5.0],"faces":{"north":{"uv":[7.0,7.0,9.0,8.0],"texture":"#0","tintindex":0,"rotation":0},"east":{"uv":[0.0,8.0,2.0,9.0],"texture":"#0","tintindex":0,"rotation":0},"south":{"uv":[4.0,8.0,6.0,9.0],"texture":"#0","tintindex":0,"rotation":0},"west":{"uv":[6.0,8.0,8.0,9.0],"texture":"#0","tintindex":0,"rotation":0},"up":{"uv":[4.0,9.0,2.0,7.0],"texture":"#0","tintindex":0,"rotation":0},"down":{"uv":[9.0,2.0,7.0,4.0],"texture":"#0","tintindex":0,"rotation":0}}},{"from":[-6.4,31.200000000000003,2.4],"to":[-5.6,32.0,3.2],"rotation":{"origin":[-6.0,29.1,2.0],"angle":22.5,"axis":"x"},"origin":[-15.0,82.75,5.0],"faces":{"north":{"uv":[2.0,9.0,3.0,10.0],"texture":"#0","tintindex":0,"rotation":0},"east":{"uv":[9.0,2.0,10.0,3.0],"texture":"#0","tintindex":0,"rotation":0},"south":{"uv":[3.0,9.0,4.0,10.0],"texture":"#0","tintindex":0,"rotation":0},"west":{"uv":[9.0,3.0,10.0,4.0],"texture":"#0","tintindex":0,"rotation":0},"up":{"uv":[5.0,10.0,4.0,9.0],"texture":"#0","tintindex":0,"rotation":0},"down":{"uv":[6.0,9.0,5.0,10.0],"texture":"#0","tintindex":0,"rotation":0}}},{"from":[-7.2,29.6,1.6],"to":[-4.8,30.4,4.0],"rotation":{"origin":[-6.0,29.1,2.0],"angle":22.5,"axis":"x"},"origin":[-15.0,82.75,5.0],"faces":{"north":{"uv":[4.0,7.0,7.0,8.0],"texture":"#0","tintindex":0,"rotation":0},"east":{"uv":[7.0,4.0,10.0,5.0],"texture":"#0","tintindex":0,"rotation":0},"south":{"uv":[7.0,5.0,10.0,6.0],"texture":"#0","tintindex":0,"rotation":0},"west":{"uv":[7.0,6.0,10.0,7.0],"texture":"#0","tintindex":0,"rotation":0},"up":{"uv":[3.0,3.0,0.0,0.0],"texture":"#0","tintindex":0,"rotation":0},"down":{"uv":[3.0,3.0,0.0,6.0],"texture":"#0","tintindex":0,"rotation":0}}},{"from":[-6.8,26.8,2.0],"to":[-5.2,29.6,3.6],"rotation":{"origin":[-6.0,29.1,2.0],"angle":22.5,"axis":"x"},"origin":[-15.0,82.75,5.0],"faces":{"north":{"uv":[3.0,0.0,5.0,3.5],"texture":"#0","tintindex":0,"rotation":0},"east":{"uv":[3.0,3.5,5.0,7.0],"texture":"#0","tintindex":0,"rotation":0},"south":{"uv":[5.0,0.0,7.0,3.5],"texture":"#0","tintindex":0,"rotation":0},"west":{"uv":[5.0,3.5,7.0,7.0],"texture":"#0","tintindex":0,"rotation":0},"up":{"uv":[2.0,8.0,0.0,6.0],"texture":"#0","tintindex":0,"rotation":0},"down":{"uv":[9.0,0.0,7.0,2.0],"texture":"#0","tintindex":0,"rotation":0}}}],"display":{"head":{"scale":[4.0,4.0,4.0],"translation":[56.0,41.5,24.0]}}}