{"textures":{"0":"freeminecraftmodels:entity/anubis_pet"},"elements":[{"from":[-1.0,5.6,-1.6],"to":[1.0,7.6,0.0],"origin":[-1.5,0.0,5.0],"faces":{"north":{"uv":[0.0,6.75,1.25,8.0],"texture":"#0","tintindex":0,"rotation":0},"east":{"uv":[3.25,7.5,4.25,8.75],"texture":"#0","tintindex":0,"rotation":0},"south":{"uv":[6.75,1.0,8.0,2.25],"texture":"#0","tintindex":0,"rotation":0},"west":{"uv":[7.75,2.25,8.75,3.5],"texture":"#0","tintindex":0,"rotation":0},"up":{"uv":[1.25,9.0,0.0,8.0],"texture":"#0","tintindex":0,"rotation":0},"down":{"uv":[9.25,1.0,8.0,2.0],"texture":"#0","tintindex":0,"rotation":0}},"rotation":{"origin":[-0.6000000000000001,0.0,2.0],"angle":0.0,"axis":"x"}},{"from":[-1.2,5.4,0.0],"to":[1.2,7.8,0.8],"origin":[-1.5,0.0,6.0],"faces":{"north":{"uv":[3.25,1.0,4.75,2.5],"texture":"#0","tintindex":0,"rotation":0},"east":{"uv":[1.75,4.5,2.25,6.0],"texture":"#0","tintindex":0,"rotation":0},"south":{"uv":[3.25,2.5,4.75,4.0],"texture":"#0","tintindex":0,"rotation":0},"west":{"uv":[9.5,4.5,10.0,6.0],"texture":"#0","tintindex":0,"rotation":0},"up":{"uv":[11.0,6.5,9.5,6.0],"texture":"#0","tintindex":0,"rotation":0},"down":{"uv":[11.0,6.5,9.5,7.0],"texture":"#0","tintindex":0,"rotation":0}},"rotation":{"origin":[-0.6000000000000001,0.0,2.4000000000000004],"angle":0.0,"axis":"x"}},{"from":[-1.6,6.6,0.4],"to":[-1.2,7.4,2.4],"rotation":{"origin":[-1.4000000000000001,7.0,0.5],"angle":-22.5,"axis":"x"},"origin":[-3.5,17.5,1.25],"faces":{"north":{"uv":[10.25,4.0,10.5,4.5],"texture":"#0","tintindex":0,"rotation":0},"east":{"uv":[10.0,3.5,11.25,4.0],"texture":"#0","tintindex":0,"rotation":0},"south":{"uv":[6.0,11.0,6.25,11.5],"texture":"#0","tintindex":0,"rotation":0},"west":{"uv":[10.0,8.75,11.25,9.25],"texture":"#0","tintindex":0,"rotation":0},"up":{"uv":[2.25,10.75,2.0,9.5],"texture":"#0","tintindex":0,"rotation":0},"down":{"uv":[4.75,11.0,4.5,12.25],"texture":"#0","tintindex":0,"rotation":0}}},{"from":[-1.6,5.8,0.4],"to":[-1.2,6.6,1.6],"origin":[-3.5,17.5,1.25],"faces":{"north":{"uv":[5.25,11.25,5.5,11.75],"texture":"#0","tintindex":0,"rotation":0},"east":{"uv":[11.0,5.75,11.75,6.25],"texture":"#0","tintindex":0,"rotation":0},"south":{"uv":[6.25,11.25,6.5,11.75],"texture":"#0","tintindex":0,"rotation":0},"west":{"uv":[11.0,6.25,11.75,6.75],"texture":"#0","tintindex":0,"rotation":0},"up":{"uv":[7.75,3.0,7.5,2.25],"texture":"#0","tintindex":0,"rotation":0},"down":{"uv":[8.75,9.25,8.5,10.0],"texture":"#0","tintindex":0,"rotation":0}},"rotation":{"origin":[-1.4000000000000001,7.0,0.5],"angle":0.0,"axis":"x"}},{"from":[-1.6,7.4,1.6],"to":[-1.2,7.8,2.4],"rotation":{"origin":[-1.4000000000000001,7.0,0.5],"angle":-22.5,"axis":"x"},"origin":[-3.5,17.5,1.25],"faces":{"north":{"uv":[3.0,6.0,3.25,6.25],"texture":"#0","tintindex":0,"rotation":0},"east":{"uv":[10.0,5.75,10.5,6.0],"texture":"#0","tintindex":0,"rotation":0},"south":{"uv":[7.75,8.0,8.0,8.25],"texture":"#0","tintindex":0,"rotation":0},"west":{"uv":[11.25,3.75,11.75,4.0],"texture":"#0","tintindex":0,"rotation":0},"up":{"uv":[6.75,11.75,6.5,11.25],"texture":"#0","tintindex":0,"rotation":0},"down":{"uv":[8.0,11.25,7.75,11.75],"texture":"#0","tintindex":0,"rotation":0}}},{"from":[1.2,5.8,0.4],"to":[1.6,6.6,1.6],"origin":[3.5,17.5,1.25],"faces":{"north":{"uv":[5.5,11.25,5.25,11.75],"texture":"#0","tintindex":0,"rotation":0},"east":{"uv":[11.75,6.25,11.0,6.75],"texture":"#0","tintindex":0,"rotation":0},"south":{"uv":[6.5,11.25,6.25,11.75],"texture":"#0","tintindex":0,"rotation":0},"west":{"uv":[11.75,5.75,11.0,6.25],"texture":"#0","tintindex":0,"rotation":0},"up":{"uv":[7.5,3.0,7.75,2.25],"texture":"#0","tintindex":0,"rotation":0},"down":{"uv":[8.5,9.25,8.75,10.0],"texture":"#0","tintindex":0,"rotation":0}},"rotation":{"origin":[1.4000000000000001,7.0,0.5],"angle":0.0,"axis":"x"}},{"from":[1.2,6.6,0.4],"to":[1.6,7.4,2.4],"rotation":{"origin":[1.4000000000000001,7.0,0.5],"angle":-22.5,"axis":"x"},"origin":[3.5,17.5,1.25],"faces":{"north":{"uv":[10.5,4.0,10.25,4.5],"texture":"#0","tintindex":0,"rotation":0},"east":{"uv":[11.25,8.75,10.0,9.25],"texture":"#0","tintindex":0,"rotation":0},"south":{"uv":[6.25,11.0,6.0,11.5],"texture":"#0","tintindex":0,"rotation":0},"west":{"uv":[11.25,3.5,10.0,4.0],"texture":"#0","tintindex":0,"rotation":0},"up":{"uv":[2.0,10.75,2.25,9.5],"texture":"#0","tintindex":0,"rotation":0},"down":{"uv":[4.5,11.0,4.75,12.25],"texture":"#0","tintindex":0,"rotation":0}}},{"from":[1.2,7.4,1.6],"to":[1.6,7.8,2.4],"rotation":{"origin":[1.4000000000000001,7.0,0.5],"angle":-22.5,"axis":"x"},"origin":[3.5,17.5,1.25],"faces":{"north":{"uv":[3.25,6.0,3.0,6.25],"texture":"#0","tintindex":0,"rotation":0},"east":{"uv":[11.75,3.75,11.25,4.0],"texture":"#0","tintindex":0,"rotation":0},"south":{"uv":[8.0,8.0,7.75,8.25],"texture":"#0","tintindex":0,"rotation":0},"west":{"uv":[10.5,5.75,10.0,6.0],"texture":"#0","tintindex":0,"rotation":0},"up":{"uv":[6.5,11.75,6.75,11.25],"texture":"#0","tintindex":0,"rotation":0},"down":{"uv":[7.75,11.25,8.0,11.75],"texture":"#0","tintindex":0,"rotation":0}}},{"from":[-0.8,7.4,-1.2],"to":[0.8,7.8,0.0],"origin":[-1.5,0.0,5.0],"faces":{"north":{"uv":[8.5,6.5,9.5,6.75],"texture":"#0","tintindex":0,"rotation":0},"east":{"uv":[9.5,8.0,10.25,8.25],"texture":"#0","tintindex":0,"rotation":0},"south":{"uv":[10.25,0.75,11.25,1.0],"texture":"#0","tintindex":0,"rotation":0},"west":{"uv":[11.25,1.75,12.0,2.0],"texture":"#0","tintindex":0,"rotation":0},"up":{"uv":[4.25,9.5,3.25,8.75],"texture":"#0","tintindex":0,"rotation":0},"down":{"uv":[5.75,8.75,4.75,9.5],"texture":"#0","tintindex":0,"rotation":0}},"rotation":{"origin":[-0.6000000000000001,0.0,2.0],"angle":0.0,"axis":"x"}},{"from":[-1.2,5.4,-1.2],"to":[1.2,6.6,0.0],"origin":[-1.5,0.0,5.0],"faces":{"north":{"uv":[4.75,8.0,6.25,8.75],"texture":"#0","tintindex":0,"rotation":0},"east":{"uv":[5.5,10.25,6.25,11.0],"texture":"#0","tintindex":0,"rotation":0},"south":{"uv":[6.25,8.0,7.75,8.75],"texture":"#0","tintindex":0,"rotation":0},"west":{"uv":[10.25,7.0,11.0,7.75],"texture":"#0","tintindex":0,"rotation":0},"up":{"uv":[9.5,7.5,8.0,6.75],"texture":"#0","tintindex":0,"rotation":0},"down":{"uv":[9.5,7.5,8.0,8.25],"texture":"#0","tintindex":0,"rotation":0}},"rotation":{"origin":[-0.6000000000000001,0.0,2.0],"angle":0.0,"axis":"x"}},{"from":[-1.8,6.4,-0.2],"to":[1.8,10.0,-0.2],"origin":[-1.5,0.0,5.0],"faces":{"north":{"uv":[0.0,0.0,2.25,2.25],"texture":"#0","tintindex":0,"rotation":0},"east":{"uv":[0.0,0.0,0.0,2.25],"texture":"#0","tintindex":0,"rotation":0},"south":{"uv":[2.25,0.0,0.0,2.25],"texture":"#0","tintindex":0,"rotation":0},"west":{"uv":[0.0,0.0,0.0,2.25],"texture":"#0","tintindex":0,"rotation":0},"up":{"uv":[2.25,0.0,0.0,0.0],"texture":"#0","tintindex":0,"rotation":0},"down":{"uv":[2.25,0.0,0.0,0.0],"texture":"#0","tintindex":0,"rotation":0}},"rotation":{"origin":[-0.6000000000000001,0.0,2.0],"angle":0.0,"axis":"x"}},{"from":[-0.6,5.6,-3.2],"to":[0.6,7.2,-1.6],"origin":[-1.5,0.0,5.0],"faces":{"north":{"uv":[9.5,7.0,10.25,8.0],"texture":"#0","tintindex":0,"rotation":0},"east":{"uv":[5.75,8.75,6.75,9.75],"texture":"#0","tintindex":0,"rotation":0},"south":{"uv":[9.75,2.0,10.5,3.0],"texture":"#0","tintindex":0,"rotation":0},"west":{"uv":[6.75,8.75,7.75,9.75],"texture":"#0","tintindex":0,"rotation":0},"up":{"uv":[4.0,10.75,3.25,9.75],"texture":"#0","tintindex":0,"rotation":0},"down":{"uv":[5.5,9.75,4.75,10.75],"texture":"#0","tintindex":0,"rotation":0}},"rotation":{"origin":[-0.6000000000000001,0.0,2.0],"angle":0.0,"axis":"x"}}],"display":{"head":{"scale":[4.0,4.0,4.0],"translation":[32.0,1.5,32.0]}}}