{"textures":{"0":"freeminecraftmodels:entity/anubis_pet"},"elements":[{"from":[1.64,2.4,-0.4],"to":[2.44,3.6,0.8],"origin":[8.1,2.0,6.0],"faces":{"north":{"uv":[11.25,10.25,10.75,11.0],"texture":"#0","tintindex":0,"rotation":0},"east":{"uv":[4.75,10.25,4.0,11.0],"texture":"#0","tintindex":0,"rotation":0},"south":{"uv":[11.5,0.0,11.0,0.75],"texture":"#0","tintindex":0,"rotation":0},"west":{"uv":[11.0,0.0,10.25,0.75],"texture":"#0","tintindex":0,"rotation":0},"up":{"uv":[11.0,2.75,11.5,2.0],"texture":"#0","tintindex":0,"rotation":0},"down":{"uv":[4.0,11.0,4.5,11.75],"texture":"#0","tintindex":0,"rotation":0}},"rotation":{"origin":[3.24,0.8,2.4000000000000004],"angle":0.0,"axis":"x"}},{"from":[1.5174,1.7835,-0.4],"to":[2.3174,2.5835,0.8],"rotation":{"origin":[1.9173748140494493,2.183521559941521,0.2],"angle":-22.5,"axis":"z"},"origin":[4.793437035123623,5.458803899853803,0.5],"faces":{"north":{"uv":[7.75,11.0,7.25,11.5],"texture":"#0","tintindex":0,"rotation":0},"east":{"uv":[11.75,4.5,11.0,5.0],"texture":"#0","tintindex":0,"rotation":0},"south":{"uv":[11.5,7.25,11.0,7.75],"texture":"#0","tintindex":0,"rotation":0},"west":{"uv":[11.75,4.0,11.0,4.5],"texture":"#0","tintindex":0,"rotation":0},"up":{"uv":[11.0,5.75,11.5,5.0],"texture":"#0","tintindex":0,"rotation":0},"down":{"uv":[5.5,11.0,6.0,11.75],"texture":"#0","tintindex":0,"rotation":0}}}],"display":{"head":{"scale":[4.0,4.0,4.0],"translation":[23.84,11.1,28.8]}}}