{"textures":{"0":"freeminecraftmodels:entity/anubis_pet"},"elements":[{"from":[1.2,4.4,-0.8],"to":[2.8,6.0,1.2],"origin":[8.0,2.0,6.0],"faces":{"north":{"uv":[9.5,5.5,8.5,6.5],"texture":"#0","tintindex":0,"rotation":0},"east":{"uv":[8.5,0.0,7.25,1.0],"texture":"#0","tintindex":0,"rotation":0},"south":{"uv":[9.75,2.0,8.75,3.0],"texture":"#0","tintindex":0,"rotation":0},"west":{"uv":[8.0,7.0,6.75,8.0],"texture":"#0","tintindex":0,"rotation":0},"up":{"uv":[1.25,8.5,2.25,7.25],"texture":"#0","tintindex":0,"rotation":0},"down":{"uv":[2.25,7.5,3.25,8.75],"texture":"#0","tintindex":0,"rotation":0}},"rotation":{"origin":[3.2,0.8,2.4000000000000004],"angle":0.0,"axis":"x"}},{"from":[2.0,5.2,0.0],"to":[3.2,6.0,0.4],"rotation":{"origin":[2.2,5.6000000000000005,0.2],"angle":22.5,"axis":"z"},"origin":[5.5,14.0,0.5],"faces":{"north":{"uv":[11.25,3.0,10.5,3.5],"texture":"#0","tintindex":0,"rotation":0},"east":{"uv":[1.25,10.0,1.0,10.5],"texture":"#0","tintindex":0,"rotation":0},"south":{"uv":[2.75,10.75,2.0,11.25],"texture":"#0","tintindex":0,"rotation":0},"west":{"uv":[4.25,9.75,4.0,10.25],"texture":"#0","tintindex":0,"rotation":0},"up":{"uv":[2.25,7.5,3.0,7.25],"texture":"#0","tintindex":0,"rotation":0},"down":{"uv":[8.0,2.0,8.75,2.25],"texture":"#0","tintindex":0,"rotation":0}}},{"from":[1.6,3.6,-0.4],"to":[2.4,4.4,0.8],"origin":[8.0,2.0,6.0],"faces":{"north":{"uv":[7.25,11.0,6.75,11.5],"texture":"#0","tintindex":0,"rotation":0},"east":{"uv":[5.5,10.75,4.75,11.25],"texture":"#0","tintindex":0,"rotation":0},"south":{"uv":[11.5,6.75,11.0,7.25],"texture":"#0","tintindex":0,"rotation":0},"west":{"uv":[3.5,10.75,2.75,11.25],"texture":"#0","tintindex":0,"rotation":0},"up":{"uv":[0.0,11.5,0.5,10.75],"texture":"#0","tintindex":0,"rotation":0},"down":{"uv":[3.5,10.75,4.0,11.5],"texture":"#0","tintindex":0,"rotation":0}},"rotation":{"origin":[3.2,0.8,2.4000000000000004],"angle":0.0,"axis":"x"}}],"display":{"head":{"scale":[4.0,4.0,4.0],"translation":[26.4,4.699999999999999,32.0]}}}