{"textures":{"0":"freeminecraftmodels:entity/anubis_pet"},"elements":[{"from":[-1.4,3.6,-0.8],"to":[1.4,5.2,1.2],"origin":[-1.5,0.0,6.0],"faces":{"north":{"uv":[4.75,3.0,6.5,4.0],"texture":"#0","tintindex":0,"rotation":0},"east":{"uv":[6.5,3.0,7.75,4.0],"texture":"#0","tintindex":0,"rotation":0},"south":{"uv":[5.0,4.0,6.75,5.0],"texture":"#0","tintindex":0,"rotation":0},"west":{"uv":[6.75,4.0,8.0,5.0],"texture":"#0","tintindex":0,"rotation":0},"up":{"uv":[5.0,5.25,3.25,4.0],"texture":"#0","tintindex":0,"rotation":0},"down":{"uv":[1.75,4.5,0.0,5.75],"texture":"#0","tintindex":0,"rotation":0}},"rotation":{"origin":[-0.6000000000000001,0.0,2.4000000000000004],"angle":0.0,"axis":"x"}},{"from":[-1.0,2.6004,-1.3967],"to":[1.0,4.2004,0.2033],"rotation":{"origin":[0.0,2.0004219085921267,-0.5966531793020963],"angle":22.5,"axis":"x"},"origin":[0.0,5.001054771480317,-1.4916329482552406],"faces":{"north":{"uv":[6.75,5.0,8.0,6.0],"texture":"#0","tintindex":0,"rotation":0},"east":{"uv":[7.75,8.25,8.75,9.25],"texture":"#0","tintindex":0,"rotation":0},"south":{"uv":[6.75,6.0,8.0,7.0],"texture":"#0","tintindex":0,"rotation":0},"west":{"uv":[8.5,0.0,9.5,1.0],"texture":"#0","tintindex":0,"rotation":0},"up":{"uv":[5.5,8.0,4.25,7.0],"texture":"#0","tintindex":0,"rotation":0},"down":{"uv":[6.75,7.0,5.5,8.0],"texture":"#0","tintindex":0,"rotation":0}}},{"from":[-0.6,1.2609,-1.1061],"to":[0.6,2.8609,-1.1061],"origin":[0.0,1.652240934977427,-0.7653668647301792],"faces":{"north":{"uv":[0.5,9.0,1.25,10.0],"texture":"#0","tintindex":0,"rotation":0},"east":{"uv":[0.0,0.0,0.0,1.0],"texture":"#0","tintindex":0,"rotation":0},"south":{"uv":[0.5,9.0,1.25,10.0],"texture":"#0","tintindex":0,"rotation":0},"west":{"uv":[0.0,0.0,0.0,1.0],"texture":"#0","tintindex":0,"rotation":0},"up":{"uv":[0.75,0.0,0.0,0.0],"texture":"#0","tintindex":0,"rotation":0},"down":{"uv":[0.75,0.0,0.0,0.0],"texture":"#0","tintindex":0,"rotation":0}},"rotation":{"origin":[0.0,0.6608963739909708,-0.3061467458920717],"angle":0.0,"axis":"x"}},{"from":[-1.0,3.276,1.5823],"to":[1.0,5.276,1.5823],"rotation":{"origin":[0.0,4.2759673941084975,1.5823138805345325],"angle":-22.5,"axis":"x"},"origin":[0.0,10.689918485271242,3.955784701336331],"faces":{"north":{"uv":[3.0,6.25,4.25,7.5],"texture":"#0","tintindex":0,"rotation":0},"east":{"uv":[0.0,0.0,0.0,1.25],"texture":"#0","tintindex":0,"rotation":0},"south":{"uv":[3.0,6.25,4.25,7.5],"texture":"#0","tintindex":0,"rotation":0},"west":{"uv":[0.0,0.0,0.0,1.25],"texture":"#0","tintindex":0,"rotation":0},"up":{"uv":[1.25,0.0,0.0,0.0],"texture":"#0","tintindex":0,"rotation":0},"down":{"uv":[1.25,0.0,0.0,0.0],"texture":"#0","tintindex":0,"rotation":0}}},{"from":[-1.4,5.2,-0.4],"to":[1.4,6.8,1.2],"origin":[-1.5,0.0,6.0],"faces":{"north":{"uv":[5.0,5.0,6.75,6.0],"texture":"#0","tintindex":0,"rotation":0},"east":{"uv":[1.25,8.5,2.25,9.5],"texture":"#0","tintindex":0,"rotation":0},"south":{"uv":[3.25,5.25,5.0,6.25],"texture":"#0","tintindex":0,"rotation":0},"west":{"uv":[8.5,4.5,9.5,5.5],"texture":"#0","tintindex":0,"rotation":0},"up":{"uv":[1.75,6.75,0.0,5.75],"texture":"#0","tintindex":0,"rotation":0},"down":{"uv":[6.75,6.0,5.0,7.0],"texture":"#0","tintindex":0,"rotation":0}},"rotation":{"origin":[-0.6000000000000001,0.0,2.4000000000000004],"angle":0.0,"axis":"x"}}],"display":{"head":{"scale":[4.0,4.0,4.0],"translation":[32.0,12.7,32.0]}}}