{"textures":{"0":"freeminecraftmodels:entity/attachment_beam"},"elements":[{"from":[-1.4,28.799999999999997,-1.4],"to":[1.4,31.6,1.4],"rotation":{"origin":[0.0,30.200000000000003,0.0],"angle":45.0,"axis":"x"},"origin":[0.0,84.5,0.0],"faces":{"north":{"uv":[2.25,4.5,4.0,6.25],"texture":"#0","tintindex":0,"rotation":0},"east":{"uv":[4.5,2.25,6.25,4.0],"texture":"#0","tintindex":0,"rotation":0},"south":{"uv":[4.0,4.5,5.75,6.25],"texture":"#0","tintindex":0,"rotation":0},"west":{"uv":[5.75,4.0,7.5,5.75],"texture":"#0","tintindex":0,"rotation":0},"up":{"uv":[7.5,7.5,5.75,5.75],"texture":"#0","tintindex":0,"rotation":0},"down":{"uv":[4.0,6.25,2.25,8.0],"texture":"#0","tintindex":0,"rotation":0}}},{"from":[-1.8,28.4,-1.8],"to":[1.8,32.0,1.8],"origin":[0.0,84.5,0.0],"faces":{"north":{"uv":[0.0,0.0,2.25,2.25],"texture":"#0","tintindex":0,"rotation":0},"east":{"uv":[0.0,2.25,2.25,4.5],"texture":"#0","tintindex":0,"rotation":0},"south":{"uv":[2.25,0.0,4.5,2.25],"texture":"#0","tintindex":0,"rotation":0},"west":{"uv":[2.25,2.25,4.5,4.5],"texture":"#0","tintindex":0,"rotation":0},"up":{"uv":[2.25,6.75,0.0,4.5],"texture":"#0","tintindex":0,"rotation":0},"down":{"uv":[6.75,0.0,4.5,2.25],"texture":"#0","tintindex":0,"rotation":0}},"rotation":{"origin":[0.0,30.200000000000003,0.0],"angle":0.0,"axis":"x"}},{"from":[-1.0,29.199999999999996,-1.0],"to":[1.0,31.199999999999996,1.0],"rotation":{"origin":[0.0,30.200000000000003,0.0],"angle":-22.5,"axis":"x"},"origin":[0.0,84.5,0.0],"faces":{"north":{"uv":[6.25,2.25,7.5,3.5],"texture":"#0","tintindex":0,"rotation":0},"east":{"uv":[4.0,6.25,5.25,7.5],"texture":"#0","tintindex":0,"rotation":0},"south":{"uv":[0.0,6.75,1.25,8.0],"texture":"#0","tintindex":0,"rotation":0},"west":{"uv":[6.75,0.0,8.0,1.25],"texture":"#0","tintindex":0,"rotation":0},"up":{"uv":[8.75,2.5,7.5,1.25],"texture":"#0","tintindex":0,"rotation":0},"down":{"uv":[8.75,2.5,7.5,3.75],"texture":"#0","tintindex":0,"rotation":0}}}],"display":{"head":{"scale":[4.0,4.0,4.0],"translation":[32.0,39.900000000000006,32.0]}}}