{"textures":{"0":"freeminecraftmodels:entity/attachment_minecart"},"elements":[{"from":[3.6,29.200000000000003,-3.6],"to":[4.0,30.000000000000004,-2.8],"origin":[14.0,66.0,12.0],"faces":{"north":{"uv":[8.0,8.0,8.5,9.0],"texture":"#0","tintindex":0,"rotation":0},"east":{"uv":[4.0,7.5,5.0,8.5],"texture":"#0","tintindex":0,"rotation":0},"south":{"uv":[0.0,8.5,0.5,9.5],"texture":"#0","tintindex":0,"rotation":0},"west":{"uv":[5.0,7.5,6.0,8.5],"texture":"#0","tintindex":0,"rotation":0},"up":{"uv":[1.0,9.5,0.5,8.5],"texture":"#0","tintindex":0,"rotation":0},"down":{"uv":[1.5,8.5,1.0,9.5],"texture":"#0","tintindex":0,"rotation":0}},"rotation":{"origin":[5.6000000000000005,25.600000000000005,4.800000000000001],"angle":0.0,"axis":"x"}},{"from":[4.0,29.6,-3.6],"to":[6.4,31.200000000000003,-0.8],"origin":[14.0,66.0,12.0],"faces":{"north":{"uv":[0.0,5.5,3.0,7.5],"texture":"#0","tintindex":0,"rotation":0},"east":{"uv":[0.0,3.5,3.5,5.5],"texture":"#0","tintindex":0,"rotation":0},"south":{"uv":[3.0,5.5,6.0,7.5],"texture":"#0","tintindex":0,"rotation":0},"west":{"uv":[3.5,3.5,7.0,5.5],"texture":"#0","tintindex":0,"rotation":0},"up":{"uv":[3.0,3.5,0.0,0.0],"texture":"#0","tintindex":0,"rotation":0},"down":{"uv":[6.0,0.0,3.0,3.5],"texture":"#0","tintindex":0,"rotation":0}},"rotation":{"origin":[5.6000000000000005,25.600000000000005,4.800000000000001],"angle":0.0,"axis":"x"}},{"from":[6.4,29.200000000000003,-3.6],"to":[6.8,30.000000000000004,-2.8],"origin":[14.0,66.0,12.0],"faces":{"north":{"uv":[1.5,8.5,2.0,9.5],"texture":"#0","tintindex":0,"rotation":0},"east":{"uv":[8.0,0.0,9.0,1.0],"texture":"#0","tintindex":0,"rotation":0},"south":{"uv":[8.5,2.5,9.0,3.5],"texture":"#0","tintindex":0,"rotation":0},"west":{"uv":[8.0,1.0,9.0,2.0],"texture":"#0","tintindex":0,"rotation":0},"up":{"uv":[4.5,9.5,4.0,8.5],"texture":"#0","tintindex":0,"rotation":0},"down":{"uv":[5.0,8.5,4.5,9.5],"texture":"#0","tintindex":0,"rotation":0}},"rotation":{"origin":[5.6000000000000005,25.600000000000005,4.800000000000001],"angle":0.0,"axis":"x"}},{"from":[3.6,29.200000000000003,-1.6],"to":[4.0,30.000000000000004,-0.8],"origin":[14.0,66.0,12.0],"faces":{"north":{"uv":[5.0,8.5,5.5,9.5],"texture":"#0","tintindex":0,"rotation":0},"east":{"uv":[8.0,5.5,9.0,6.5],"texture":"#0","tintindex":0,"rotation":0},"south":{"uv":[5.5,8.5,6.0,9.5],"texture":"#0","tintindex":0,"rotation":0},"west":{"uv":[6.0,8.0,7.0,9.0],"texture":"#0","tintindex":0,"rotation":0},"up":{"uv":[9.0,9.0,8.5,8.0],"texture":"#0","tintindex":0,"rotation":0},"down":{"uv":[9.5,0.0,9.0,1.0],"texture":"#0","tintindex":0,"rotation":0}},"rotation":{"origin":[5.6000000000000005,25.600000000000005,4.800000000000001],"angle":0.0,"axis":"x"}},{"from":[6.4,29.200000000000003,-1.6],"to":[6.8,30.000000000000004,-0.8],"origin":[14.0,66.0,12.0],"faces":{"north":{"uv":[9.0,1.0,9.5,2.0],"texture":"#0","tintindex":0,"rotation":0},"east":{"uv":[8.0,6.5,9.0,7.5],"texture":"#0","tintindex":0,"rotation":0},"south":{"uv":[2.0,9.0,2.5,10.0],"texture":"#0","tintindex":0,"rotation":0},"west":{"uv":[7.0,8.0,8.0,9.0],"texture":"#0","tintindex":0,"rotation":0},"up":{"uv":[3.0,10.0,2.5,9.0],"texture":"#0","tintindex":0,"rotation":0},"down":{"uv":[9.5,2.5,9.0,3.5],"texture":"#0","tintindex":0,"rotation":0}},"rotation":{"origin":[5.6000000000000005,25.600000000000005,4.800000000000001],"angle":0.0,"axis":"x"}},{"from":[4.4,30.800000000000004,-3.2],"to":[6.0,31.6,-1.2],"origin":[13.060660171779823,79.76955750261234,-5.353553390593273],"faces":{"north":{"uv":[7.0,4.5,9.0,5.5],"texture":"#0","tintindex":0,"rotation":0},"east":{"uv":[6.0,2.5,8.5,3.5],"texture":"#0","tintindex":0,"rotation":0},"south":{"uv":[0.0,7.5,2.0,8.5],"texture":"#0","tintindex":0,"rotation":0},"west":{"uv":[7.0,3.5,9.5,4.5],"texture":"#0","tintindex":0,"rotation":0},"up":{"uv":[8.0,2.5,6.0,0.0],"texture":"#0","tintindex":0,"rotation":0},"down":{"uv":[8.0,5.5,6.0,8.0],"texture":"#0","tintindex":0,"rotation":0}},"rotation":{"origin":[5.224264068711929,31.10782300104494,-2.1414213562373092],"angle":0.0,"axis":"x"}},{"from":[4.6,31.6,-2.8],"to":[5.4,32.0,-1.6],"rotation":{"origin":[5.224264068711929,31.10782300104494,-2.1414213562373092],"angle":22.5,"axis":"y"},"origin":[13.060660171779823,79.76955750261234,-5.353553390593273],"uv_offset":[123.0,0.0],"faces":{"north":{"uv":[11.0,0.0,12.0,0.5],"texture":"#0","tintindex":0,"rotation":0},"east":{"uv":[9.5,0.0,11.0,0.5],"texture":"#0","tintindex":0,"rotation":0},"south":{"uv":[10.5,1.0,11.5,1.5],"texture":"#0","tintindex":0,"rotation":0},"west":{"uv":[10.5,0.5,12.0,1.0],"texture":"#0","tintindex":0,"rotation":0},"up":{"uv":[10.5,2.0,9.5,0.5],"texture":"#0","tintindex":0,"rotation":0},"down":{"uv":[65.0,0.0,64.0,1.5],"texture":"#0","tintindex":0,"rotation":0}}}],"display":{"head":{"scale":[4.0,4.0,4.0],"translation":[11.102943725152283,-98.93129200417977,40.56568542494924]}}}