{"textures":{"0":"freeminecraftmodels:entity/sugar_tower_gold","1":"freeminecraftmodels:entity/tower_pedestal_grassy"},"elements":[{"from":[-9.6,0.0,-9.6],"to":[9.6,3.6,9.6],"origin":[0.0,0.0,0.0],"faces":{"north":{"uv":[6.0,0.0,12.0,1.125],"texture":"#1","tintindex":0,"rotation":0},"east":{"uv":[6.0,0.0,12.0,1.125],"texture":"#1","tintindex":0,"rotation":0},"south":{"uv":[6.0,0.0,12.0,1.125],"texture":"#1","tintindex":0,"rotation":0},"west":{"uv":[6.0,0.0,12.0,1.125],"texture":"#1","tintindex":0,"rotation":0},"up":{"uv":[6.0,6.0,0.0,0.0],"texture":"#1","tintindex":0,"rotation":0},"down":{"uv":[6.0,0.0,0.0,6.0],"texture":"#1","tintindex":0,"rotation":0}},"rotation":{"origin":[0.0,0.0,0.0],"angle":0.0,"axis":"x"}},{"from":[-4.4,3.6,-6.4],"to":[-4.0,4.4,-6.0],"origin":[0.0,0.0,0.0],"faces":{"north":{"uv":[3.125,2.625,3.1875,2.75],"texture":"#0","tintindex":0,"rotation":0},"east":{"uv":[3.125,2.625,3.1875,2.75],"texture":"#0","tintindex":0,"rotation":0},"south":{"uv":[3.125,2.625,3.1875,2.75],"texture":"#0","tintindex":0,"rotation":0},"west":{"uv":[3.125,2.625,3.1875,2.75],"texture":"#0","tintindex":0,"rotation":0},"up":{"uv":[3.125,2.625,3.1875,2.6875],"texture":"#0","tintindex":0,"rotation":0},"down":{"uv":[3.125,2.625,3.1875,2.6875],"texture":"#0","tintindex":0,"rotation":0}},"rotation":{"origin":[0.0,0.0,0.0],"angle":0.0,"axis":"x"}},{"from":[-4.0,6.4,-6.8],"to":[-2.4,7.2,-6.4],"origin":[0.0,74.0,0.0],"faces":{"north":{"uv":[3.125,2.25,3.375,2.375],"texture":"#0","tintindex":0,"rotation":0},"east":{"uv":[3.125,2.25,3.1875,2.375],"texture":"#0","tintindex":0,"rotation":0},"south":{"uv":[3.125,2.25,3.375,2.375],"texture":"#0","tintindex":0,"rotation":0},"west":{"uv":[3.125,2.25,3.1875,2.375],"texture":"#0","tintindex":0,"rotation":0},"up":{"uv":[3.125,2.25,3.375,2.3125],"texture":"#0","tintindex":0,"rotation":0},"down":{"uv":[3.125,2.25,3.375,2.3125],"texture":"#0","tintindex":0,"rotation":0}},"rotation":{"origin":[0.0,29.6,0.0],"angle":0.0,"axis":"x"}},{"from":[-4.8,6.4,-6.0],"to":[-4.4,7.2,-4.4],"origin":[0.0,74.0,0.0],"faces":{"north":{"uv":[3.1875,2.375,3.25,2.5],"texture":"#0","tintindex":0,"rotation":0},"east":{"uv":[3.125,2.25,3.375,2.375],"texture":"#0","tintindex":0,"rotation":0},"south":{"uv":[3.1875,2.375,3.25,2.5],"texture":"#0","tintindex":0,"rotation":0},"west":{"uv":[3.125,2.25,3.375,2.375],"texture":"#0","tintindex":0,"rotation":0},"up":{"uv":[3.125,2.375,3.1875,2.625],"texture":"#0","tintindex":0,"rotation":0},"down":{"uv":[3.125,2.375,3.1875,2.625],"texture":"#0","tintindex":0,"rotation":0}},"rotation":{"origin":[0.0,29.6,0.0],"angle":0.0,"axis":"x"}},{"from":[-4.4,6.4,-4.4],"to":[-4.0,7.2,-4.0],"origin":[0.0,0.0,0.0],"faces":{"north":{"uv":[3.125,2.625,3.1875,2.75],"texture":"#0","tintindex":0,"rotation":0},"east":{"uv":[3.125,2.625,3.1875,2.75],"texture":"#0","tintindex":0,"rotation":0},"south":{"uv":[3.125,2.625,3.1875,2.75],"texture":"#0","tintindex":0,"rotation":0},"west":{"uv":[3.125,2.625,3.1875,2.75],"texture":"#0","tintindex":0,"rotation":0},"up":{"uv":[3.125,2.625,3.1875,2.6875],"texture":"#0","tintindex":0,"rotation":0},"down":{"uv":[3.125,2.625,3.1875,2.6875],"texture":"#0","tintindex":0,"rotation":0}},"rotation":{"origin":[0.0,0.0,0.0],"angle":0.0,"axis":"x"}},{"from":[-4.0,6.4,-4.0],"to":[-2.4,7.2,-3.6],"origin":[0.0,74.0,0.0],"faces":{"north":{"uv":[3.125,2.25,3.375,2.375],"texture":"#0","tintindex":0,"rotation":0},"east":{"uv":[3.125,2.25,3.1875,2.375],"texture":"#0","tintindex":0,"rotation":0},"south":{"uv":[3.125,2.25,3.375,2.375],"texture":"#0","tintindex":0,"rotation":0},"west":{"uv":[3.125,2.25,3.1875,2.375],"texture":"#0","tintindex":0,"rotation":0},"up":{"uv":[3.125,2.25,3.375,2.3125],"texture":"#0","tintindex":0,"rotation":0},"down":{"uv":[3.125,2.25,3.375,2.3125],"texture":"#0","tintindex":0,"rotation":0}},"rotation":{"origin":[0.0,29.6,0.0],"angle":0.0,"axis":"x"}},{"from":[-2.4,6.4,-4.4],"to":[-2.0,7.2,-4.0],"origin":[0.0,0.0,0.0],"faces":{"north":{"uv":[3.125,2.625,3.1875,2.75],"texture":"#0","tintindex":0,"rotation":0},"east":{"uv":[3.125,2.625,3.1875,2.75],"texture":"#0","tintindex":0,"rotation":0},"south":{"uv":[3.125,2.625,3.1875,2.75],"texture":"#0","tintindex":0,"rotation":0},"west":{"uv":[3.125,2.625,3.1875,2.75],"texture":"#0","tintindex":0,"rotation":0},"up":{"uv":[3.125,2.625,3.1875,2.6875],"texture":"#0","tintindex":0,"rotation":0},"down":{"uv":[3.125,2.625,3.1875,2.6875],"texture":"#0","tintindex":0,"rotation":0}},"rotation":{"origin":[0.0,0.0,0.0],"angle":0.0,"axis":"x"}},{"from":[-2.0,6.4,-6.0],"to":[-1.6,7.2,-4.4],"origin":[0.0,74.0,0.0],"faces":{"north":{"uv":[3.1875,2.375,3.25,2.5],"texture":"#0","tintindex":0,"rotation":0},"east":{"uv":[3.125,2.25,3.375,2.375],"texture":"#0","tintindex":0,"rotation":0},"south":{"uv":[3.1875,2.375,3.25,2.5],"texture":"#0","tintindex":0,"rotation":0},"west":{"uv":[3.125,2.25,3.375,2.375],"texture":"#0","tintindex":0,"rotation":0},"up":{"uv":[3.125,2.375,3.1875,2.625],"texture":"#0","tintindex":0,"rotation":0},"down":{"uv":[3.125,2.375,3.1875,2.625],"texture":"#0","tintindex":0,"rotation":0}},"rotation":{"origin":[0.0,29.6,0.0],"angle":0.0,"axis":"x"}},{"from":[-2.4,6.4,-6.4],"to":[-2.0,7.2,-6.0],"origin":[0.0,0.0,0.0],"faces":{"north":{"uv":[3.125,2.625,3.1875,2.75],"texture":"#0","tintindex":0,"rotation":0},"east":{"uv":[3.125,2.625,3.1875,2.75],"texture":"#0","tintindex":0,"rotation":0},"south":{"uv":[3.125,2.625,3.1875,2.75],"texture":"#0","tintindex":0,"rotation":0},"west":{"uv":[3.125,2.625,3.1875,2.75],"texture":"#0","tintindex":0,"rotation":0},"up":{"uv":[3.125,2.625,3.1875,2.6875],"texture":"#0","tintindex":0,"rotation":0},"down":{"uv":[3.125,2.625,3.1875,2.6875],"texture":"#0","tintindex":0,"rotation":0}},"rotation":{"origin":[0.0,0.0,0.0],"angle":0.0,"axis":"x"}},{"from":[-4.4,6.4,-6.4],"to":[-4.0,7.2,-6.0],"origin":[0.0,0.0,0.0],"faces":{"north":{"uv":[3.125,2.625,3.1875,2.75],"texture":"#0","tintindex":0,"rotation":0},"east":{"uv":[3.125,2.625,3.1875,2.75],"texture":"#0","tintindex":0,"rotation":0},"south":{"uv":[3.125,2.625,3.1875,2.75],"texture":"#0","tintindex":0,"rotation":0},"west":{"uv":[3.125,2.625,3.1875,2.75],"texture":"#0","tintindex":0,"rotation":0},"up":{"uv":[3.125,2.625,3.1875,2.6875],"texture":"#0","tintindex":0,"rotation":0},"down":{"uv":[3.125,2.625,3.1875,2.6875],"texture":"#0","tintindex":0,"rotation":0}},"rotation":{"origin":[0.0,0.0,0.0],"angle":0.0,"axis":"x"}},{"from":[-2.4,3.6,-6.4],"to":[-2.0,4.4,-6.0],"origin":[0.0,0.0,0.0],"faces":{"north":{"uv":[3.125,2.625,3.1875,2.75],"texture":"#0","tintindex":0,"rotation":0},"east":{"uv":[3.125,2.625,3.1875,2.75],"texture":"#0","tintindex":0,"rotation":0},"south":{"uv":[3.125,2.625,3.1875,2.75],"texture":"#0","tintindex":0,"rotation":0},"west":{"uv":[3.125,2.625,3.1875,2.75],"texture":"#0","tintindex":0,"rotation":0},"up":{"uv":[3.125,2.625,3.1875,2.6875],"texture":"#0","tintindex":0,"rotation":0},"down":{"uv":[3.125,2.625,3.1875,2.6875],"texture":"#0","tintindex":0,"rotation":0}},"rotation":{"origin":[0.0,0.0,0.0],"angle":0.0,"axis":"x"}},{"from":[-2.0,3.6,-6.0],"to":[-1.6,4.4,-4.4],"origin":[0.0,74.0,0.0],"faces":{"north":{"uv":[3.1875,2.375,3.25,2.5],"texture":"#0","tintindex":0,"rotation":0},"east":{"uv":[3.125,2.25,3.375,2.375],"texture":"#0","tintindex":0,"rotation":0},"south":{"uv":[3.1875,2.375,3.25,2.5],"texture":"#0","tintindex":0,"rotation":0},"west":{"uv":[3.125,2.25,3.375,2.375],"texture":"#0","tintindex":0,"rotation":0},"up":{"uv":[3.125,2.375,3.1875,2.625],"texture":"#0","tintindex":0,"rotation":0},"down":{"uv":[3.125,2.375,3.1875,2.625],"texture":"#0","tintindex":0,"rotation":0}},"rotation":{"origin":[0.0,29.6,0.0],"angle":0.0,"axis":"x"}},{"from":[-2.4,3.6,-4.4],"to":[-2.0,4.4,-4.0],"origin":[0.0,0.0,0.0],"faces":{"north":{"uv":[3.125,2.625,3.1875,2.75],"texture":"#0","tintindex":0,"rotation":0},"east":{"uv":[3.125,2.625,3.1875,2.75],"texture":"#0","tintindex":0,"rotation":0},"south":{"uv":[3.125,2.625,3.1875,2.75],"texture":"#0","tintindex":0,"rotation":0},"west":{"uv":[3.125,2.625,3.1875,2.75],"texture":"#0","tintindex":0,"rotation":0},"up":{"uv":[3.125,2.625,3.1875,2.6875],"texture":"#0","tintindex":0,"rotation":0},"down":{"uv":[3.125,2.625,3.1875,2.6875],"texture":"#0","tintindex":0,"rotation":0}},"rotation":{"origin":[0.0,0.0,0.0],"angle":0.0,"axis":"x"}},{"from":[-4.0,3.6,-4.0],"to":[-2.4,4.4,-3.6],"origin":[0.0,74.0,0.0],"faces":{"north":{"uv":[3.125,2.25,3.375,2.375],"texture":"#0","tintindex":0,"rotation":0},"east":{"uv":[3.125,2.25,3.1875,2.375],"texture":"#0","tintindex":0,"rotation":0},"south":{"uv":[3.125,2.25,3.375,2.375],"texture":"#0","tintindex":0,"rotation":0},"west":{"uv":[3.125,2.25,3.1875,2.375],"texture":"#0","tintindex":0,"rotation":0},"up":{"uv":[3.125,2.25,3.375,2.3125],"texture":"#0","tintindex":0,"rotation":0},"down":{"uv":[3.125,2.25,3.375,2.3125],"texture":"#0","tintindex":0,"rotation":0}},"rotation":{"origin":[0.0,29.6,0.0],"angle":0.0,"axis":"x"}},{"from":[-4.4,3.6,-4.4],"to":[-4.0,4.4,-4.0],"origin":[0.0,0.0,0.0],"faces":{"north":{"uv":[3.125,2.625,3.1875,2.75],"texture":"#0","tintindex":0,"rotation":0},"east":{"uv":[3.125,2.625,3.1875,2.75],"texture":"#0","tintindex":0,"rotation":0},"south":{"uv":[3.125,2.625,3.1875,2.75],"texture":"#0","tintindex":0,"rotation":0},"west":{"uv":[3.125,2.625,3.1875,2.75],"texture":"#0","tintindex":0,"rotation":0},"up":{"uv":[3.125,2.625,3.1875,2.6875],"texture":"#0","tintindex":0,"rotation":0},"down":{"uv":[3.125,2.625,3.1875,2.6875],"texture":"#0","tintindex":0,"rotation":0}},"rotation":{"origin":[0.0,0.0,0.0],"angle":0.0,"axis":"x"}},{"from":[-4.8,3.6,-6.0],"to":[-4.4,4.4,-4.4],"origin":[0.0,74.0,0.0],"faces":{"north":{"uv":[3.1875,2.375,3.25,2.5],"texture":"#0","tintindex":0,"rotation":0},"east":{"uv":[3.125,2.25,3.375,2.375],"texture":"#0","tintindex":0,"rotation":0},"south":{"uv":[3.1875,2.375,3.25,2.5],"texture":"#0","tintindex":0,"rotation":0},"west":{"uv":[3.125,2.25,3.375,2.375],"texture":"#0","tintindex":0,"rotation":0},"up":{"uv":[3.125,2.375,3.1875,2.625],"texture":"#0","tintindex":0,"rotation":0},"down":{"uv":[3.125,2.375,3.1875,2.625],"texture":"#0","tintindex":0,"rotation":0}},"rotation":{"origin":[0.0,29.6,0.0],"angle":0.0,"axis":"x"}},{"from":[-4.0,3.6,-6.8],"to":[-2.4,4.4,-6.4],"origin":[0.0,74.0,0.0],"faces":{"north":{"uv":[3.125,2.25,3.375,2.375],"texture":"#0","tintindex":0,"rotation":0},"east":{"uv":[3.125,2.25,3.1875,2.375],"texture":"#0","tintindex":0,"rotation":0},"south":{"uv":[3.125,2.25,3.375,2.375],"texture":"#0","tintindex":0,"rotation":0},"west":{"uv":[3.125,2.25,3.1875,2.375],"texture":"#0","tintindex":0,"rotation":0},"up":{"uv":[3.125,2.25,3.375,2.3125],"texture":"#0","tintindex":0,"rotation":0},"down":{"uv":[3.125,2.25,3.375,2.3125],"texture":"#0","tintindex":0,"rotation":0}},"rotation":{"origin":[0.0,29.6,0.0],"angle":0.0,"axis":"x"}},{"from":[-4.0,4.4,-7.2],"to":[-2.4,6.4,-6.8],"origin":[0.0,0.0,0.0],"faces":{"north":{"uv":[3.4375,3.3125,3.6875,3.625],"texture":"#0","tintindex":0,"rotation":0},"east":{"uv":[3.375,3.3125,3.4375,3.625],"texture":"#0","tintindex":0,"rotation":0},"south":{"uv":[3.4375,3.3125,3.6875,3.625],"texture":"#0","tintindex":0,"rotation":0},"west":{"uv":[3.375,3.3125,3.4375,3.625],"texture":"#0","tintindex":0,"rotation":0},"up":{"uv":[3.6875,3.3125,3.9375,3.375],"texture":"#0","tintindex":0,"rotation":0},"down":{"uv":[3.6875,3.3125,3.9375,3.375],"texture":"#0","tintindex":0,"rotation":0}},"rotation":{"origin":[0.0,0.0,0.0],"angle":0.0,"axis":"x"}},{"from":[-4.0,4.4,-3.6],"to":[-2.4,6.4,-3.2],"origin":[0.0,0.0,0.0],"faces":{"north":{"uv":[3.4375,3.3125,3.6875,3.625],"texture":"#0","tintindex":0,"rotation":0},"east":{"uv":[3.375,3.3125,3.4375,3.625],"texture":"#0","tintindex":0,"rotation":0},"south":{"uv":[3.4375,3.3125,3.6875,3.625],"texture":"#0","tintindex":0,"rotation":0},"west":{"uv":[3.375,3.3125,3.4375,3.625],"texture":"#0","tintindex":0,"rotation":0},"up":{"uv":[3.6875,3.3125,3.9375,3.375],"texture":"#0","tintindex":0,"rotation":0},"down":{"uv":[3.6875,3.3125,3.9375,3.375],"texture":"#0","tintindex":0,"rotation":0}},"rotation":{"origin":[0.0,0.0,0.0],"angle":0.0,"axis":"x"}},{"from":[-4.8,4.4,-4.4],"to":[-4.4,6.4,-4.0],"origin":[0.0,0.0,0.0],"faces":{"north":{"uv":[3.1875,3.0,3.25,3.3125],"texture":"#0","tintindex":0,"rotation":0},"east":{"uv":[3.1875,3.0,3.25,3.3125],"texture":"#0","tintindex":0,"rotation":0},"south":{"uv":[3.1875,3.0,3.25,3.3125],"texture":"#0","tintindex":0,"rotation":0},"west":{"uv":[3.1875,3.0,3.25,3.3125],"texture":"#0","tintindex":0,"rotation":0},"up":{"uv":[3.125,3.0,3.1875,3.0625],"texture":"#0","tintindex":0,"rotation":0},"down":{"uv":[3.125,3.0,3.1875,3.0625],"texture":"#0","tintindex":0,"rotation":0}},"rotation":{"origin":[0.0,0.0,0.0],"angle":0.0,"axis":"x"}},{"from":[-2.0,4.4,-6.4],"to":[-1.6,6.4,-6.0],"origin":[0.0,0.0,0.0],"faces":{"north":{"uv":[3.1875,3.0,3.25,3.3125],"texture":"#0","tintindex":0,"rotation":0},"east":{"uv":[3.1875,3.0,3.25,3.3125],"texture":"#0","tintindex":0,"rotation":0},"south":{"uv":[3.1875,3.0,3.25,3.3125],"texture":"#0","tintindex":0,"rotation":0},"west":{"uv":[3.1875,3.0,3.25,3.3125],"texture":"#0","tintindex":0,"rotation":0},"up":{"uv":[3.125,3.0,3.1875,3.0625],"texture":"#0","tintindex":0,"rotation":0},"down":{"uv":[3.125,3.0,3.1875,3.0625],"texture":"#0","tintindex":0,"rotation":0}},"rotation":{"origin":[0.0,0.0,0.0],"angle":0.0,"axis":"x"}},{"from":[-2.0,4.4,-4.4],"to":[-1.6,6.4,-4.0],"origin":[0.0,0.0,0.0],"faces":{"north":{"uv":[3.1875,3.0,3.25,3.3125],"texture":"#0","tintindex":0,"rotation":0},"east":{"uv":[3.1875,3.0,3.25,3.3125],"texture":"#0","tintindex":0,"rotation":0},"south":{"uv":[3.1875,3.0,3.25,3.3125],"texture":"#0","tintindex":0,"rotation":0},"west":{"uv":[3.1875,3.0,3.25,3.3125],"texture":"#0","tintindex":0,"rotation":0},"up":{"uv":[3.125,3.0,3.1875,3.0625],"texture":"#0","tintindex":0,"rotation":0},"down":{"uv":[3.125,3.0,3.1875,3.0625],"texture":"#0","tintindex":0,"rotation":0}},"rotation":{"origin":[0.0,0.0,0.0],"angle":0.0,"axis":"x"}},{"from":[-4.8,4.4,-6.4],"to":[-4.4,6.4,-6.0],"origin":[0.0,0.0,0.0],"faces":{"north":{"uv":[3.1875,3.0,3.25,3.3125],"texture":"#0","tintindex":0,"rotation":0},"east":{"uv":[3.1875,3.0,3.25,3.3125],"texture":"#0","tintindex":0,"rotation":0},"south":{"uv":[3.1875,3.0,3.25,3.3125],"texture":"#0","tintindex":0,"rotation":0},"west":{"uv":[3.1875,3.0,3.25,3.3125],"texture":"#0","tintindex":0,"rotation":0},"up":{"uv":[3.125,3.0,3.1875,3.0625],"texture":"#0","tintindex":0,"rotation":0},"down":{"uv":[3.125,3.0,3.1875,3.0625],"texture":"#0","tintindex":0,"rotation":0}},"rotation":{"origin":[0.0,0.0,0.0],"angle":0.0,"axis":"x"}},{"from":[-4.4,4.4,-6.8],"to":[-4.0,6.4,-6.4],"origin":[0.0,0.0,0.0],"faces":{"north":{"uv":[3.1875,3.0,3.25,3.3125],"texture":"#0","tintindex":0,"rotation":0},"east":{"uv":[3.1875,3.0,3.25,3.3125],"texture":"#0","tintindex":0,"rotation":0},"south":{"uv":[3.1875,3.0,3.25,3.3125],"texture":"#0","tintindex":0,"rotation":0},"west":{"uv":[3.1875,3.0,3.25,3.3125],"texture":"#0","tintindex":0,"rotation":0},"up":{"uv":[3.125,3.0,3.1875,3.0625],"texture":"#0","tintindex":0,"rotation":0},"down":{"uv":[3.125,3.0,3.1875,3.0625],"texture":"#0","tintindex":0,"rotation":0}},"rotation":{"origin":[0.0,0.0,0.0],"angle":0.0,"axis":"x"}},{"from":[-4.4,4.4,-4.0],"to":[-4.0,6.4,-3.6],"origin":[0.0,0.0,0.0],"faces":{"north":{"uv":[3.1875,3.0,3.25,3.3125],"texture":"#0","tintindex":0,"rotation":0},"east":{"uv":[3.1875,3.0,3.25,3.3125],"texture":"#0","tintindex":0,"rotation":0},"south":{"uv":[3.1875,3.0,3.25,3.3125],"texture":"#0","tintindex":0,"rotation":0},"west":{"uv":[3.1875,3.0,3.25,3.3125],"texture":"#0","tintindex":0,"rotation":0},"up":{"uv":[3.125,3.0,3.1875,3.0625],"texture":"#0","tintindex":0,"rotation":0},"down":{"uv":[3.125,3.0,3.1875,3.0625],"texture":"#0","tintindex":0,"rotation":0}},"rotation":{"origin":[0.0,0.0,0.0],"angle":0.0,"axis":"x"}},{"from":[-2.4,4.4,-6.8],"to":[-2.0,6.4,-6.4],"origin":[0.0,0.0,0.0],"faces":{"north":{"uv":[3.1875,3.0,3.25,3.3125],"texture":"#0","tintindex":0,"rotation":0},"east":{"uv":[3.1875,3.0,3.25,3.3125],"texture":"#0","tintindex":0,"rotation":0},"south":{"uv":[3.1875,3.0,3.25,3.3125],"texture":"#0","tintindex":0,"rotation":0},"west":{"uv":[3.1875,3.0,3.25,3.3125],"texture":"#0","tintindex":0,"rotation":0},"up":{"uv":[3.125,3.0,3.1875,3.0625],"texture":"#0","tintindex":0,"rotation":0},"down":{"uv":[3.125,3.0,3.1875,3.0625],"texture":"#0","tintindex":0,"rotation":0}},"rotation":{"origin":[0.0,0.0,0.0],"angle":0.0,"axis":"x"}},{"from":[-2.4,4.4,-4.0],"to":[-2.0,6.4,-3.6],"origin":[0.0,0.0,0.0],"faces":{"north":{"uv":[3.1875,3.0,3.25,3.3125],"texture":"#0","tintindex":0,"rotation":0},"east":{"uv":[3.1875,3.0,3.25,3.3125],"texture":"#0","tintindex":0,"rotation":0},"south":{"uv":[3.1875,3.0,3.25,3.3125],"texture":"#0","tintindex":0,"rotation":0},"west":{"uv":[3.1875,3.0,3.25,3.3125],"texture":"#0","tintindex":0,"rotation":0},"up":{"uv":[3.125,3.0,3.1875,3.0625],"texture":"#0","tintindex":0,"rotation":0},"down":{"uv":[3.125,3.0,3.1875,3.0625],"texture":"#0","tintindex":0,"rotation":0}},"rotation":{"origin":[0.0,0.0,0.0],"angle":0.0,"axis":"x"}},{"from":[-5.2,4.4,-6.0],"to":[-4.8,6.4,-4.4],"origin":[0.0,0.0,0.0],"faces":{"north":{"uv":[3.3125,3.3125,3.375,3.625],"texture":"#0","tintindex":0,"rotation":0},"east":{"uv":[3.0625,3.3125,3.3125,3.625],"texture":"#0","tintindex":0,"rotation":0},"south":{"uv":[3.3125,3.3125,3.375,3.625],"texture":"#0","tintindex":0,"rotation":0},"west":{"uv":[3.0625,3.3125,3.3125,3.625],"texture":"#0","tintindex":0,"rotation":0},"up":{"uv":[3.0,3.3125,3.0625,3.5625],"texture":"#0","tintindex":0,"rotation":0},"down":{"uv":[3.0,3.3125,3.0625,3.5625],"texture":"#0","tintindex":0,"rotation":0}},"rotation":{"origin":[0.0,0.0,0.0],"angle":0.0,"axis":"x"}},{"from":[-1.6,4.4,-6.0],"to":[-1.2,6.4,-4.4],"origin":[0.0,0.0,0.0],"faces":{"north":{"uv":[3.3125,3.3125,3.375,3.625],"texture":"#0","tintindex":0,"rotation":0},"east":{"uv":[3.0625,3.3125,3.3125,3.625],"texture":"#0","tintindex":0,"rotation":0},"south":{"uv":[3.3125,3.3125,3.375,3.625],"texture":"#0","tintindex":0,"rotation":0},"west":{"uv":[3.0625,3.3125,3.3125,3.625],"texture":"#0","tintindex":0,"rotation":0},"up":{"uv":[3.0,3.3125,3.0625,3.5625],"texture":"#0","tintindex":0,"rotation":0},"down":{"uv":[3.0,3.3125,3.0625,3.5625],"texture":"#0","tintindex":0,"rotation":0}},"rotation":{"origin":[0.0,0.0,0.0],"angle":0.0,"axis":"x"}},{"from":[-4.4,6.0,-6.4],"to":[-2.0,6.4,-4.0],"origin":[0.0,0.0,0.0],"faces":{"north":{"uv":[3.75,2.375,4.125,2.375],"texture":"#0","tintindex":0,"rotation":0},"east":{"uv":[3.75,2.375,4.125,2.375],"texture":"#0","tintindex":0,"rotation":0},"south":{"uv":[3.75,2.375,4.125,2.375],"texture":"#0","tintindex":0,"rotation":0},"west":{"uv":[3.75,2.375,4.125,2.375],"texture":"#0","tintindex":0,"rotation":0},"up":{"uv":[3.75,2.375,4.125,2.75],"texture":"#0","tintindex":0,"rotation":0},"down":{"uv":[3.75,2.375,4.125,2.75],"texture":"#0","tintindex":0,"rotation":0}},"rotation":{"origin":[0.0,0.0,0.0],"angle":0.0,"axis":"x"}},{"from":[-4.4,4.4,-1.6],"to":[-4.0,6.4,0.0],"origin":[0.0,0.0,0.0],"faces":{"north":{"uv":[3.3125,3.3125,3.375,3.625],"texture":"#0","tintindex":0,"rotation":0},"east":{"uv":[3.0625,3.3125,3.3125,3.625],"texture":"#0","tintindex":0,"rotation":0},"south":{"uv":[3.3125,3.3125,3.375,3.625],"texture":"#0","tintindex":0,"rotation":0},"west":{"uv":[3.0625,3.3125,3.3125,3.625],"texture":"#0","tintindex":0,"rotation":0},"up":{"uv":[3.0,3.3125,3.0625,3.5625],"texture":"#0","tintindex":0,"rotation":0},"down":{"uv":[3.0,3.3125,3.0625,3.5625],"texture":"#0","tintindex":0,"rotation":0}},"rotation":{"origin":[0.0,0.0,0.0],"angle":0.0,"axis":"x"}},{"from":[-8.0,4.4,-1.6],"to":[-7.6,6.4,0.0],"origin":[0.0,0.0,0.0],"faces":{"north":{"uv":[3.3125,3.3125,3.375,3.625],"texture":"#0","tintindex":0,"rotation":0},"east":{"uv":[3.0625,3.3125,3.3125,3.625],"texture":"#0","tintindex":0,"rotation":0},"south":{"uv":[3.3125,3.3125,3.375,3.625],"texture":"#0","tintindex":0,"rotation":0},"west":{"uv":[3.0625,3.3125,3.3125,3.625],"texture":"#0","tintindex":0,"rotation":0},"up":{"uv":[3.0,3.3125,3.0625,3.5625],"texture":"#0","tintindex":0,"rotation":0},"down":{"uv":[3.0,3.3125,3.0625,3.5625],"texture":"#0","tintindex":0,"rotation":0}},"rotation":{"origin":[0.0,0.0,0.0],"angle":0.0,"axis":"x"}},{"from":[-5.2,4.4,0.4],"to":[-4.8,6.4,0.8],"origin":[0.0,0.0,0.0],"faces":{"north":{"uv":[3.1875,3.0,3.25,3.3125],"texture":"#0","tintindex":0,"rotation":0},"east":{"uv":[3.1875,3.0,3.25,3.3125],"texture":"#0","tintindex":0,"rotation":0},"south":{"uv":[3.1875,3.0,3.25,3.3125],"texture":"#0","tintindex":0,"rotation":0},"west":{"uv":[3.1875,3.0,3.25,3.3125],"texture":"#0","tintindex":0,"rotation":0},"up":{"uv":[3.125,3.0,3.1875,3.0625],"texture":"#0","tintindex":0,"rotation":0},"down":{"uv":[3.125,3.0,3.1875,3.0625],"texture":"#0","tintindex":0,"rotation":0}},"rotation":{"origin":[0.0,0.0,0.0],"angle":0.0,"axis":"x"}},{"from":[-5.2,4.4,-2.4],"to":[-4.8,6.4,-2.0],"origin":[0.0,0.0,0.0],"faces":{"north":{"uv":[3.1875,3.0,3.25,3.3125],"texture":"#0","tintindex":0,"rotation":0},"east":{"uv":[3.1875,3.0,3.25,3.3125],"texture":"#0","tintindex":0,"rotation":0},"south":{"uv":[3.1875,3.0,3.25,3.3125],"texture":"#0","tintindex":0,"rotation":0},"west":{"uv":[3.1875,3.0,3.25,3.3125],"texture":"#0","tintindex":0,"rotation":0},"up":{"uv":[3.125,3.0,3.1875,3.0625],"texture":"#0","tintindex":0,"rotation":0},"down":{"uv":[3.125,3.0,3.1875,3.0625],"texture":"#0","tintindex":0,"rotation":0}},"rotation":{"origin":[0.0,0.0,0.0],"angle":0.0,"axis":"x"}},{"from":[-7.2,4.4,0.4],"to":[-6.8,6.4,0.8],"origin":[0.0,0.0,0.0],"faces":{"north":{"uv":[3.1875,3.0,3.25,3.3125],"texture":"#0","tintindex":0,"rotation":0},"east":{"uv":[3.1875,3.0,3.25,3.3125],"texture":"#0","tintindex":0,"rotation":0},"south":{"uv":[3.1875,3.0,3.25,3.3125],"texture":"#0","tintindex":0,"rotation":0},"west":{"uv":[3.1875,3.0,3.25,3.3125],"texture":"#0","tintindex":0,"rotation":0},"up":{"uv":[3.125,3.0,3.1875,3.0625],"texture":"#0","tintindex":0,"rotation":0},"down":{"uv":[3.125,3.0,3.1875,3.0625],"texture":"#0","tintindex":0,"rotation":0}},"rotation":{"origin":[0.0,0.0,0.0],"angle":0.0,"axis":"x"}},{"from":[-7.2,4.4,-2.4],"to":[-6.8,6.4,-2.0],"origin":[0.0,0.0,0.0],"faces":{"north":{"uv":[3.1875,3.0,3.25,3.3125],"texture":"#0","tintindex":0,"rotation":0},"east":{"uv":[3.1875,3.0,3.25,3.3125],"texture":"#0","tintindex":0,"rotation":0},"south":{"uv":[3.1875,3.0,3.25,3.3125],"texture":"#0","tintindex":0,"rotation":0},"west":{"uv":[3.1875,3.0,3.25,3.3125],"texture":"#0","tintindex":0,"rotation":0},"up":{"uv":[3.125,3.0,3.1875,3.0625],"texture":"#0","tintindex":0,"rotation":0},"down":{"uv":[3.125,3.0,3.1875,3.0625],"texture":"#0","tintindex":0,"rotation":0}},"rotation":{"origin":[0.0,0.0,0.0],"angle":0.0,"axis":"x"}},{"from":[-7.6,4.4,-2.0],"to":[-7.2,6.4,-1.6],"origin":[0.0,0.0,0.0],"faces":{"north":{"uv":[3.1875,3.0,3.25,3.3125],"texture":"#0","tintindex":0,"rotation":0},"east":{"uv":[3.1875,3.0,3.25,3.3125],"texture":"#0","tintindex":0,"rotation":0},"south":{"uv":[3.1875,3.0,3.25,3.3125],"texture":"#0","tintindex":0,"rotation":0},"west":{"uv":[3.1875,3.0,3.25,3.3125],"texture":"#0","tintindex":0,"rotation":0},"up":{"uv":[3.125,3.0,3.1875,3.0625],"texture":"#0","tintindex":0,"rotation":0},"down":{"uv":[3.125,3.0,3.1875,3.0625],"texture":"#0","tintindex":0,"rotation":0}},"rotation":{"origin":[0.0,0.0,0.0],"angle":0.0,"axis":"x"}},{"from":[-4.8,4.4,0.0],"to":[-4.4,6.4,0.4],"origin":[0.0,0.0,0.0],"faces":{"north":{"uv":[3.1875,3.0,3.25,3.3125],"texture":"#0","tintindex":0,"rotation":0},"east":{"uv":[3.1875,3.0,3.25,3.3125],"texture":"#0","tintindex":0,"rotation":0},"south":{"uv":[3.1875,3.0,3.25,3.3125],"texture":"#0","tintindex":0,"rotation":0},"west":{"uv":[3.1875,3.0,3.25,3.3125],"texture":"#0","tintindex":0,"rotation":0},"up":{"uv":[3.125,3.0,3.1875,3.0625],"texture":"#0","tintindex":0,"rotation":0},"down":{"uv":[3.125,3.0,3.1875,3.0625],"texture":"#0","tintindex":0,"rotation":0}},"rotation":{"origin":[0.0,0.0,0.0],"angle":0.0,"axis":"x"}},{"from":[-4.8,4.4,-2.0],"to":[-4.4,6.4,-1.6],"origin":[0.0,0.0,0.0],"faces":{"north":{"uv":[3.1875,3.0,3.25,3.3125],"texture":"#0","tintindex":0,"rotation":0},"east":{"uv":[3.1875,3.0,3.25,3.3125],"texture":"#0","tintindex":0,"rotation":0},"south":{"uv":[3.1875,3.0,3.25,3.3125],"texture":"#0","tintindex":0,"rotation":0},"west":{"uv":[3.1875,3.0,3.25,3.3125],"texture":"#0","tintindex":0,"rotation":0},"up":{"uv":[3.125,3.0,3.1875,3.0625],"texture":"#0","tintindex":0,"rotation":0},"down":{"uv":[3.125,3.0,3.1875,3.0625],"texture":"#0","tintindex":0,"rotation":0}},"rotation":{"origin":[0.0,0.0,0.0],"angle":0.0,"axis":"x"}},{"from":[-7.6,4.4,0.0],"to":[-7.2,6.4,0.4],"origin":[0.0,0.0,0.0],"faces":{"north":{"uv":[3.1875,3.0,3.25,3.3125],"texture":"#0","tintindex":0,"rotation":0},"east":{"uv":[3.1875,3.0,3.25,3.3125],"texture":"#0","tintindex":0,"rotation":0},"south":{"uv":[3.1875,3.0,3.25,3.3125],"texture":"#0","tintindex":0,"rotation":0},"west":{"uv":[3.1875,3.0,3.25,3.3125],"texture":"#0","tintindex":0,"rotation":0},"up":{"uv":[3.125,3.0,3.1875,3.0625],"texture":"#0","tintindex":0,"rotation":0},"down":{"uv":[3.125,3.0,3.1875,3.0625],"texture":"#0","tintindex":0,"rotation":0}},"rotation":{"origin":[0.0,0.0,0.0],"angle":0.0,"axis":"x"}},{"from":[-6.8,4.4,0.8],"to":[-5.2,6.4,1.2],"origin":[0.0,0.0,0.0],"faces":{"north":{"uv":[3.4375,3.3125,3.6875,3.625],"texture":"#0","tintindex":0,"rotation":0},"east":{"uv":[3.375,3.3125,3.4375,3.625],"texture":"#0","tintindex":0,"rotation":0},"south":{"uv":[3.4375,3.3125,3.6875,3.625],"texture":"#0","tintindex":0,"rotation":0},"west":{"uv":[3.375,3.3125,3.4375,3.625],"texture":"#0","tintindex":0,"rotation":0},"up":{"uv":[3.6875,3.3125,3.9375,3.375],"texture":"#0","tintindex":0,"rotation":0},"down":{"uv":[3.6875,3.3125,3.9375,3.375],"texture":"#0","tintindex":0,"rotation":0}},"rotation":{"origin":[0.0,0.0,0.0],"angle":0.0,"axis":"x"}},{"from":[-6.8,4.4,-2.8],"to":[-5.2,6.4,-2.4],"origin":[0.0,0.0,0.0],"faces":{"north":{"uv":[3.4375,3.3125,3.6875,3.625],"texture":"#0","tintindex":0,"rotation":0},"east":{"uv":[3.375,3.3125,3.4375,3.625],"texture":"#0","tintindex":0,"rotation":0},"south":{"uv":[3.4375,3.3125,3.6875,3.625],"texture":"#0","tintindex":0,"rotation":0},"west":{"uv":[3.375,3.3125,3.4375,3.625],"texture":"#0","tintindex":0,"rotation":0},"up":{"uv":[3.6875,3.3125,3.9375,3.375],"texture":"#0","tintindex":0,"rotation":0},"down":{"uv":[3.6875,3.3125,3.9375,3.375],"texture":"#0","tintindex":0,"rotation":0}},"rotation":{"origin":[0.0,0.0,0.0],"angle":0.0,"axis":"x"}},{"from":[-6.8,3.6,-2.4],"to":[-5.2,4.4,-2.0],"origin":[0.0,74.0,0.0],"faces":{"north":{"uv":[3.125,2.25,3.375,2.375],"texture":"#0","tintindex":0,"rotation":0},"east":{"uv":[3.125,2.25,3.1875,2.375],"texture":"#0","tintindex":0,"rotation":0},"south":{"uv":[3.125,2.25,3.375,2.375],"texture":"#0","tintindex":0,"rotation":0},"west":{"uv":[3.125,2.25,3.1875,2.375],"texture":"#0","tintindex":0,"rotation":0},"up":{"uv":[3.125,2.25,3.375,2.3125],"texture":"#0","tintindex":0,"rotation":0},"down":{"uv":[3.125,2.25,3.375,2.3125],"texture":"#0","tintindex":0,"rotation":0}},"rotation":{"origin":[0.0,29.6,0.0],"angle":0.0,"axis":"x"}},{"from":[-7.6,3.6,-1.6],"to":[-7.2,4.4,0.0],"origin":[0.0,74.0,0.0],"faces":{"north":{"uv":[3.1875,2.375,3.25,2.5],"texture":"#0","tintindex":0,"rotation":0},"east":{"uv":[3.125,2.25,3.375,2.375],"texture":"#0","tintindex":0,"rotation":0},"south":{"uv":[3.1875,2.375,3.25,2.5],"texture":"#0","tintindex":0,"rotation":0},"west":{"uv":[3.125,2.25,3.375,2.375],"texture":"#0","tintindex":0,"rotation":0},"up":{"uv":[3.125,2.375,3.1875,2.625],"texture":"#0","tintindex":0,"rotation":0},"down":{"uv":[3.125,2.375,3.1875,2.625],"texture":"#0","tintindex":0,"rotation":0}},"rotation":{"origin":[0.0,29.6,0.0],"angle":0.0,"axis":"x"}},{"from":[-7.2,3.6,0.0],"to":[-6.8,4.4,0.4],"origin":[0.0,0.0,0.0],"faces":{"north":{"uv":[3.125,2.625,3.1875,2.75],"texture":"#0","tintindex":0,"rotation":0},"east":{"uv":[3.125,2.625,3.1875,2.75],"texture":"#0","tintindex":0,"rotation":0},"south":{"uv":[3.125,2.625,3.1875,2.75],"texture":"#0","tintindex":0,"rotation":0},"west":{"uv":[3.125,2.625,3.1875,2.75],"texture":"#0","tintindex":0,"rotation":0},"up":{"uv":[3.125,2.625,3.1875,2.6875],"texture":"#0","tintindex":0,"rotation":0},"down":{"uv":[3.125,2.625,3.1875,2.6875],"texture":"#0","tintindex":0,"rotation":0}},"rotation":{"origin":[0.0,0.0,0.0],"angle":0.0,"axis":"x"}},{"from":[-6.8,3.6,0.4],"to":[-5.2,4.4,0.8],"origin":[0.0,74.0,0.0],"faces":{"north":{"uv":[3.125,2.25,3.375,2.375],"texture":"#0","tintindex":0,"rotation":0},"east":{"uv":[3.125,2.25,3.1875,2.375],"texture":"#0","tintindex":0,"rotation":0},"south":{"uv":[3.125,2.25,3.375,2.375],"texture":"#0","tintindex":0,"rotation":0},"west":{"uv":[3.125,2.25,3.1875,2.375],"texture":"#0","tintindex":0,"rotation":0},"up":{"uv":[3.125,2.25,3.375,2.3125],"texture":"#0","tintindex":0,"rotation":0},"down":{"uv":[3.125,2.25,3.375,2.3125],"texture":"#0","tintindex":0,"rotation":0}},"rotation":{"origin":[0.0,29.6,0.0],"angle":0.0,"axis":"x"}},{"from":[-5.2,3.6,0.0],"to":[-4.8,4.4,0.4],"origin":[0.0,0.0,0.0],"faces":{"north":{"uv":[3.125,2.625,3.1875,2.75],"texture":"#0","tintindex":0,"rotation":0},"east":{"uv":[3.125,2.625,3.1875,2.75],"texture":"#0","tintindex":0,"rotation":0},"south":{"uv":[3.125,2.625,3.1875,2.75],"texture":"#0","tintindex":0,"rotation":0},"west":{"uv":[3.125,2.625,3.1875,2.75],"texture":"#0","tintindex":0,"rotation":0},"up":{"uv":[3.125,2.625,3.1875,2.6875],"texture":"#0","tintindex":0,"rotation":0},"down":{"uv":[3.125,2.625,3.1875,2.6875],"texture":"#0","tintindex":0,"rotation":0}},"rotation":{"origin":[0.0,0.0,0.0],"angle":0.0,"axis":"x"}},{"from":[-4.8,3.6,-1.6],"to":[-4.4,4.4,0.0],"origin":[0.0,74.0,0.0],"faces":{"north":{"uv":[3.1875,2.375,3.25,2.5],"texture":"#0","tintindex":0,"rotation":0},"east":{"uv":[3.125,2.25,3.375,2.375],"texture":"#0","tintindex":0,"rotation":0},"south":{"uv":[3.1875,2.375,3.25,2.5],"texture":"#0","tintindex":0,"rotation":0},"west":{"uv":[3.125,2.25,3.375,2.375],"texture":"#0","tintindex":0,"rotation":0},"up":{"uv":[3.125,2.375,3.1875,2.625],"texture":"#0","tintindex":0,"rotation":0},"down":{"uv":[3.125,2.375,3.1875,2.625],"texture":"#0","tintindex":0,"rotation":0}},"rotation":{"origin":[0.0,29.6,0.0],"angle":0.0,"axis":"x"}},{"from":[-5.2,3.6,-2.0],"to":[-4.8,4.4,-1.6],"origin":[0.0,0.0,0.0],"faces":{"north":{"uv":[3.125,2.625,3.1875,2.75],"texture":"#0","tintindex":0,"rotation":0},"east":{"uv":[3.125,2.625,3.1875,2.75],"texture":"#0","tintindex":0,"rotation":0},"south":{"uv":[3.125,2.625,3.1875,2.75],"texture":"#0","tintindex":0,"rotation":0},"west":{"uv":[3.125,2.625,3.1875,2.75],"texture":"#0","tintindex":0,"rotation":0},"up":{"uv":[3.125,2.625,3.1875,2.6875],"texture":"#0","tintindex":0,"rotation":0},"down":{"uv":[3.125,2.625,3.1875,2.6875],"texture":"#0","tintindex":0,"rotation":0}},"rotation":{"origin":[0.0,0.0,0.0],"angle":0.0,"axis":"x"}},{"from":[-7.2,6.4,-2.0],"to":[-6.8,7.2,-1.6],"origin":[0.0,0.0,0.0],"faces":{"north":{"uv":[3.125,2.625,3.1875,2.75],"texture":"#0","tintindex":0,"rotation":0},"east":{"uv":[3.125,2.625,3.1875,2.75],"texture":"#0","tintindex":0,"rotation":0},"south":{"uv":[3.125,2.625,3.1875,2.75],"texture":"#0","tintindex":0,"rotation":0},"west":{"uv":[3.125,2.625,3.1875,2.75],"texture":"#0","tintindex":0,"rotation":0},"up":{"uv":[3.125,2.625,3.1875,2.6875],"texture":"#0","tintindex":0,"rotation":0},"down":{"uv":[3.125,2.625,3.1875,2.6875],"texture":"#0","tintindex":0,"rotation":0}},"rotation":{"origin":[0.0,0.0,0.0],"angle":0.0,"axis":"x"}},{"from":[-5.2,6.4,-2.0],"to":[-4.8,7.2,-1.6],"origin":[0.0,0.0,0.0],"faces":{"north":{"uv":[3.125,2.625,3.1875,2.75],"texture":"#0","tintindex":0,"rotation":0},"east":{"uv":[3.125,2.625,3.1875,2.75],"texture":"#0","tintindex":0,"rotation":0},"south":{"uv":[3.125,2.625,3.1875,2.75],"texture":"#0","tintindex":0,"rotation":0},"west":{"uv":[3.125,2.625,3.1875,2.75],"texture":"#0","tintindex":0,"rotation":0},"up":{"uv":[3.125,2.625,3.1875,2.6875],"texture":"#0","tintindex":0,"rotation":0},"down":{"uv":[3.125,2.625,3.1875,2.6875],"texture":"#0","tintindex":0,"rotation":0}},"rotation":{"origin":[0.0,0.0,0.0],"angle":0.0,"axis":"x"}},{"from":[-4.8,6.4,-1.6],"to":[-4.4,7.2,0.0],"origin":[0.0,74.0,0.0],"faces":{"north":{"uv":[3.1875,2.375,3.25,2.5],"texture":"#0","tintindex":0,"rotation":0},"east":{"uv":[3.125,2.25,3.375,2.375],"texture":"#0","tintindex":0,"rotation":0},"south":{"uv":[3.1875,2.375,3.25,2.5],"texture":"#0","tintindex":0,"rotation":0},"west":{"uv":[3.125,2.25,3.375,2.375],"texture":"#0","tintindex":0,"rotation":0},"up":{"uv":[3.125,2.375,3.1875,2.625],"texture":"#0","tintindex":0,"rotation":0},"down":{"uv":[3.125,2.375,3.1875,2.625],"texture":"#0","tintindex":0,"rotation":0}},"rotation":{"origin":[0.0,29.6,0.0],"angle":0.0,"axis":"x"}},{"from":[-5.2,6.4,0.0],"to":[-4.8,7.2,0.4],"origin":[0.0,0.0,0.0],"faces":{"north":{"uv":[3.125,2.625,3.1875,2.75],"texture":"#0","tintindex":0,"rotation":0},"east":{"uv":[3.125,2.625,3.1875,2.75],"texture":"#0","tintindex":0,"rotation":0},"south":{"uv":[3.125,2.625,3.1875,2.75],"texture":"#0","tintindex":0,"rotation":0},"west":{"uv":[3.125,2.625,3.1875,2.75],"texture":"#0","tintindex":0,"rotation":0},"up":{"uv":[3.125,2.625,3.1875,2.6875],"texture":"#0","tintindex":0,"rotation":0},"down":{"uv":[3.125,2.625,3.1875,2.6875],"texture":"#0","tintindex":0,"rotation":0}},"rotation":{"origin":[0.0,0.0,0.0],"angle":0.0,"axis":"x"}},{"from":[-6.8,6.4,0.4],"to":[-5.2,7.2,0.8],"origin":[0.0,74.0,0.0],"faces":{"north":{"uv":[3.125,2.25,3.375,2.375],"texture":"#0","tintindex":0,"rotation":0},"east":{"uv":[3.125,2.25,3.1875,2.375],"texture":"#0","tintindex":0,"rotation":0},"south":{"uv":[3.125,2.25,3.375,2.375],"texture":"#0","tintindex":0,"rotation":0},"west":{"uv":[3.125,2.25,3.1875,2.375],"texture":"#0","tintindex":0,"rotation":0},"up":{"uv":[3.125,2.25,3.375,2.3125],"texture":"#0","tintindex":0,"rotation":0},"down":{"uv":[3.125,2.25,3.375,2.3125],"texture":"#0","tintindex":0,"rotation":0}},"rotation":{"origin":[0.0,29.6,0.0],"angle":0.0,"axis":"x"}},{"from":[-7.2,6.4,0.0],"to":[-6.8,7.2,0.4],"origin":[0.0,0.0,0.0],"faces":{"north":{"uv":[3.125,2.625,3.1875,2.75],"texture":"#0","tintindex":0,"rotation":0},"east":{"uv":[3.125,2.625,3.1875,2.75],"texture":"#0","tintindex":0,"rotation":0},"south":{"uv":[3.125,2.625,3.1875,2.75],"texture":"#0","tintindex":0,"rotation":0},"west":{"uv":[3.125,2.625,3.1875,2.75],"texture":"#0","tintindex":0,"rotation":0},"up":{"uv":[3.125,2.625,3.1875,2.6875],"texture":"#0","tintindex":0,"rotation":0},"down":{"uv":[3.125,2.625,3.1875,2.6875],"texture":"#0","tintindex":0,"rotation":0}},"rotation":{"origin":[0.0,0.0,0.0],"angle":0.0,"axis":"x"}},{"from":[-7.6,6.4,-1.6],"to":[-7.2,7.2,0.0],"origin":[0.0,74.0,0.0],"faces":{"north":{"uv":[3.1875,2.375,3.25,2.5],"texture":"#0","tintindex":0,"rotation":0},"east":{"uv":[3.125,2.25,3.375,2.375],"texture":"#0","tintindex":0,"rotation":0},"south":{"uv":[3.1875,2.375,3.25,2.5],"texture":"#0","tintindex":0,"rotation":0},"west":{"uv":[3.125,2.25,3.375,2.375],"texture":"#0","tintindex":0,"rotation":0},"up":{"uv":[3.125,2.375,3.1875,2.625],"texture":"#0","tintindex":0,"rotation":0},"down":{"uv":[3.125,2.375,3.1875,2.625],"texture":"#0","tintindex":0,"rotation":0}},"rotation":{"origin":[0.0,29.6,0.0],"angle":0.0,"axis":"x"}},{"from":[-6.8,6.4,-2.4],"to":[-5.2,7.2,-2.0],"origin":[0.0,74.0,0.0],"faces":{"north":{"uv":[3.125,2.25,3.375,2.375],"texture":"#0","tintindex":0,"rotation":0},"east":{"uv":[3.125,2.25,3.1875,2.375],"texture":"#0","tintindex":0,"rotation":0},"south":{"uv":[3.125,2.25,3.375,2.375],"texture":"#0","tintindex":0,"rotation":0},"west":{"uv":[3.125,2.25,3.1875,2.375],"texture":"#0","tintindex":0,"rotation":0},"up":{"uv":[3.125,2.25,3.375,2.3125],"texture":"#0","tintindex":0,"rotation":0},"down":{"uv":[3.125,2.25,3.375,2.3125],"texture":"#0","tintindex":0,"rotation":0}},"rotation":{"origin":[0.0,29.6,0.0],"angle":0.0,"axis":"x"}},{"from":[-7.2,3.6,-2.0],"to":[-6.8,4.4,-1.6],"origin":[0.0,0.0,0.0],"faces":{"north":{"uv":[3.125,2.625,3.1875,2.75],"texture":"#0","tintindex":0,"rotation":0},"east":{"uv":[3.125,2.625,3.1875,2.75],"texture":"#0","tintindex":0,"rotation":0},"south":{"uv":[3.125,2.625,3.1875,2.75],"texture":"#0","tintindex":0,"rotation":0},"west":{"uv":[3.125,2.625,3.1875,2.75],"texture":"#0","tintindex":0,"rotation":0},"up":{"uv":[3.125,2.625,3.1875,2.6875],"texture":"#0","tintindex":0,"rotation":0},"down":{"uv":[3.125,2.625,3.1875,2.6875],"texture":"#0","tintindex":0,"rotation":0}},"rotation":{"origin":[0.0,0.0,0.0],"angle":0.0,"axis":"x"}},{"from":[-7.2,6.0,-2.0],"to":[-4.8,6.4,0.4],"origin":[0.0,0.0,0.0],"faces":{"north":{"uv":[3.75,2.375,4.125,2.375],"texture":"#0","tintindex":0,"rotation":0},"east":{"uv":[3.75,2.375,4.125,2.375],"texture":"#0","tintindex":0,"rotation":0},"south":{"uv":[3.75,2.375,4.125,2.375],"texture":"#0","tintindex":0,"rotation":0},"west":{"uv":[3.75,2.375,4.125,2.375],"texture":"#0","tintindex":0,"rotation":0},"up":{"uv":[3.75,2.375,4.125,2.75],"texture":"#0","tintindex":0,"rotation":0},"down":{"uv":[3.75,2.375,4.125,2.75],"texture":"#0","tintindex":0,"rotation":0}},"rotation":{"origin":[0.0,0.0,0.0],"angle":0.0,"axis":"x"}},{"from":[-5.6,3.6,3.6],"to":[-5.2,4.4,4.0],"origin":[0.0,0.0,0.0],"faces":{"north":{"uv":[3.125,2.625,3.1875,2.75],"texture":"#0","tintindex":0,"rotation":0},"east":{"uv":[3.125,2.625,3.1875,2.75],"texture":"#0","tintindex":0,"rotation":0},"south":{"uv":[3.125,2.625,3.1875,2.75],"texture":"#0","tintindex":0,"rotation":0},"west":{"uv":[3.125,2.625,3.1875,2.75],"texture":"#0","tintindex":0,"rotation":0},"up":{"uv":[3.125,2.625,3.1875,2.6875],"texture":"#0","tintindex":0,"rotation":0},"down":{"uv":[3.125,2.625,3.1875,2.6875],"texture":"#0","tintindex":0,"rotation":0}},"rotation":{"origin":[0.0,0.0,0.0],"angle":0.0,"axis":"x"}},{"from":[-5.2,6.4,3.2],"to":[-3.6,7.2,3.6],"origin":[0.0,74.0,0.0],"faces":{"north":{"uv":[3.125,2.25,3.375,2.375],"texture":"#0","tintindex":0,"rotation":0},"east":{"uv":[3.125,2.25,3.1875,2.375],"texture":"#0","tintindex":0,"rotation":0},"south":{"uv":[3.125,2.25,3.375,2.375],"texture":"#0","tintindex":0,"rotation":0},"west":{"uv":[3.125,2.25,3.1875,2.375],"texture":"#0","tintindex":0,"rotation":0},"up":{"uv":[3.125,2.25,3.375,2.3125],"texture":"#0","tintindex":0,"rotation":0},"down":{"uv":[3.125,2.25,3.375,2.3125],"texture":"#0","tintindex":0,"rotation":0}},"rotation":{"origin":[0.0,29.6,0.0],"angle":0.0,"axis":"x"}},{"from":[-6.0,6.4,4.0],"to":[-5.6,7.2,5.6],"origin":[0.0,74.0,0.0],"faces":{"north":{"uv":[3.1875,2.375,3.25,2.5],"texture":"#0","tintindex":0,"rotation":0},"east":{"uv":[3.125,2.25,3.375,2.375],"texture":"#0","tintindex":0,"rotation":0},"south":{"uv":[3.1875,2.375,3.25,2.5],"texture":"#0","tintindex":0,"rotation":0},"west":{"uv":[3.125,2.25,3.375,2.375],"texture":"#0","tintindex":0,"rotation":0},"up":{"uv":[3.125,2.375,3.1875,2.625],"texture":"#0","tintindex":0,"rotation":0},"down":{"uv":[3.125,2.375,3.1875,2.625],"texture":"#0","tintindex":0,"rotation":0}},"rotation":{"origin":[0.0,29.6,0.0],"angle":0.0,"axis":"x"}},{"from":[-5.6,6.4,5.6],"to":[-5.2,7.2,6.0],"origin":[0.0,0.0,0.0],"faces":{"north":{"uv":[3.125,2.625,3.1875,2.75],"texture":"#0","tintindex":0,"rotation":0},"east":{"uv":[3.125,2.625,3.1875,2.75],"texture":"#0","tintindex":0,"rotation":0},"south":{"uv":[3.125,2.625,3.1875,2.75],"texture":"#0","tintindex":0,"rotation":0},"west":{"uv":[3.125,2.625,3.1875,2.75],"texture":"#0","tintindex":0,"rotation":0},"up":{"uv":[3.125,2.625,3.1875,2.6875],"texture":"#0","tintindex":0,"rotation":0},"down":{"uv":[3.125,2.625,3.1875,2.6875],"texture":"#0","tintindex":0,"rotation":0}},"rotation":{"origin":[0.0,0.0,0.0],"angle":0.0,"axis":"x"}},{"from":[-5.2,6.4,6.0],"to":[-3.6,7.2,6.4],"origin":[0.0,74.0,0.0],"faces":{"north":{"uv":[3.125,2.25,3.375,2.375],"texture":"#0","tintindex":0,"rotation":0},"east":{"uv":[3.125,2.25,3.1875,2.375],"texture":"#0","tintindex":0,"rotation":0},"south":{"uv":[3.125,2.25,3.375,2.375],"texture":"#0","tintindex":0,"rotation":0},"west":{"uv":[3.125,2.25,3.1875,2.375],"texture":"#0","tintindex":0,"rotation":0},"up":{"uv":[3.125,2.25,3.375,2.3125],"texture":"#0","tintindex":0,"rotation":0},"down":{"uv":[3.125,2.25,3.375,2.3125],"texture":"#0","tintindex":0,"rotation":0}},"rotation":{"origin":[0.0,29.6,0.0],"angle":0.0,"axis":"x"}},{"from":[-3.6,6.4,5.6],"to":[-3.2,7.2,6.0],"origin":[0.0,0.0,0.0],"faces":{"north":{"uv":[3.125,2.625,3.1875,2.75],"texture":"#0","tintindex":0,"rotation":0},"east":{"uv":[3.125,2.625,3.1875,2.75],"texture":"#0","tintindex":0,"rotation":0},"south":{"uv":[3.125,2.625,3.1875,2.75],"texture":"#0","tintindex":0,"rotation":0},"west":{"uv":[3.125,2.625,3.1875,2.75],"texture":"#0","tintindex":0,"rotation":0},"up":{"uv":[3.125,2.625,3.1875,2.6875],"texture":"#0","tintindex":0,"rotation":0},"down":{"uv":[3.125,2.625,3.1875,2.6875],"texture":"#0","tintindex":0,"rotation":0}},"rotation":{"origin":[0.0,0.0,0.0],"angle":0.0,"axis":"x"}},{"from":[-3.2,6.4,4.0],"to":[-2.8,7.2,5.6],"origin":[0.0,74.0,0.0],"faces":{"north":{"uv":[3.1875,2.375,3.25,2.5],"texture":"#0","tintindex":0,"rotation":0},"east":{"uv":[3.125,2.25,3.375,2.375],"texture":"#0","tintindex":0,"rotation":0},"south":{"uv":[3.1875,2.375,3.25,2.5],"texture":"#0","tintindex":0,"rotation":0},"west":{"uv":[3.125,2.25,3.375,2.375],"texture":"#0","tintindex":0,"rotation":0},"up":{"uv":[3.125,2.375,3.1875,2.625],"texture":"#0","tintindex":0,"rotation":0},"down":{"uv":[3.125,2.375,3.1875,2.625],"texture":"#0","tintindex":0,"rotation":0}},"rotation":{"origin":[0.0,29.6,0.0],"angle":0.0,"axis":"x"}},{"from":[-3.6,6.4,3.6],"to":[-3.2,7.2,4.0],"origin":[0.0,0.0,0.0],"faces":{"north":{"uv":[3.125,2.625,3.1875,2.75],"texture":"#0","tintindex":0,"rotation":0},"east":{"uv":[3.125,2.625,3.1875,2.75],"texture":"#0","tintindex":0,"rotation":0},"south":{"uv":[3.125,2.625,3.1875,2.75],"texture":"#0","tintindex":0,"rotation":0},"west":{"uv":[3.125,2.625,3.1875,2.75],"texture":"#0","tintindex":0,"rotation":0},"up":{"uv":[3.125,2.625,3.1875,2.6875],"texture":"#0","tintindex":0,"rotation":0},"down":{"uv":[3.125,2.625,3.1875,2.6875],"texture":"#0","tintindex":0,"rotation":0}},"rotation":{"origin":[0.0,0.0,0.0],"angle":0.0,"axis":"x"}},{"from":[-5.6,6.4,3.6],"to":[-5.2,7.2,4.0],"origin":[0.0,0.0,0.0],"faces":{"north":{"uv":[3.125,2.625,3.1875,2.75],"texture":"#0","tintindex":0,"rotation":0},"east":{"uv":[3.125,2.625,3.1875,2.75],"texture":"#0","tintindex":0,"rotation":0},"south":{"uv":[3.125,2.625,3.1875,2.75],"texture":"#0","tintindex":0,"rotation":0},"west":{"uv":[3.125,2.625,3.1875,2.75],"texture":"#0","tintindex":0,"rotation":0},"up":{"uv":[3.125,2.625,3.1875,2.6875],"texture":"#0","tintindex":0,"rotation":0},"down":{"uv":[3.125,2.625,3.1875,2.6875],"texture":"#0","tintindex":0,"rotation":0}},"rotation":{"origin":[0.0,0.0,0.0],"angle":0.0,"axis":"x"}},{"from":[-3.6,3.6,3.6],"to":[-3.2,4.4,4.0],"origin":[0.0,0.0,0.0],"faces":{"north":{"uv":[3.125,2.625,3.1875,2.75],"texture":"#0","tintindex":0,"rotation":0},"east":{"uv":[3.125,2.625,3.1875,2.75],"texture":"#0","tintindex":0,"rotation":0},"south":{"uv":[3.125,2.625,3.1875,2.75],"texture":"#0","tintindex":0,"rotation":0},"west":{"uv":[3.125,2.625,3.1875,2.75],"texture":"#0","tintindex":0,"rotation":0},"up":{"uv":[3.125,2.625,3.1875,2.6875],"texture":"#0","tintindex":0,"rotation":0},"down":{"uv":[3.125,2.625,3.1875,2.6875],"texture":"#0","tintindex":0,"rotation":0}},"rotation":{"origin":[0.0,0.0,0.0],"angle":0.0,"axis":"x"}},{"from":[-3.2,3.6,4.0],"to":[-2.8,4.4,5.6],"origin":[0.0,74.0,0.0],"faces":{"north":{"uv":[3.1875,2.375,3.25,2.5],"texture":"#0","tintindex":0,"rotation":0},"east":{"uv":[3.125,2.25,3.375,2.375],"texture":"#0","tintindex":0,"rotation":0},"south":{"uv":[3.1875,2.375,3.25,2.5],"texture":"#0","tintindex":0,"rotation":0},"west":{"uv":[3.125,2.25,3.375,2.375],"texture":"#0","tintindex":0,"rotation":0},"up":{"uv":[3.125,2.375,3.1875,2.625],"texture":"#0","tintindex":0,"rotation":0},"down":{"uv":[3.125,2.375,3.1875,2.625],"texture":"#0","tintindex":0,"rotation":0}},"rotation":{"origin":[0.0,29.6,0.0],"angle":0.0,"axis":"x"}},{"from":[-3.6,3.6,5.6],"to":[-3.2,4.4,6.0],"origin":[0.0,0.0,0.0],"faces":{"north":{"uv":[3.125,2.625,3.1875,2.75],"texture":"#0","tintindex":0,"rotation":0},"east":{"uv":[3.125,2.625,3.1875,2.75],"texture":"#0","tintindex":0,"rotation":0},"south":{"uv":[3.125,2.625,3.1875,2.75],"texture":"#0","tintindex":0,"rotation":0},"west":{"uv":[3.125,2.625,3.1875,2.75],"texture":"#0","tintindex":0,"rotation":0},"up":{"uv":[3.125,2.625,3.1875,2.6875],"texture":"#0","tintindex":0,"rotation":0},"down":{"uv":[3.125,2.625,3.1875,2.6875],"texture":"#0","tintindex":0,"rotation":0}},"rotation":{"origin":[0.0,0.0,0.0],"angle":0.0,"axis":"x"}},{"from":[-5.2,3.6,6.0],"to":[-3.6,4.4,6.4],"origin":[0.0,74.0,0.0],"faces":{"north":{"uv":[3.125,2.25,3.375,2.375],"texture":"#0","tintindex":0,"rotation":0},"east":{"uv":[3.125,2.25,3.1875,2.375],"texture":"#0","tintindex":0,"rotation":0},"south":{"uv":[3.125,2.25,3.375,2.375],"texture":"#0","tintindex":0,"rotation":0},"west":{"uv":[3.125,2.25,3.1875,2.375],"texture":"#0","tintindex":0,"rotation":0},"up":{"uv":[3.125,2.25,3.375,2.3125],"texture":"#0","tintindex":0,"rotation":0},"down":{"uv":[3.125,2.25,3.375,2.3125],"texture":"#0","tintindex":0,"rotation":0}},"rotation":{"origin":[0.0,29.6,0.0],"angle":0.0,"axis":"x"}},{"from":[-5.6,3.6,5.6],"to":[-5.2,4.4,6.0],"origin":[0.0,0.0,0.0],"faces":{"north":{"uv":[3.125,2.625,3.1875,2.75],"texture":"#0","tintindex":0,"rotation":0},"east":{"uv":[3.125,2.625,3.1875,2.75],"texture":"#0","tintindex":0,"rotation":0},"south":{"uv":[3.125,2.625,3.1875,2.75],"texture":"#0","tintindex":0,"rotation":0},"west":{"uv":[3.125,2.625,3.1875,2.75],"texture":"#0","tintindex":0,"rotation":0},"up":{"uv":[3.125,2.625,3.1875,2.6875],"texture":"#0","tintindex":0,"rotation":0},"down":{"uv":[3.125,2.625,3.1875,2.6875],"texture":"#0","tintindex":0,"rotation":0}},"rotation":{"origin":[0.0,0.0,0.0],"angle":0.0,"axis":"x"}},{"from":[-6.0,3.6,4.0],"to":[-5.6,4.4,5.6],"origin":[0.0,74.0,0.0],"faces":{"north":{"uv":[3.1875,2.375,3.25,2.5],"texture":"#0","tintindex":0,"rotation":0},"east":{"uv":[3.125,2.25,3.375,2.375],"texture":"#0","tintindex":0,"rotation":0},"south":{"uv":[3.1875,2.375,3.25,2.5],"texture":"#0","tintindex":0,"rotation":0},"west":{"uv":[3.125,2.25,3.375,2.375],"texture":"#0","tintindex":0,"rotation":0},"up":{"uv":[3.125,2.375,3.1875,2.625],"texture":"#0","tintindex":0,"rotation":0},"down":{"uv":[3.125,2.375,3.1875,2.625],"texture":"#0","tintindex":0,"rotation":0}},"rotation":{"origin":[0.0,29.6,0.0],"angle":0.0,"axis":"x"}},{"from":[-5.2,3.6,3.2],"to":[-3.6,4.4,3.6],"origin":[0.0,74.0,0.0],"faces":{"north":{"uv":[3.125,2.25,3.375,2.375],"texture":"#0","tintindex":0,"rotation":0},"east":{"uv":[3.125,2.25,3.1875,2.375],"texture":"#0","tintindex":0,"rotation":0},"south":{"uv":[3.125,2.25,3.375,2.375],"texture":"#0","tintindex":0,"rotation":0},"west":{"uv":[3.125,2.25,3.1875,2.375],"texture":"#0","tintindex":0,"rotation":0},"up":{"uv":[3.125,2.25,3.375,2.3125],"texture":"#0","tintindex":0,"rotation":0},"down":{"uv":[3.125,2.25,3.375,2.3125],"texture":"#0","tintindex":0,"rotation":0}},"rotation":{"origin":[0.0,29.6,0.0],"angle":0.0,"axis":"x"}},{"from":[-5.2,4.4,2.8],"to":[-3.6,6.4,3.2],"origin":[0.0,0.0,0.0],"faces":{"north":{"uv":[3.4375,3.3125,3.6875,3.625],"texture":"#0","tintindex":0,"rotation":0},"east":{"uv":[3.375,3.3125,3.4375,3.625],"texture":"#0","tintindex":0,"rotation":0},"south":{"uv":[3.4375,3.3125,3.6875,3.625],"texture":"#0","tintindex":0,"rotation":0},"west":{"uv":[3.375,3.3125,3.4375,3.625],"texture":"#0","tintindex":0,"rotation":0},"up":{"uv":[3.6875,3.3125,3.9375,3.375],"texture":"#0","tintindex":0,"rotation":0},"down":{"uv":[3.6875,3.3125,3.9375,3.375],"texture":"#0","tintindex":0,"rotation":0}},"rotation":{"origin":[0.0,0.0,0.0],"angle":0.0,"axis":"x"}},{"from":[-5.2,4.4,6.4],"to":[-3.6,6.4,6.8],"origin":[0.0,0.0,0.0],"faces":{"north":{"uv":[3.4375,3.3125,3.6875,3.625],"texture":"#0","tintindex":0,"rotation":0},"east":{"uv":[3.375,3.3125,3.4375,3.625],"texture":"#0","tintindex":0,"rotation":0},"south":{"uv":[3.4375,3.3125,3.6875,3.625],"texture":"#0","tintindex":0,"rotation":0},"west":{"uv":[3.375,3.3125,3.4375,3.625],"texture":"#0","tintindex":0,"rotation":0},"up":{"uv":[3.6875,3.3125,3.9375,3.375],"texture":"#0","tintindex":0,"rotation":0},"down":{"uv":[3.6875,3.3125,3.9375,3.375],"texture":"#0","tintindex":0,"rotation":0}},"rotation":{"origin":[0.0,0.0,0.0],"angle":0.0,"axis":"x"}},{"from":[-6.0,4.4,5.6],"to":[-5.6,6.4,6.0],"origin":[0.0,0.0,0.0],"faces":{"north":{"uv":[3.1875,3.0,3.25,3.3125],"texture":"#0","tintindex":0,"rotation":0},"east":{"uv":[3.1875,3.0,3.25,3.3125],"texture":"#0","tintindex":0,"rotation":0},"south":{"uv":[3.1875,3.0,3.25,3.3125],"texture":"#0","tintindex":0,"rotation":0},"west":{"uv":[3.1875,3.0,3.25,3.3125],"texture":"#0","tintindex":0,"rotation":0},"up":{"uv":[3.125,3.0,3.1875,3.0625],"texture":"#0","tintindex":0,"rotation":0},"down":{"uv":[3.125,3.0,3.1875,3.0625],"texture":"#0","tintindex":0,"rotation":0}},"rotation":{"origin":[0.0,0.0,0.0],"angle":0.0,"axis":"x"}},{"from":[-3.2,4.4,3.6],"to":[-2.8,6.4,4.0],"origin":[0.0,0.0,0.0],"faces":{"north":{"uv":[3.1875,3.0,3.25,3.3125],"texture":"#0","tintindex":0,"rotation":0},"east":{"uv":[3.1875,3.0,3.25,3.3125],"texture":"#0","tintindex":0,"rotation":0},"south":{"uv":[3.1875,3.0,3.25,3.3125],"texture":"#0","tintindex":0,"rotation":0},"west":{"uv":[3.1875,3.0,3.25,3.3125],"texture":"#0","tintindex":0,"rotation":0},"up":{"uv":[3.125,3.0,3.1875,3.0625],"texture":"#0","tintindex":0,"rotation":0},"down":{"uv":[3.125,3.0,3.1875,3.0625],"texture":"#0","tintindex":0,"rotation":0}},"rotation":{"origin":[0.0,0.0,0.0],"angle":0.0,"axis":"x"}},{"from":[-3.2,4.4,5.6],"to":[-2.8,6.4,6.0],"origin":[0.0,0.0,0.0],"faces":{"north":{"uv":[3.1875,3.0,3.25,3.3125],"texture":"#0","tintindex":0,"rotation":0},"east":{"uv":[3.1875,3.0,3.25,3.3125],"texture":"#0","tintindex":0,"rotation":0},"south":{"uv":[3.1875,3.0,3.25,3.3125],"texture":"#0","tintindex":0,"rotation":0},"west":{"uv":[3.1875,3.0,3.25,3.3125],"texture":"#0","tintindex":0,"rotation":0},"up":{"uv":[3.125,3.0,3.1875,3.0625],"texture":"#0","tintindex":0,"rotation":0},"down":{"uv":[3.125,3.0,3.1875,3.0625],"texture":"#0","tintindex":0,"rotation":0}},"rotation":{"origin":[0.0,0.0,0.0],"angle":0.0,"axis":"x"}},{"from":[-6.0,4.4,3.6],"to":[-5.6,6.4,4.0],"origin":[0.0,0.0,0.0],"faces":{"north":{"uv":[3.1875,3.0,3.25,3.3125],"texture":"#0","tintindex":0,"rotation":0},"east":{"uv":[3.1875,3.0,3.25,3.3125],"texture":"#0","tintindex":0,"rotation":0},"south":{"uv":[3.1875,3.0,3.25,3.3125],"texture":"#0","tintindex":0,"rotation":0},"west":{"uv":[3.1875,3.0,3.25,3.3125],"texture":"#0","tintindex":0,"rotation":0},"up":{"uv":[3.125,3.0,3.1875,3.0625],"texture":"#0","tintindex":0,"rotation":0},"down":{"uv":[3.125,3.0,3.1875,3.0625],"texture":"#0","tintindex":0,"rotation":0}},"rotation":{"origin":[0.0,0.0,0.0],"angle":0.0,"axis":"x"}},{"from":[-5.6,4.4,3.2],"to":[-5.2,6.4,3.6],"origin":[0.0,0.0,0.0],"faces":{"north":{"uv":[3.1875,3.0,3.25,3.3125],"texture":"#0","tintindex":0,"rotation":0},"east":{"uv":[3.1875,3.0,3.25,3.3125],"texture":"#0","tintindex":0,"rotation":0},"south":{"uv":[3.1875,3.0,3.25,3.3125],"texture":"#0","tintindex":0,"rotation":0},"west":{"uv":[3.1875,3.0,3.25,3.3125],"texture":"#0","tintindex":0,"rotation":0},"up":{"uv":[3.125,3.0,3.1875,3.0625],"texture":"#0","tintindex":0,"rotation":0},"down":{"uv":[3.125,3.0,3.1875,3.0625],"texture":"#0","tintindex":0,"rotation":0}},"rotation":{"origin":[0.0,0.0,0.0],"angle":0.0,"axis":"x"}},{"from":[-5.6,4.4,6.0],"to":[-5.2,6.4,6.4],"origin":[0.0,0.0,0.0],"faces":{"north":{"uv":[3.1875,3.0,3.25,3.3125],"texture":"#0","tintindex":0,"rotation":0},"east":{"uv":[3.1875,3.0,3.25,3.3125],"texture":"#0","tintindex":0,"rotation":0},"south":{"uv":[3.1875,3.0,3.25,3.3125],"texture":"#0","tintindex":0,"rotation":0},"west":{"uv":[3.1875,3.0,3.25,3.3125],"texture":"#0","tintindex":0,"rotation":0},"up":{"uv":[3.125,3.0,3.1875,3.0625],"texture":"#0","tintindex":0,"rotation":0},"down":{"uv":[3.125,3.0,3.1875,3.0625],"texture":"#0","tintindex":0,"rotation":0}},"rotation":{"origin":[0.0,0.0,0.0],"angle":0.0,"axis":"x"}},{"from":[-3.6,4.4,3.2],"to":[-3.2,6.4,3.6],"origin":[0.0,0.0,0.0],"faces":{"north":{"uv":[3.1875,3.0,3.25,3.3125],"texture":"#0","tintindex":0,"rotation":0},"east":{"uv":[3.1875,3.0,3.25,3.3125],"texture":"#0","tintindex":0,"rotation":0},"south":{"uv":[3.1875,3.0,3.25,3.3125],"texture":"#0","tintindex":0,"rotation":0},"west":{"uv":[3.1875,3.0,3.25,3.3125],"texture":"#0","tintindex":0,"rotation":0},"up":{"uv":[3.125,3.0,3.1875,3.0625],"texture":"#0","tintindex":0,"rotation":0},"down":{"uv":[3.125,3.0,3.1875,3.0625],"texture":"#0","tintindex":0,"rotation":0}},"rotation":{"origin":[0.0,0.0,0.0],"angle":0.0,"axis":"x"}},{"from":[-3.6,4.4,6.0],"to":[-3.2,6.4,6.4],"origin":[0.0,0.0,0.0],"faces":{"north":{"uv":[3.1875,3.0,3.25,3.3125],"texture":"#0","tintindex":0,"rotation":0},"east":{"uv":[3.1875,3.0,3.25,3.3125],"texture":"#0","tintindex":0,"rotation":0},"south":{"uv":[3.1875,3.0,3.25,3.3125],"texture":"#0","tintindex":0,"rotation":0},"west":{"uv":[3.1875,3.0,3.25,3.3125],"texture":"#0","tintindex":0,"rotation":0},"up":{"uv":[3.125,3.0,3.1875,3.0625],"texture":"#0","tintindex":0,"rotation":0},"down":{"uv":[3.125,3.0,3.1875,3.0625],"texture":"#0","tintindex":0,"rotation":0}},"rotation":{"origin":[0.0,0.0,0.0],"angle":0.0,"axis":"x"}},{"from":[-6.4,4.4,4.0],"to":[-6.0,6.4,5.6],"origin":[0.0,0.0,0.0],"faces":{"north":{"uv":[3.3125,3.3125,3.375,3.625],"texture":"#0","tintindex":0,"rotation":0},"east":{"uv":[3.0625,3.3125,3.3125,3.625],"texture":"#0","tintindex":0,"rotation":0},"south":{"uv":[3.3125,3.3125,3.375,3.625],"texture":"#0","tintindex":0,"rotation":0},"west":{"uv":[3.0625,3.3125,3.3125,3.625],"texture":"#0","tintindex":0,"rotation":0},"up":{"uv":[3.0,3.3125,3.0625,3.5625],"texture":"#0","tintindex":0,"rotation":0},"down":{"uv":[3.0,3.3125,3.0625,3.5625],"texture":"#0","tintindex":0,"rotation":0}},"rotation":{"origin":[0.0,0.0,0.0],"angle":0.0,"axis":"x"}},{"from":[-2.8,4.4,4.0],"to":[-2.4,6.4,5.6],"origin":[0.0,0.0,0.0],"faces":{"north":{"uv":[3.3125,3.3125,3.375,3.625],"texture":"#0","tintindex":0,"rotation":0},"east":{"uv":[3.0625,3.3125,3.3125,3.625],"texture":"#0","tintindex":0,"rotation":0},"south":{"uv":[3.3125,3.3125,3.375,3.625],"texture":"#0","tintindex":0,"rotation":0},"west":{"uv":[3.0625,3.3125,3.3125,3.625],"texture":"#0","tintindex":0,"rotation":0},"up":{"uv":[3.0,3.3125,3.0625,3.5625],"texture":"#0","tintindex":0,"rotation":0},"down":{"uv":[3.0,3.3125,3.0625,3.5625],"texture":"#0","tintindex":0,"rotation":0}},"rotation":{"origin":[0.0,0.0,0.0],"angle":0.0,"axis":"x"}},{"from":[-5.6,6.0,3.6],"to":[-3.2,6.4,6.0],"origin":[0.0,0.0,0.0],"faces":{"north":{"uv":[3.75,2.375,4.125,2.375],"texture":"#0","tintindex":0,"rotation":0},"east":{"uv":[3.75,2.375,4.125,2.375],"texture":"#0","tintindex":0,"rotation":0},"south":{"uv":[3.75,2.375,4.125,2.375],"texture":"#0","tintindex":0,"rotation":0},"west":{"uv":[3.75,2.375,4.125,2.375],"texture":"#0","tintindex":0,"rotation":0},"up":{"uv":[3.75,2.375,4.125,2.75],"texture":"#0","tintindex":0,"rotation":0},"down":{"uv":[3.75,2.375,4.125,2.75],"texture":"#0","tintindex":0,"rotation":0}},"rotation":{"origin":[0.0,0.0,0.0],"angle":0.0,"axis":"x"}},{"from":[0.4,3.6,5.2],"to":[1.2,12.4,6.0],"origin":[0.0,0.0,0.0],"faces":{"north":{"uv":[3.0,2.25,3.125,3.3125],"texture":"#0","tintindex":0,"rotation":0},"east":{"uv":[3.0,2.25,3.125,3.3125],"texture":"#0","tintindex":0,"rotation":0},"south":{"uv":[3.0,2.25,3.125,3.3125],"texture":"#0","tintindex":0,"rotation":0},"west":{"uv":[3.0,2.25,3.125,3.3125],"texture":"#0","tintindex":0,"rotation":0},"up":{"uv":[3.0,2.25,3.125,2.375],"texture":"#0","tintindex":0,"rotation":0},"down":{"uv":[3.0,2.25,3.125,2.375],"texture":"#0","tintindex":0,"rotation":0}},"rotation":{"origin":[0.0,0.0,0.0],"angle":0.0,"axis":"x"}},{"from":[0.4,3.6,-0.8],"to":[1.2,10.0,0.0],"origin":[0.0,0.0,0.0],"faces":{"north":{"uv":[3.0,2.25,3.125,3.3125],"texture":"#0","tintindex":0,"rotation":0},"east":{"uv":[3.0,2.25,3.125,3.3125],"texture":"#0","tintindex":0,"rotation":0},"south":{"uv":[3.0,2.25,3.125,3.3125],"texture":"#0","tintindex":0,"rotation":0},"west":{"uv":[3.0,2.25,3.125,3.3125],"texture":"#0","tintindex":0,"rotation":0},"up":{"uv":[3.0,2.25,3.125,2.375],"texture":"#0","tintindex":0,"rotation":0},"down":{"uv":[3.0,2.25,3.125,2.375],"texture":"#0","tintindex":0,"rotation":0}},"rotation":{"origin":[0.0,0.0,0.0],"angle":0.0,"axis":"x"}},{"from":[0.0,3.6,-3.2],"to":[0.8,11.6,-2.4],"origin":[0.0,0.0,0.0],"faces":{"north":{"uv":[3.0,2.25,3.125,3.3125],"texture":"#0","tintindex":0,"rotation":0},"east":{"uv":[3.0,2.25,3.125,3.3125],"texture":"#0","tintindex":0,"rotation":0},"south":{"uv":[3.0,2.25,3.125,3.3125],"texture":"#0","tintindex":0,"rotation":0},"west":{"uv":[3.0,2.25,3.125,3.3125],"texture":"#0","tintindex":0,"rotation":0},"up":{"uv":[3.0,2.25,3.125,2.375],"texture":"#0","tintindex":0,"rotation":0},"down":{"uv":[3.0,2.25,3.125,2.375],"texture":"#0","tintindex":0,"rotation":0}},"rotation":{"origin":[0.0,0.0,0.0],"angle":0.0,"axis":"x"}},{"from":[0.4,3.6,-6.4],"to":[1.2,9.2,-5.6],"origin":[0.0,0.0,0.0],"faces":{"north":{"uv":[3.0,2.25,3.125,3.3125],"texture":"#0","tintindex":0,"rotation":0},"east":{"uv":[3.0,2.25,3.125,3.3125],"texture":"#0","tintindex":0,"rotation":0},"south":{"uv":[3.0,2.25,3.125,3.3125],"texture":"#0","tintindex":0,"rotation":0},"west":{"uv":[3.0,2.25,3.125,3.3125],"texture":"#0","tintindex":0,"rotation":0},"up":{"uv":[3.0,2.25,3.125,2.375],"texture":"#0","tintindex":0,"rotation":0},"down":{"uv":[3.0,2.25,3.125,2.375],"texture":"#0","tintindex":0,"rotation":0}},"rotation":{"origin":[0.0,0.0,0.0],"angle":0.0,"axis":"x"}},{"from":[0.0,3.6,2.4],"to":[0.8,12.0,3.2],"origin":[0.0,0.0,0.0],"faces":{"north":{"uv":[3.0,2.25,3.125,3.3125],"texture":"#0","tintindex":0,"rotation":0},"east":{"uv":[3.0,2.25,3.125,3.3125],"texture":"#0","tintindex":0,"rotation":0},"south":{"uv":[3.0,2.25,3.125,3.3125],"texture":"#0","tintindex":0,"rotation":0},"west":{"uv":[3.0,2.25,3.125,3.3125],"texture":"#0","tintindex":0,"rotation":0},"up":{"uv":[3.0,2.25,3.125,2.375],"texture":"#0","tintindex":0,"rotation":0},"down":{"uv":[3.0,2.25,3.125,2.375],"texture":"#0","tintindex":0,"rotation":0}},"rotation":{"origin":[0.0,0.0,0.0],"angle":0.0,"axis":"x"}},{"from":[3.2,3.6,6.0],"to":[4.0,9.2,6.8],"origin":[0.0,0.0,0.0],"faces":{"north":{"uv":[3.0,2.25,3.125,3.3125],"texture":"#0","tintindex":0,"rotation":0},"east":{"uv":[3.0,2.25,3.125,3.3125],"texture":"#0","tintindex":0,"rotation":0},"south":{"uv":[3.0,2.25,3.125,3.3125],"texture":"#0","tintindex":0,"rotation":0},"west":{"uv":[3.0,2.25,3.125,3.3125],"texture":"#0","tintindex":0,"rotation":0},"up":{"uv":[3.0,2.25,3.125,2.375],"texture":"#0","tintindex":0,"rotation":0},"down":{"uv":[3.0,2.25,3.125,2.375],"texture":"#0","tintindex":0,"rotation":0}},"rotation":{"origin":[0.0,0.0,0.0],"angle":0.0,"axis":"x"}},{"from":[3.6,3.6,-0.4],"to":[4.4,10.0,0.4],"origin":[0.0,0.0,0.0],"faces":{"north":{"uv":[3.0,2.25,3.125,3.3125],"texture":"#0","tintindex":0,"rotation":0},"east":{"uv":[3.0,2.25,3.125,3.3125],"texture":"#0","tintindex":0,"rotation":0},"south":{"uv":[3.0,2.25,3.125,3.3125],"texture":"#0","tintindex":0,"rotation":0},"west":{"uv":[3.0,2.25,3.125,3.3125],"texture":"#0","tintindex":0,"rotation":0},"up":{"uv":[3.0,2.25,3.125,2.375],"texture":"#0","tintindex":0,"rotation":0},"down":{"uv":[3.0,2.25,3.125,2.375],"texture":"#0","tintindex":0,"rotation":0}},"rotation":{"origin":[0.0,0.0,0.0],"angle":0.0,"axis":"x"}},{"from":[3.2,3.6,-2.8],"to":[4.0,9.2,-2.0],"origin":[0.0,0.0,0.0],"faces":{"north":{"uv":[3.0,2.25,3.125,3.3125],"texture":"#0","tintindex":0,"rotation":0},"east":{"uv":[3.0,2.25,3.125,3.3125],"texture":"#0","tintindex":0,"rotation":0},"south":{"uv":[3.0,2.25,3.125,3.3125],"texture":"#0","tintindex":0,"rotation":0},"west":{"uv":[3.0,2.25,3.125,3.3125],"texture":"#0","tintindex":0,"rotation":0},"up":{"uv":[3.0,2.25,3.125,2.375],"texture":"#0","tintindex":0,"rotation":0},"down":{"uv":[3.0,2.25,3.125,2.375],"texture":"#0","tintindex":0,"rotation":0}},"rotation":{"origin":[0.0,0.0,0.0],"angle":0.0,"axis":"x"}},{"from":[3.6,3.6,-6.0],"to":[4.4,11.2,-5.2],"origin":[0.0,0.0,0.0],"faces":{"north":{"uv":[3.0,2.25,3.125,3.3125],"texture":"#0","tintindex":0,"rotation":0},"east":{"uv":[3.0,2.25,3.125,3.3125],"texture":"#0","tintindex":0,"rotation":0},"south":{"uv":[3.0,2.25,3.125,3.3125],"texture":"#0","tintindex":0,"rotation":0},"west":{"uv":[3.0,2.25,3.125,3.3125],"texture":"#0","tintindex":0,"rotation":0},"up":{"uv":[3.0,2.25,3.125,2.375],"texture":"#0","tintindex":0,"rotation":0},"down":{"uv":[3.0,2.25,3.125,2.375],"texture":"#0","tintindex":0,"rotation":0}},"rotation":{"origin":[0.0,0.0,0.0],"angle":0.0,"axis":"x"}},{"from":[3.2,3.6,2.0],"to":[4.0,10.4,2.8],"origin":[0.0,0.0,0.0],"faces":{"north":{"uv":[3.0,2.25,3.125,3.3125],"texture":"#0","tintindex":0,"rotation":0},"east":{"uv":[3.0,2.25,3.125,3.3125],"texture":"#0","tintindex":0,"rotation":0},"south":{"uv":[3.0,2.25,3.125,3.3125],"texture":"#0","tintindex":0,"rotation":0},"west":{"uv":[3.0,2.25,3.125,3.3125],"texture":"#0","tintindex":0,"rotation":0},"up":{"uv":[3.0,2.25,3.125,2.375],"texture":"#0","tintindex":0,"rotation":0},"down":{"uv":[3.0,2.25,3.125,2.375],"texture":"#0","tintindex":0,"rotation":0}},"rotation":{"origin":[0.0,0.0,0.0],"angle":0.0,"axis":"x"}},{"from":[6.0,3.6,5.6],"to":[6.8,10.4,6.4],"origin":[0.0,0.0,0.0],"faces":{"north":{"uv":[3.0,2.25,3.125,3.3125],"texture":"#0","tintindex":0,"rotation":0},"east":{"uv":[3.0,2.25,3.125,3.3125],"texture":"#0","tintindex":0,"rotation":0},"south":{"uv":[3.0,2.25,3.125,3.3125],"texture":"#0","tintindex":0,"rotation":0},"west":{"uv":[3.0,2.25,3.125,3.3125],"texture":"#0","tintindex":0,"rotation":0},"up":{"uv":[3.0,2.25,3.125,2.375],"texture":"#0","tintindex":0,"rotation":0},"down":{"uv":[3.0,2.25,3.125,2.375],"texture":"#0","tintindex":0,"rotation":0}},"rotation":{"origin":[0.0,0.0,0.0],"angle":0.0,"axis":"x"}},{"from":[6.0,3.6,2.4],"to":[6.8,9.2,3.2],"origin":[0.0,0.0,0.0],"faces":{"north":{"uv":[3.0,2.25,3.125,3.3125],"texture":"#0","tintindex":0,"rotation":0},"east":{"uv":[3.0,2.25,3.125,3.3125],"texture":"#0","tintindex":0,"rotation":0},"south":{"uv":[3.0,2.25,3.125,3.3125],"texture":"#0","tintindex":0,"rotation":0},"west":{"uv":[3.0,2.25,3.125,3.3125],"texture":"#0","tintindex":0,"rotation":0},"up":{"uv":[3.0,2.25,3.125,2.375],"texture":"#0","tintindex":0,"rotation":0},"down":{"uv":[3.0,2.25,3.125,2.375],"texture":"#0","tintindex":0,"rotation":0}},"rotation":{"origin":[0.0,0.0,0.0],"angle":0.0,"axis":"x"}},{"from":[6.0,3.6,-6.4],"to":[6.8,10.0,-5.6],"origin":[0.0,0.0,0.0],"faces":{"north":{"uv":[3.0,2.25,3.125,3.3125],"texture":"#0","tintindex":0,"rotation":0},"east":{"uv":[3.0,2.25,3.125,3.3125],"texture":"#0","tintindex":0,"rotation":0},"south":{"uv":[3.0,2.25,3.125,3.3125],"texture":"#0","tintindex":0,"rotation":0},"west":{"uv":[3.0,2.25,3.125,3.3125],"texture":"#0","tintindex":0,"rotation":0},"up":{"uv":[3.0,2.25,3.125,2.375],"texture":"#0","tintindex":0,"rotation":0},"down":{"uv":[3.0,2.25,3.125,2.375],"texture":"#0","tintindex":0,"rotation":0}},"rotation":{"origin":[0.0,0.0,0.0],"angle":0.0,"axis":"x"}},{"from":[5.6,3.6,-3.2],"to":[6.4,10.4,-2.4],"origin":[0.0,0.0,0.0],"faces":{"north":{"uv":[3.0,2.25,3.125,3.3125],"texture":"#0","tintindex":0,"rotation":0},"east":{"uv":[3.0,2.25,3.125,3.3125],"texture":"#0","tintindex":0,"rotation":0},"south":{"uv":[3.0,2.25,3.125,3.3125],"texture":"#0","tintindex":0,"rotation":0},"west":{"uv":[3.0,2.25,3.125,3.3125],"texture":"#0","tintindex":0,"rotation":0},"up":{"uv":[3.0,2.25,3.125,2.375],"texture":"#0","tintindex":0,"rotation":0},"down":{"uv":[3.0,2.25,3.125,2.375],"texture":"#0","tintindex":0,"rotation":0}},"rotation":{"origin":[0.0,0.0,0.0],"angle":0.0,"axis":"x"}},{"from":[6.0,3.6,0.0],"to":[6.4,11.2,0.8],"origin":[0.0,0.0,0.0],"faces":{"north":{"uv":[3.0,2.25,3.125,3.3125],"texture":"#0","tintindex":0,"rotation":0},"east":{"uv":[3.0,2.25,3.125,3.3125],"texture":"#0","tintindex":0,"rotation":0},"south":{"uv":[3.0,2.25,3.125,3.3125],"texture":"#0","tintindex":0,"rotation":0},"west":{"uv":[3.0,2.25,3.125,3.3125],"texture":"#0","tintindex":0,"rotation":0},"up":{"uv":[3.0,2.25,3.125,2.375],"texture":"#0","tintindex":0,"rotation":0},"down":{"uv":[3.0,2.25,3.125,2.375],"texture":"#0","tintindex":0,"rotation":0}},"rotation":{"origin":[0.0,0.0,0.0],"angle":0.0,"axis":"x"}}],"display":{"head":{"scale":[4.0,4.0,4.0],"translation":[32.0,25.5,32.0]}}}