{"textures":{"0":"freeminecraftmodels:entity/attachment_barrel"},"elements":[{"from":[-2.8,27.6,-2.8],"to":[-2.4,28.4,-2.4],"origin":[4.0,60.0,9.0],"faces":{"north":{"uv":[2.0,6.0,2.5,7.0],"texture":"#0","tintindex":0,"rotation":0},"east":{"uv":[2.5,6.0,3.0,7.0],"texture":"#0","tintindex":0,"rotation":0},"south":{"uv":[9.0,6.5,9.5,7.5],"texture":"#0","tintindex":0,"rotation":0},"west":{"uv":[9.5,6.5,10.0,7.5],"texture":"#0","tintindex":0,"rotation":0},"up":{"uv":[2.5,7.5,2.0,7.0],"texture":"#0","tintindex":0,"rotation":0},"down":{"uv":[3.0,7.0,2.5,7.5],"texture":"#0","tintindex":0,"rotation":0}},"rotation":{"origin":[1.6,24.0,3.6],"angle":0.0,"axis":"x"}},{"from":[-2.4,30.4,-3.2],"to":[-0.8,31.2,-2.8],"origin":[4.0,134.0,9.0],"faces":{"north":{"uv":[7.0,2.5,9.0,3.5],"texture":"#0","tintindex":0,"rotation":0},"east":{"uv":[12.5,0.0,13.0,1.0],"texture":"#0","tintindex":0,"rotation":0},"south":{"uv":[7.0,3.5,9.0,4.5],"texture":"#0","tintindex":0,"rotation":0},"west":{"uv":[0.5,12.5,1.0,13.5],"texture":"#0","tintindex":0,"rotation":0},"up":{"uv":[2.5,12.5,0.5,12.0],"texture":"#0","tintindex":0,"rotation":0},"down":{"uv":[4.5,12.0,2.5,12.5],"texture":"#0","tintindex":0,"rotation":0}},"rotation":{"origin":[1.6,53.6,3.6],"angle":0.0,"axis":"x"}},{"from":[-3.2,30.4,-2.4],"to":[-2.8,31.2,-0.8],"origin":[4.0,134.0,9.0],"faces":{"north":{"uv":[1.0,12.5,1.5,13.5],"texture":"#0","tintindex":0,"rotation":0},"east":{"uv":[7.0,4.5,9.0,5.5],"texture":"#0","tintindex":0,"rotation":0},"south":{"uv":[12.5,1.0,13.0,2.0],"texture":"#0","tintindex":0,"rotation":0},"west":{"uv":[7.0,5.5,9.0,6.5],"texture":"#0","tintindex":0,"rotation":0},"up":{"uv":[11.5,2.0,11.0,0.0],"texture":"#0","tintindex":0,"rotation":0},"down":{"uv":[12.0,0.0,11.5,2.0],"texture":"#0","tintindex":0,"rotation":0}},"rotation":{"origin":[1.6,53.6,3.6],"angle":0.0,"axis":"x"}},{"from":[-2.8,30.4,-0.8],"to":[-2.4,31.2,-0.4],"origin":[4.0,60.0,9.0],"faces":{"north":{"uv":[1.5,12.5,2.0,13.5],"texture":"#0","tintindex":0,"rotation":0},"east":{"uv":[2.0,12.5,2.5,13.5],"texture":"#0","tintindex":0,"rotation":0},"south":{"uv":[2.5,12.5,3.0,13.5],"texture":"#0","tintindex":0,"rotation":0},"west":{"uv":[3.0,12.5,3.5,13.5],"texture":"#0","tintindex":0,"rotation":0},"up":{"uv":[13.0,2.5,12.5,2.0],"texture":"#0","tintindex":0,"rotation":0},"down":{"uv":[13.5,2.0,13.0,2.5],"texture":"#0","tintindex":0,"rotation":0}},"rotation":{"origin":[1.6,24.0,3.6],"angle":0.0,"axis":"x"}},{"from":[-2.4,30.4,-0.4],"to":[-0.8,31.2,0.0],"origin":[4.0,134.0,9.0],"faces":{"north":{"uv":[7.0,6.5,9.0,7.5],"texture":"#0","tintindex":0,"rotation":0},"east":{"uv":[3.5,12.5,4.0,13.5],"texture":"#0","tintindex":0,"rotation":0},"south":{"uv":[2.0,7.5,4.0,8.5],"texture":"#0","tintindex":0,"rotation":0},"west":{"uv":[12.5,3.5,13.0,4.5],"texture":"#0","tintindex":0,"rotation":0},"up":{"uv":[14.0,3.0,12.0,2.5],"texture":"#0","tintindex":0,"rotation":0},"down":{"uv":[14.0,3.0,12.0,3.5],"texture":"#0","tintindex":0,"rotation":0}},"rotation":{"origin":[1.6,53.6,3.6],"angle":0.0,"axis":"x"}},{"from":[-0.8,30.4,-0.8],"to":[-0.4,31.2,-0.4],"origin":[4.0,60.0,9.0],"faces":{"north":{"uv":[4.0,12.5,4.5,13.5],"texture":"#0","tintindex":0,"rotation":0},"east":{"uv":[12.5,4.5,13.0,5.5],"texture":"#0","tintindex":0,"rotation":0},"south":{"uv":[6.0,12.5,6.5,13.5],"texture":"#0","tintindex":0,"rotation":0},"west":{"uv":[12.5,6.0,13.0,7.0],"texture":"#0","tintindex":0,"rotation":0},"up":{"uv":[14.0,2.5,13.5,2.0],"texture":"#0","tintindex":0,"rotation":0},"down":{"uv":[14.0,6.0,13.5,6.5],"texture":"#0","tintindex":0,"rotation":0}},"rotation":{"origin":[1.6,24.0,3.6],"angle":0.0,"axis":"x"}},{"from":[-0.4,30.4,-2.4],"to":[0.0,31.2,-0.8],"origin":[4.0,134.0,9.0],"faces":{"north":{"uv":[6.5,12.5,7.0,13.5],"texture":"#0","tintindex":0,"rotation":0},"east":{"uv":[4.0,7.5,6.0,8.5],"texture":"#0","tintindex":0,"rotation":0},"south":{"uv":[7.0,12.5,7.5,13.5],"texture":"#0","tintindex":0,"rotation":0},"west":{"uv":[6.0,7.5,8.0,8.5],"texture":"#0","tintindex":0,"rotation":0},"up":{"uv":[12.5,5.5,12.0,3.5],"texture":"#0","tintindex":0,"rotation":0},"down":{"uv":[5.0,12.0,4.5,14.0],"texture":"#0","tintindex":0,"rotation":0}},"rotation":{"origin":[1.6,53.6,3.6],"angle":0.0,"axis":"x"}},{"from":[-0.8,30.4,-2.8],"to":[-0.4,31.2,-2.4],"origin":[4.0,60.0,9.0],"faces":{"north":{"uv":[12.5,7.0,13.0,8.0],"texture":"#0","tintindex":0,"rotation":0},"east":{"uv":[7.5,12.5,8.0,13.5],"texture":"#0","tintindex":0,"rotation":0},"south":{"uv":[12.5,11.0,13.0,12.0],"texture":"#0","tintindex":0,"rotation":0},"west":{"uv":[12.5,12.0,13.0,13.0],"texture":"#0","tintindex":0,"rotation":0},"up":{"uv":[7.0,14.0,6.5,13.5],"texture":"#0","tintindex":0,"rotation":0},"down":{"uv":[14.0,6.5,13.5,7.0],"texture":"#0","tintindex":0,"rotation":0}},"rotation":{"origin":[1.6,24.0,3.6],"angle":0.0,"axis":"x"}},{"from":[-2.8,30.4,-2.8],"to":[-2.4,31.2,-2.4],"origin":[4.0,60.0,9.0],"faces":{"north":{"uv":[13.0,0.0,13.5,1.0],"texture":"#0","tintindex":0,"rotation":0},"east":{"uv":[13.0,1.0,13.5,2.0],"texture":"#0","tintindex":0,"rotation":0},"south":{"uv":[13.0,3.5,13.5,4.5],"texture":"#0","tintindex":0,"rotation":0},"west":{"uv":[13.0,4.5,13.5,5.5],"texture":"#0","tintindex":0,"rotation":0},"up":{"uv":[7.5,14.0,7.0,13.5],"texture":"#0","tintindex":0,"rotation":0},"down":{"uv":[14.0,7.0,13.5,7.5],"texture":"#0","tintindex":0,"rotation":0}},"rotation":{"origin":[1.6,24.0,3.6],"angle":0.0,"axis":"x"}},{"from":[-0.8,27.6,-2.8],"to":[-0.4,28.4,-2.4],"origin":[4.0,60.0,9.0],"faces":{"north":{"uv":[13.0,6.0,13.5,7.0],"texture":"#0","tintindex":0,"rotation":0},"east":{"uv":[13.0,7.0,13.5,8.0],"texture":"#0","tintindex":0,"rotation":0},"south":{"uv":[13.0,11.0,13.5,12.0],"texture":"#0","tintindex":0,"rotation":0},"west":{"uv":[12.0,13.0,12.5,14.0],"texture":"#0","tintindex":0,"rotation":0},"up":{"uv":[8.0,14.0,7.5,13.5],"texture":"#0","tintindex":0,"rotation":0},"down":{"uv":[14.0,7.5,13.5,8.0],"texture":"#0","tintindex":0,"rotation":0}},"rotation":{"origin":[1.6,24.0,3.6],"angle":0.0,"axis":"x"}},{"from":[-0.4,27.6,-2.4],"to":[0.0,28.4,-0.8],"origin":[4.0,134.0,9.0],"faces":{"north":{"uv":[13.0,12.0,13.5,13.0],"texture":"#0","tintindex":0,"rotation":0},"east":{"uv":[8.0,7.5,10.0,8.5],"texture":"#0","tintindex":0,"rotation":0},"south":{"uv":[12.5,13.0,13.0,14.0],"texture":"#0","tintindex":0,"rotation":0},"west":{"uv":[0.0,8.5,2.0,9.5],"texture":"#0","tintindex":0,"rotation":0},"up":{"uv":[5.5,14.0,5.0,12.0],"texture":"#0","tintindex":0,"rotation":0},"down":{"uv":[6.0,12.0,5.5,14.0],"texture":"#0","tintindex":0,"rotation":0}},"rotation":{"origin":[1.6,53.6,3.6],"angle":0.0,"axis":"x"}},{"from":[-0.8,27.6,-0.8],"to":[-0.4,28.4,-0.4],"origin":[4.0,60.0,9.0],"faces":{"north":{"uv":[13.0,13.0,13.5,14.0],"texture":"#0","tintindex":0,"rotation":0},"east":{"uv":[13.5,0.0,14.0,1.0],"texture":"#0","tintindex":0,"rotation":0},"south":{"uv":[0.5,13.5,1.0,14.5],"texture":"#0","tintindex":0,"rotation":0},"west":{"uv":[1.0,13.5,1.5,14.5],"texture":"#0","tintindex":0,"rotation":0},"up":{"uv":[14.0,11.5,13.5,11.0],"texture":"#0","tintindex":0,"rotation":0},"down":{"uv":[14.0,11.5,13.5,12.0],"texture":"#0","tintindex":0,"rotation":0}},"rotation":{"origin":[1.6,24.0,3.6],"angle":0.0,"axis":"x"}},{"from":[-2.4,27.6,-0.4],"to":[-0.8,28.4,0.0],"origin":[4.0,134.0,9.0],"faces":{"north":{"uv":[2.0,8.5,4.0,9.5],"texture":"#0","tintindex":0,"rotation":0},"east":{"uv":[13.5,1.0,14.0,2.0],"texture":"#0","tintindex":0,"rotation":0},"south":{"uv":[4.0,8.5,6.0,9.5],"texture":"#0","tintindex":0,"rotation":0},"west":{"uv":[1.5,13.5,2.0,14.5],"texture":"#0","tintindex":0,"rotation":0},"up":{"uv":[14.0,6.0,12.0,5.5],"texture":"#0","tintindex":0,"rotation":0},"down":{"uv":[8.0,12.0,6.0,12.5],"texture":"#0","tintindex":0,"rotation":0}},"rotation":{"origin":[1.6,53.6,3.6],"angle":0.0,"axis":"x"}},{"from":[-2.8,27.6,-0.8],"to":[-2.4,28.4,-0.4],"origin":[4.0,60.0,9.0],"faces":{"north":{"uv":[2.0,13.5,2.5,14.5],"texture":"#0","tintindex":0,"rotation":0},"east":{"uv":[2.5,13.5,3.0,14.5],"texture":"#0","tintindex":0,"rotation":0},"south":{"uv":[3.0,13.5,3.5,14.5],"texture":"#0","tintindex":0,"rotation":0},"west":{"uv":[3.5,13.5,4.0,14.5],"texture":"#0","tintindex":0,"rotation":0},"up":{"uv":[14.0,12.5,13.5,12.0],"texture":"#0","tintindex":0,"rotation":0},"down":{"uv":[14.0,12.5,13.5,13.0],"texture":"#0","tintindex":0,"rotation":0}},"rotation":{"origin":[1.6,24.0,3.6],"angle":0.0,"axis":"x"}},{"from":[-3.2,27.6,-2.4],"to":[-2.8,28.4,-0.8],"origin":[4.0,134.0,9.0],"faces":{"north":{"uv":[13.5,3.5,14.0,4.5],"texture":"#0","tintindex":0,"rotation":0},"east":{"uv":[6.0,8.5,8.0,9.5],"texture":"#0","tintindex":0,"rotation":0},"south":{"uv":[4.0,13.5,4.5,14.5],"texture":"#0","tintindex":0,"rotation":0},"west":{"uv":[8.0,8.5,10.0,9.5],"texture":"#0","tintindex":0,"rotation":0},"up":{"uv":[12.5,8.0,12.0,6.0],"texture":"#0","tintindex":0,"rotation":0},"down":{"uv":[8.5,12.0,8.0,14.0],"texture":"#0","tintindex":0,"rotation":0}},"rotation":{"origin":[1.6,53.6,3.6],"angle":0.0,"axis":"x"}},{"from":[-2.4,27.6,-3.2],"to":[-0.8,28.4,-2.8],"origin":[4.0,134.0,9.0],"faces":{"north":{"uv":[9.0,0.0,11.0,1.0],"texture":"#0","tintindex":0,"rotation":0},"east":{"uv":[13.5,4.5,14.0,5.5],"texture":"#0","tintindex":0,"rotation":0},"south":{"uv":[9.0,1.0,11.0,2.0],"texture":"#0","tintindex":0,"rotation":0},"west":{"uv":[6.0,13.5,6.5,14.5],"texture":"#0","tintindex":0,"rotation":0},"up":{"uv":[14.0,8.5,12.0,8.0],"texture":"#0","tintindex":0,"rotation":0},"down":{"uv":[14.0,8.5,12.0,9.0],"texture":"#0","tintindex":0,"rotation":0}},"rotation":{"origin":[1.6,53.6,3.6],"angle":0.0,"axis":"x"}},{"from":[-2.4,28.4,-3.6],"to":[-0.8,30.4,-3.2],"origin":[4.0,60.0,9.0],"faces":{"north":{"uv":[3.0,0.0,5.0,2.5],"texture":"#0","tintindex":0,"rotation":0},"east":{"uv":[9.0,4.0,9.5,6.5],"texture":"#0","tintindex":0,"rotation":0},"south":{"uv":[3.0,2.5,5.0,5.0],"texture":"#0","tintindex":0,"rotation":0},"west":{"uv":[0.0,9.5,0.5,12.0],"texture":"#0","tintindex":0,"rotation":0},"up":{"uv":[14.0,9.5,12.0,9.0],"texture":"#0","tintindex":0,"rotation":0},"down":{"uv":[14.0,9.5,12.0,10.0],"texture":"#0","tintindex":0,"rotation":0}},"rotation":{"origin":[1.6,24.0,3.6],"angle":0.0,"axis":"x"}},{"from":[-2.4,28.4,0.0],"to":[-0.8,30.4,0.4],"origin":[4.0,60.0,9.0],"faces":{"north":{"uv":[5.0,0.0,7.0,2.5],"texture":"#0","tintindex":0,"rotation":0},"east":{"uv":[0.5,9.5,1.0,12.0],"texture":"#0","tintindex":0,"rotation":0},"south":{"uv":[5.0,2.5,7.0,5.0],"texture":"#0","tintindex":0,"rotation":0},"west":{"uv":[1.0,9.5,1.5,12.0],"texture":"#0","tintindex":0,"rotation":0},"up":{"uv":[14.0,10.5,12.0,10.0],"texture":"#0","tintindex":0,"rotation":0},"down":{"uv":[14.0,10.5,12.0,11.0],"texture":"#0","tintindex":0,"rotation":0}},"rotation":{"origin":[1.6,24.0,3.6],"angle":0.0,"axis":"x"}},{"from":[-3.2,28.4,-0.8],"to":[-2.8,30.4,-0.4],"origin":[4.0,60.0,9.0],"faces":{"north":{"uv":[1.5,9.5,2.0,12.0],"texture":"#0","tintindex":0,"rotation":0},"east":{"uv":[2.0,9.5,2.5,12.0],"texture":"#0","tintindex":0,"rotation":0},"south":{"uv":[2.5,9.5,3.0,12.0],"texture":"#0","tintindex":0,"rotation":0},"west":{"uv":[3.0,9.5,3.5,12.0],"texture":"#0","tintindex":0,"rotation":0},"up":{"uv":[14.0,13.5,13.5,13.0],"texture":"#0","tintindex":0,"rotation":0},"down":{"uv":[14.0,13.5,13.5,14.0],"texture":"#0","tintindex":0,"rotation":0}},"rotation":{"origin":[1.6,24.0,3.6],"angle":0.0,"axis":"x"}},{"from":[-0.4,28.4,-2.8],"to":[0.0,30.4,-2.4],"origin":[4.0,60.0,9.0],"faces":{"north":{"uv":[3.5,9.5,4.0,12.0],"texture":"#0","tintindex":0,"rotation":0},"east":{"uv":[4.0,9.5,4.5,12.0],"texture":"#0","tintindex":0,"rotation":0},"south":{"uv":[9.5,4.0,10.0,6.5],"texture":"#0","tintindex":0,"rotation":0},"west":{"uv":[4.5,9.5,5.0,12.0],"texture":"#0","tintindex":0,"rotation":0},"up":{"uv":[14.5,0.5,14.0,0.0],"texture":"#0","tintindex":0,"rotation":0},"down":{"uv":[14.5,0.5,14.0,1.0],"texture":"#0","tintindex":0,"rotation":0}},"rotation":{"origin":[1.6,24.0,3.6],"angle":0.0,"axis":"x"}},{"from":[-0.4,28.4,-0.8],"to":[0.0,30.4,-0.4],"origin":[4.0,60.0,9.0],"faces":{"north":{"uv":[5.0,9.5,5.5,12.0],"texture":"#0","tintindex":0,"rotation":0},"east":{"uv":[5.5,9.5,6.0,12.0],"texture":"#0","tintindex":0,"rotation":0},"south":{"uv":[6.0,9.5,6.5,12.0],"texture":"#0","tintindex":0,"rotation":0},"west":{"uv":[6.5,9.5,7.0,12.0],"texture":"#0","tintindex":0,"rotation":0},"up":{"uv":[14.5,1.5,14.0,1.0],"texture":"#0","tintindex":0,"rotation":0},"down":{"uv":[14.5,1.5,14.0,2.0],"texture":"#0","tintindex":0,"rotation":0}},"rotation":{"origin":[1.6,24.0,3.6],"angle":0.0,"axis":"x"}},{"from":[-3.2,28.4,-2.8],"to":[-2.8,30.4,-2.4],"origin":[4.0,60.0,9.0],"faces":{"north":{"uv":[7.0,9.5,7.5,12.0],"texture":"#0","tintindex":0,"rotation":0},"east":{"uv":[7.5,9.5,8.0,12.0],"texture":"#0","tintindex":0,"rotation":0},"south":{"uv":[8.0,9.5,8.5,12.0],"texture":"#0","tintindex":0,"rotation":0},"west":{"uv":[8.5,9.5,9.0,12.0],"texture":"#0","tintindex":0,"rotation":0},"up":{"uv":[14.5,2.5,14.0,2.0],"texture":"#0","tintindex":0,"rotation":0},"down":{"uv":[14.5,2.5,14.0,3.0],"texture":"#0","tintindex":0,"rotation":0}},"rotation":{"origin":[1.6,24.0,3.6],"angle":0.0,"axis":"x"}},{"from":[-2.8,28.4,-3.2],"to":[-2.4,30.4,-2.8],"origin":[4.0,60.0,9.0],"faces":{"north":{"uv":[9.0,9.5,9.5,12.0],"texture":"#0","tintindex":0,"rotation":0},"east":{"uv":[9.5,9.5,10.0,12.0],"texture":"#0","tintindex":0,"rotation":0},"south":{"uv":[10.0,4.0,10.5,6.5],"texture":"#0","tintindex":0,"rotation":0},"west":{"uv":[10.0,6.5,10.5,9.0],"texture":"#0","tintindex":0,"rotation":0},"up":{"uv":[14.5,3.5,14.0,3.0],"texture":"#0","tintindex":0,"rotation":0},"down":{"uv":[14.5,3.5,14.0,4.0],"texture":"#0","tintindex":0,"rotation":0}},"rotation":{"origin":[1.6,24.0,3.6],"angle":0.0,"axis":"x"}},{"from":[-2.8,28.4,-0.4],"to":[-2.4,30.4,0.0],"origin":[4.0,60.0,9.0],"faces":{"north":{"uv":[10.0,9.0,10.5,11.5],"texture":"#0","tintindex":0,"rotation":0},"east":{"uv":[10.5,4.0,11.0,6.5],"texture":"#0","tintindex":0,"rotation":0},"south":{"uv":[10.5,6.5,11.0,9.0],"texture":"#0","tintindex":0,"rotation":0},"west":{"uv":[10.5,9.0,11.0,11.5],"texture":"#0","tintindex":0,"rotation":0},"up":{"uv":[14.5,4.5,14.0,4.0],"texture":"#0","tintindex":0,"rotation":0},"down":{"uv":[5.0,14.0,4.5,14.5],"texture":"#0","tintindex":0,"rotation":0}},"rotation":{"origin":[1.6,24.0,3.6],"angle":0.0,"axis":"x"}},{"from":[-0.8,28.4,-3.2],"to":[-0.4,30.4,-2.8],"origin":[4.0,60.0,9.0],"faces":{"north":{"uv":[11.0,4.0,11.5,6.5],"texture":"#0","tintindex":0,"rotation":0},"east":{"uv":[11.0,6.5,11.5,9.0],"texture":"#0","tintindex":0,"rotation":0},"south":{"uv":[11.0,9.0,11.5,11.5],"texture":"#0","tintindex":0,"rotation":0},"west":{"uv":[11.5,4.0,12.0,6.5],"texture":"#0","tintindex":0,"rotation":0},"up":{"uv":[14.5,5.0,14.0,4.5],"texture":"#0","tintindex":0,"rotation":0},"down":{"uv":[5.5,14.0,5.0,14.5],"texture":"#0","tintindex":0,"rotation":0}},"rotation":{"origin":[1.6,24.0,3.6],"angle":0.0,"axis":"x"}},{"from":[-0.8,28.4,-0.4],"to":[-0.4,30.4,0.0],"origin":[4.0,60.0,9.0],"faces":{"north":{"uv":[11.5,6.5,12.0,9.0],"texture":"#0","tintindex":0,"rotation":0},"east":{"uv":[11.5,9.0,12.0,11.5],"texture":"#0","tintindex":0,"rotation":0},"south":{"uv":[10.0,11.5,10.5,14.0],"texture":"#0","tintindex":0,"rotation":0},"west":{"uv":[10.5,11.5,11.0,14.0],"texture":"#0","tintindex":0,"rotation":0},"up":{"uv":[14.5,5.5,14.0,5.0],"texture":"#0","tintindex":0,"rotation":0},"down":{"uv":[6.0,14.0,5.5,14.5],"texture":"#0","tintindex":0,"rotation":0}},"rotation":{"origin":[1.6,24.0,3.6],"angle":0.0,"axis":"x"}},{"from":[-3.6,28.4,-2.4],"to":[-3.2,30.4,-0.8],"origin":[4.0,60.0,9.0],"faces":{"north":{"uv":[11.0,11.5,11.5,14.0],"texture":"#0","tintindex":0,"rotation":0},"east":{"uv":[3.0,5.0,5.0,7.5],"texture":"#0","tintindex":0,"rotation":0},"south":{"uv":[11.5,11.5,12.0,14.0],"texture":"#0","tintindex":0,"rotation":0},"west":{"uv":[5.0,5.0,7.0,7.5],"texture":"#0","tintindex":0,"rotation":0},"up":{"uv":[9.0,14.0,8.5,12.0],"texture":"#0","tintindex":0,"rotation":0},"down":{"uv":[9.5,12.0,9.0,14.0],"texture":"#0","tintindex":0,"rotation":0}},"rotation":{"origin":[1.6,24.0,3.6],"angle":0.0,"axis":"x"}},{"from":[0.0,28.4,-2.4],"to":[0.4,30.4,-0.8],"origin":[4.0,60.0,9.0],"faces":{"north":{"uv":[0.0,12.0,0.5,14.5],"texture":"#0","tintindex":0,"rotation":0},"east":{"uv":[0.0,6.0,2.0,8.5],"texture":"#0","tintindex":0,"rotation":0},"south":{"uv":[12.0,0.0,12.5,2.5],"texture":"#0","tintindex":0,"rotation":0},"west":{"uv":[7.0,0.0,9.0,2.5],"texture":"#0","tintindex":0,"rotation":0},"up":{"uv":[10.0,14.0,9.5,12.0],"texture":"#0","tintindex":0,"rotation":0},"down":{"uv":[12.5,11.0,12.0,13.0],"texture":"#0","tintindex":0,"rotation":0}},"rotation":{"origin":[1.6,24.0,3.6],"angle":0.0,"axis":"x"}},{"from":[-2.8,30.0,-2.8],"to":[-0.4,30.4,-0.4],"origin":[4.0,60.0,9.0],"faces":{"north":{"uv":[9.0,2.0,12.0,2.5],"texture":"#0","tintindex":0,"rotation":0},"east":{"uv":[9.0,2.5,12.0,3.0],"texture":"#0","tintindex":0,"rotation":0},"south":{"uv":[9.0,3.0,12.0,3.5],"texture":"#0","tintindex":0,"rotation":0},"west":{"uv":[9.0,3.5,12.0,4.0],"texture":"#0","tintindex":0,"rotation":0},"up":{"uv":[3.0,3.0,0.0,0.0],"texture":"#0","tintindex":0,"rotation":0},"down":{"uv":[3.0,3.0,0.0,6.0],"texture":"#0","tintindex":0,"rotation":0}},"rotation":{"origin":[1.6,24.0,3.6],"angle":0.0,"axis":"x"}}],"display":{"head":{"scale":[4.0,4.0,4.0],"translation":[32.0,25.5,32.0]}}}