{"textures":{"0":"freeminecraftmodels:entity/unleash_your_imagination_flag","1":"freeminecraftmodels:entity/2023_06_27_ca5e64a3ec366e47ce72d8b01962e00119cc6598","2":"freeminecraftmodels:entity/unleash_your_imagination_cape","3":"freeminecraftmodels:entity/unleash_your_imagination_cuffs"},"elements":[{"from":[-3.2,9.6,-0.8],"to":[3.2,19.2,2.4],"origin":[0.0,36.0,2.0],"uv_offset":[16.0,16.0],"faces":{"north":{"uv":[5.0,5.0,7.0,8.0],"texture":"#1","tintindex":0,"rotation":0},"east":{"uv":[4.0,5.0,5.0,8.0],"texture":"#1","tintindex":0,"rotation":0},"south":{"uv":[8.0,5.0,10.0,8.0],"texture":"#1","tintindex":0,"rotation":0},"west":{"uv":[7.0,5.0,8.0,8.0],"texture":"#1","tintindex":0,"rotation":0},"up":{"uv":[7.0,5.0,5.0,4.0],"texture":"#1","tintindex":0,"rotation":0},"down":{"uv":[9.0,4.0,7.0,5.0],"texture":"#1","tintindex":0,"rotation":0}},"rotation":{"origin":[0.0,14.4,0.8],"angle":0.0,"axis":"x"}}],"display":{"head":{"scale":[4.0,4.0,4.0],"translation":[38.4,-12.900000000000006,32.0]}}}