{"textures":{"0":"freeminecraftmodels:entity/unleash_your_imagination_flag","1":"freeminecraftmodels:entity/2023_06_27_ca5e64a3ec366e47ce72d8b01962e00119cc6598","2":"freeminecraftmodels:entity/unleash_your_imagination_cape","3":"freeminecraftmodels:entity/unleash_your_imagination_cuffs"},"elements":[{"from":[-3.6,19.2,7.0],"to":[7.2,31.199999999999996,7.4],"rotation":{"origin":[7.2,25.200000000000003,7.2],"angle":22.5,"axis":"y"},"origin":[18.0,82.0,18.0],"uv_offset":[4.0,0.0],"faces":{"north":{"uv":[1.25,0.25,4.625,4.0],"texture":"#0","tintindex":0,"rotation":0},"east":{"uv":[1.0,0.25,4.375,4.0],"texture":"#0","tintindex":0,"rotation":0},"south":{"uv":[8.25,0.25,11.625,4.0],"texture":"#0","tintindex":0,"rotation":0},"west":{"uv":[8.0,0.25,11.375,4.0],"texture":"#0","tintindex":0,"rotation":0},"up":{"uv":[8.0,0.25,11.375,4.0],"texture":"#0","tintindex":0,"rotation":0},"down":{"uv":[14.75,0.0,16.0,3.75],"texture":"#0","tintindex":0,"rotation":0}}},{"from":[7.2,-7.600000000000001,6.8],"to":[8.0,32.0,7.6],"origin":[0.0,0.0,0.0],"uv_offset":[16.0,0.0],"faces":{"north":{"uv":[0.25,0.25,0.5,12.625],"texture":"#0","tintindex":0,"rotation":0},"east":{"uv":[0.0,0.25,0.25,12.625],"texture":"#0","tintindex":0,"rotation":0},"south":{"uv":[0.75,0.25,1.0,12.625],"texture":"#0","tintindex":0,"rotation":0},"west":{"uv":[0.5,0.25,0.75,12.625],"texture":"#0","tintindex":0,"rotation":0},"up":{"uv":[0.5,0.25,0.25,0.0],"texture":"#0","tintindex":0,"rotation":0},"down":{"uv":[0.75,0.0,0.5,0.25],"texture":"#0","tintindex":0,"rotation":0}},"rotation":{"origin":[0.0,-7.600000000000001,0.0],"angle":0.0,"axis":"x"}}],"display":{"head":{"scale":[4.0,4.0,4.0],"translation":[32.0,55.900000000000006,32.0]}}}