{"textures":{"0":"freeminecraftmodels:entity/unleash_your_imagination_flag","1":"freeminecraftmodels:entity/2023_06_27_ca5e64a3ec366e47ce72d8b01962e00119cc6598","2":"freeminecraftmodels:entity/unleash_your_imagination_cape","3":"freeminecraftmodels:entity/unleash_your_imagination_cuffs"},"elements":[{"from":[-3.2,19.2,-1.6],"to":[3.2,25.6,4.8],"origin":[0.0,56.0,4.0],"faces":{"north":{"uv":[2.0,2.0,4.0,4.0],"texture":"#1","tintindex":0,"rotation":0},"east":{"uv":[0.0,2.0,2.0,4.0],"texture":"#1","tintindex":0,"rotation":0},"south":{"uv":[6.0,2.0,8.0,4.0],"texture":"#1","tintindex":0,"rotation":0},"west":{"uv":[4.0,2.0,6.0,4.0],"texture":"#1","tintindex":0,"rotation":0},"up":{"uv":[4.0,2.0,2.0,0.0],"texture":"#1","tintindex":0,"rotation":0},"down":{"uv":[6.0,0.0,4.0,2.0],"texture":"#1","tintindex":0,"rotation":0}},"rotation":{"origin":[0.0,22.400000000000002,1.6],"angle":0.0,"axis":"x"}}],"display":{"head":{"scale":[4.0,4.0,4.0],"translation":[32.0,-64.1,25.599999999999998]}}}