{"textures":{"0":"freeminecraftmodels:entity/unleash_your_imagination_flag","1":"freeminecraftmodels:entity/2023_06_27_ca5e64a3ec366e47ce72d8b01962e00119cc6598","2":"freeminecraftmodels:entity/unleash_your_imagination_cape","3":"freeminecraftmodels:entity/unleash_your_imagination_cuffs"},"elements":[{"from":[-6.4,9.6,-0.8],"to":[-3.2,19.2,2.4],"origin":[-29.0,44.0,7.0],"uv_offset":[32.0,48.0],"faces":{"north":{"uv":[11.0,5.0625,12.0,8.0],"texture":"#1","tintindex":0,"rotation":0},"east":{"uv":[10.0,5.0625,11.0,8.0],"texture":"#1","tintindex":0,"rotation":0},"south":{"uv":[13.0,5.0625,14.0,8.0],"texture":"#1","tintindex":0,"rotation":0},"west":{"uv":[12.0,5.0625,13.0,8.0],"texture":"#1","tintindex":0,"rotation":0},"up":{"uv":[12.0,4.8125,11.0,4.0],"texture":"#1","tintindex":0,"rotation":0},"down":{"uv":[13.0,4.0,12.0,4.8125],"texture":"#1","tintindex":0,"rotation":0}},"rotation":{"origin":[-11.600000000000001,17.6,2.8000000000000003],"angle":0.0,"axis":"x"}},{"from":[-6.52,15.6,-0.92],"to":[-2.88,18.8,2.72],"origin":[-29.0,44.0,7.0],"uv_offset":[92.0,97.0],"faces":{"north":{"uv":[13.0,13.0588,14.0,14.25],"texture":"#1","tintindex":0,"rotation":0},"east":{"uv":[12.0,13.0588,13.0,14.25],"texture":"#1","tintindex":0,"rotation":0},"south":{"uv":[15.0,13.0588,16.0,14.25],"texture":"#1","tintindex":0,"rotation":0},"west":{"uv":[14.0,13.0588,15.0,14.25],"texture":"#1","tintindex":0,"rotation":0},"up":{"uv":[14.0,13.0588,13.0,11.75],"texture":"#1","tintindex":0,"rotation":0},"down":{"uv":[15.0,11.75,14.0,13.0588],"texture":"#1","tintindex":0,"rotation":0}},"rotation":{"origin":[-11.600000000000001,17.6,2.8000000000000003],"angle":0.0,"axis":"x"}}],"display":{"head":{"scale":[4.0,4.0,4.0],"translation":[51.0,-50.5,28.599999999999998]}}}