{"textures":{"0":"freeminecraftmodels:entity/unleash_your_imagination_flag","1":"freeminecraftmodels:entity/2023_06_27_ca5e64a3ec366e47ce72d8b01962e00119cc6598","2":"freeminecraftmodels:entity/unleash_your_imagination_cape","3":"freeminecraftmodels:entity/unleash_your_imagination_cuffs"},"elements":[{"from":[-4.4,0.0,-0.8],"to":[-1.2,9.6,2.4],"origin":[-8.01711027725238,-0.2610523844401029,0.0],"uv_offset":[16.0,48.0],"faces":{"north":{"uv":[1.0,5.0,2.0,8.0],"texture":"#1","tintindex":0,"rotation":0},"east":{"uv":[0.0,5.0,1.0,8.0],"texture":"#1","tintindex":0,"rotation":0},"south":{"uv":[3.0,5.0,4.0,8.0],"texture":"#1","tintindex":0,"rotation":0},"west":{"uv":[2.0,5.0,3.0,8.0],"texture":"#1","tintindex":0,"rotation":0},"up":{"uv":[2.0,5.0,1.0,4.0],"texture":"#1","tintindex":0,"rotation":0},"down":{"uv":[3.0,4.0,2.0,5.0],"texture":"#1","tintindex":0,"rotation":0}},"rotation":{"origin":[-3.2068441109009522,-0.10442095377604117,0.0],"angle":0.0,"axis":"x"}}],"display":{"head":{"scale":[4.0,4.0,4.0],"translation":[43.2,6.299999999999997,28.8]}}}