{"textures":{"0":"freeminecraftmodels:entity/unleash_your_imagination_flag","1":"freeminecraftmodels:entity/2023_06_27_ca5e64a3ec366e47ce72d8b01962e00119cc6598","2":"freeminecraftmodels:entity/unleash_your_imagination_cape","3":"freeminecraftmodels:entity/unleash_your_imagination_cuffs"},"elements":[{"from":[1.2,0.0,-0.8],"to":[4.4,9.6,2.4],"origin":[2.9828897227476205,0.2610523844401032,0.0],"uv_offset":[0.0,16.0],"faces":{"north":{"uv":[5.0,13.0,6.0,16.0],"texture":"#1","tintindex":0,"rotation":0},"east":{"uv":[4.0,13.0,5.0,16.0],"texture":"#1","tintindex":0,"rotation":0},"south":{"uv":[7.0,13.0,8.0,16.0],"texture":"#1","tintindex":0,"rotation":0},"west":{"uv":[6.0,13.0,7.0,16.0],"texture":"#1","tintindex":0,"rotation":0},"up":{"uv":[6.0,13.0,5.0,12.0],"texture":"#1","tintindex":0,"rotation":0},"down":{"uv":[7.0,12.0,6.0,13.0],"texture":"#1","tintindex":0,"rotation":0}},"rotation":{"origin":[1.1931558890990484,0.10442095377604128,0.0],"angle":0.0,"axis":"x"}}],"display":{"head":{"scale":[4.0,4.0,4.0],"translation":[20.799999999999997,6.299999999999997,28.8]}}}