{"textures":{"0":"freeminecraftmodels:entity/unleash_your_imagination_flag","1":"freeminecraftmodels:entity/2023_06_27_ca5e64a3ec366e47ce72d8b01962e00119cc6598","2":"freeminecraftmodels:entity/unleash_your_imagination_cape","3":"freeminecraftmodels:entity/unleash_your_imagination_cuffs"},"elements":[{"from":[3.2,9.6,-0.8],"to":[6.4,19.2,2.4],"origin":[17.0,46.0,-8.0],"uv_offset":[40.0,16.0],"faces":{"north":{"uv":[9.0,13.0,10.0,16.0],"texture":"#1","tintindex":0,"rotation":0},"east":{"uv":[8.0,13.0,9.0,16.0],"texture":"#1","tintindex":0,"rotation":0},"south":{"uv":[11.0,13.0,12.0,16.0],"texture":"#1","tintindex":0,"rotation":0},"west":{"uv":[10.0,13.0,11.0,16.0],"texture":"#1","tintindex":0,"rotation":0},"up":{"uv":[10.0,13.0,9.0,12.0],"texture":"#1","tintindex":0,"rotation":0},"down":{"uv":[11.0,12.0,10.0,13.0],"texture":"#1","tintindex":0,"rotation":0}},"rotation":{"origin":[6.800000000000001,18.400000000000002,-3.2],"angle":0.0,"axis":"x"}}],"display":{"head":{"scale":[4.0,4.0,4.0],"translation":[12.800000000000004,-51.30000000000001,28.8]}}}