{"textures":{"0":"freeminecraftmodels:entity/attachment_ram_head"},"elements":[{"from":[-7.6,27.200000000000003,-4.4],"to":[-3.6,28.799999999999997,-3.6],"origin":[-6.0,47.0,-15.0],"faces":{"north":{"uv":[4.0,6.75,6.5,7.75],"texture":"#0","tintindex":0,"rotation":0},"east":{"uv":[3.75,10.25,4.25,11.25],"texture":"#0","tintindex":0,"rotation":0},"south":{"uv":[6.5,6.75,9.0,7.75],"texture":"#0","tintindex":0,"rotation":0},"west":{"uv":[4.25,10.25,4.75,11.25],"texture":"#0","tintindex":0,"rotation":0},"up":{"uv":[9.75,3.5,7.25,3.0],"texture":"#0","tintindex":0,"rotation":0},"down":{"uv":[4.0,8.25,1.5,8.75],"texture":"#0","tintindex":0,"rotation":0}},"rotation":{"origin":[-2.4000000000000004,12.8,-6.0],"angle":0.0,"axis":"x"}},{"from":[-9.32,28.4,-3.4],"to":[-8.12,29.200000000000003,-3.0],"origin":[-21.799999999999997,87.0,-8.0],"faces":{"north":{"uv":[7.0,10.25,7.75,10.75],"texture":"#0","tintindex":0,"rotation":0},"east":{"uv":[11.0,2.0,11.25,2.5],"texture":"#0","tintindex":0,"rotation":0},"south":{"uv":[7.75,10.25,8.5,10.75],"texture":"#0","tintindex":0,"rotation":0},"west":{"uv":[11.0,2.5,11.25,3.0],"texture":"#0","tintindex":0,"rotation":0},"up":{"uv":[2.75,6.75,2.0,6.5],"texture":"#0","tintindex":0,"rotation":0},"down":{"uv":[9.75,2.75,9.0,3.0],"texture":"#0","tintindex":0,"rotation":0}},"rotation":{"origin":[-8.719999999999999,28.800000000000004,-3.2],"angle":0.0,"axis":"x"}},{"from":[-6.8,30.799999999999997,-8.8],"to":[-4.48,32.0,-8.0],"rotation":{"origin":[-5.2,30.6,-8.4],"angle":22.5,"axis":"z"},"origin":[-13.0,91.5,-21.0],"faces":{"north":{"uv":[8.5,4.5,10.0,5.25],"texture":"#0","tintindex":0,"rotation":0},"east":{"uv":[0.0,10.5,0.5,11.25],"texture":"#0","tintindex":0,"rotation":0},"south":{"uv":[8.5,7.75,10.0,8.5],"texture":"#0","tintindex":0,"rotation":0},"west":{"uv":[0.5,10.5,1.0,11.25],"texture":"#0","tintindex":0,"rotation":0},"up":{"uv":[11.25,2.0,9.75,1.5],"texture":"#0","tintindex":0,"rotation":0},"down":{"uv":[5.5,9.75,4.0,10.25],"texture":"#0","tintindex":0,"rotation":0}}},{"from":[-4.4,28.439999999999998,-8.8],"to":[-3.2,31.64,-8.0],"rotation":{"origin":[-6.0,30.200000000000003,-8.4],"angle":22.5,"axis":"z"},"origin":[-15.0,90.5,-21.0],"faces":{"north":{"uv":[7.0,7.75,7.75,9.75],"texture":"#0","tintindex":0,"rotation":0},"east":{"uv":[2.75,3.5,3.25,5.5],"texture":"#0","tintindex":0,"rotation":0},"south":{"uv":[7.75,7.75,8.5,9.75],"texture":"#0","tintindex":0,"rotation":0},"west":{"uv":[6.0,9.0,6.5,11.0],"texture":"#0","tintindex":0,"rotation":0},"up":{"uv":[11.0,10.0,10.25,9.5],"texture":"#0","tintindex":0,"rotation":0},"down":{"uv":[1.75,10.5,1.0,11.0],"texture":"#0","tintindex":0,"rotation":0}}},{"from":[-6.4,28.439999999999998,-8.8],"to":[-4.4,29.6,-8.0],"rotation":{"origin":[-6.0,30.200000000000003,-8.4],"angle":22.5,"axis":"z"},"origin":[-15.0,90.5,-21.0],"faces":{"north":{"uv":[9.0,6.0,10.25,6.75],"texture":"#0","tintindex":0,"rotation":0},"east":{"uv":[1.75,10.5,2.25,11.25],"texture":"#0","tintindex":0,"rotation":0},"south":{"uv":[9.0,6.75,10.25,7.5],"texture":"#0","tintindex":0,"rotation":0},"west":{"uv":[10.5,2.0,11.0,2.75],"texture":"#0","tintindex":0,"rotation":0},"up":{"uv":[11.25,5.0,10.0,4.5],"texture":"#0","tintindex":0,"rotation":0},"down":{"uv":[11.25,7.5,10.0,8.0],"texture":"#0","tintindex":0,"rotation":0}}},{"from":[-8.12,28.28,-8.68],"to":[-5.72,29.479999999999997,-8.28],"rotation":{"origin":[-7.819999999999999,28.9,-8.3],"angle":22.5,"axis":"x"},"origin":[-19.549999999999997,87.25,-20.75],"faces":{"north":{"uv":[8.5,8.5,10.0,9.25],"texture":"#0","tintindex":0,"rotation":0},"east":{"uv":[8.25,10.75,8.5,11.5],"texture":"#0","tintindex":0,"rotation":0},"south":{"uv":[1.5,8.75,3.0,9.5],"texture":"#0","tintindex":0,"rotation":0},"west":{"uv":[10.75,10.5,11.0,11.25],"texture":"#0","tintindex":0,"rotation":0},"up":{"uv":[3.75,10.75,2.25,10.5],"texture":"#0","tintindex":0,"rotation":0},"down":{"uv":[12.0,5.25,10.5,5.5],"texture":"#0","tintindex":0,"rotation":0}}},{"from":[-9.32,28.28,-8.88],"to":[-8.12,29.08,-8.48],"origin":[-19.549999999999997,87.25,-20.75],"faces":{"north":{"uv":[10.5,5.5,11.25,6.0],"texture":"#0","tintindex":0,"rotation":0},"east":{"uv":[11.0,3.0,11.25,3.5],"texture":"#0","tintindex":0,"rotation":0},"south":{"uv":[9.0,10.5,9.75,11.0],"texture":"#0","tintindex":0,"rotation":0},"west":{"uv":[11.0,3.5,11.25,4.0],"texture":"#0","tintindex":0,"rotation":0},"up":{"uv":[9.75,7.75,9.0,7.5],"texture":"#0","tintindex":0,"rotation":0},"down":{"uv":[11.75,0.0,11.0,0.25],"texture":"#0","tintindex":0,"rotation":0}},"rotation":{"origin":[-7.819999999999999,28.9,-8.3],"angle":0.0,"axis":"x"}},{"from":[-8.8,27.200000000000003,-7.2],"to":[-3.6,28.799999999999997,-4.4],"origin":[-6.0,47.0,-15.0],"faces":{"north":{"uv":[5.25,3.5,8.5,4.5],"texture":"#0","tintindex":0,"rotation":0},"east":{"uv":[7.25,2.0,9.0,3.0],"texture":"#0","tintindex":0,"rotation":0},"south":{"uv":[5.25,4.5,8.5,5.5],"texture":"#0","tintindex":0,"rotation":0},"west":{"uv":[4.0,7.75,5.75,8.75],"texture":"#0","tintindex":0,"rotation":0},"up":{"uv":[3.25,1.75,0.0,0.0],"texture":"#0","tintindex":0,"rotation":0},"down":{"uv":[3.25,1.75,0.0,3.5],"texture":"#0","tintindex":0,"rotation":0}},"rotation":{"origin":[-2.4000000000000004,12.8,-6.0],"angle":0.0,"axis":"x"}},{"from":[-6.8,28.799999999999997,-8.0],"to":[-3.6,31.200000000000003,-3.6],"origin":[-6.0,47.0,-15.0],"faces":{"north":{"uv":[0.0,6.5,2.0,8.0],"texture":"#0","tintindex":0,"rotation":0},"east":{"uv":[0.0,3.5,2.75,5.0],"texture":"#0","tintindex":0,"rotation":0},"south":{"uv":[2.0,6.75,4.0,8.25],"texture":"#0","tintindex":0,"rotation":0},"west":{"uv":[0.0,5.0,2.75,6.5],"texture":"#0","tintindex":0,"rotation":0},"up":{"uv":[5.25,2.75,3.25,0.0],"texture":"#0","tintindex":0,"rotation":0},"down":{"uv":[5.25,2.75,3.25,5.5],"texture":"#0","tintindex":0,"rotation":0}},"rotation":{"origin":[-2.4000000000000004,12.8,-6.0],"angle":0.0,"axis":"x"}},{"from":[-6.8,31.200000000000003,-7.2],"to":[-3.6,31.6,-4.4],"origin":[-6.0,47.0,-15.0],"faces":{"north":{"uv":[10.25,6.0,12.25,6.25],"texture":"#0","tintindex":0,"rotation":0},"east":{"uv":[9.0,10.25,10.75,10.5],"texture":"#0","tintindex":0,"rotation":0},"south":{"uv":[10.25,6.25,12.25,6.5],"texture":"#0","tintindex":0,"rotation":0},"west":{"uv":[10.25,9.25,12.0,9.5],"texture":"#0","tintindex":0,"rotation":0},"up":{"uv":[7.25,1.75,5.25,0.0],"texture":"#0","tintindex":0,"rotation":0},"down":{"uv":[7.25,1.75,5.25,3.5],"texture":"#0","tintindex":0,"rotation":0}},"rotation":{"origin":[-2.4000000000000004,12.8,-6.0],"angle":0.0,"axis":"x"}},{"from":[-7.2,30.799999999999997,-7.6],"to":[-6.8,31.200000000000003,-4.0],"origin":[-6.0,47.0,-15.0],"faces":{"north":{"uv":[1.5,8.0,1.75,8.25],"texture":"#0","tintindex":0,"rotation":0},"east":{"uv":[10.0,9.0,12.25,9.25],"texture":"#0","tintindex":0,"rotation":0},"south":{"uv":[1.75,8.0,2.0,8.25],"texture":"#0","tintindex":0,"rotation":0},"west":{"uv":[1.5,10.25,3.75,10.5],"texture":"#0","tintindex":0,"rotation":0},"up":{"uv":[5.75,12.0,5.5,9.75],"texture":"#0","tintindex":0,"rotation":0},"down":{"uv":[6.0,9.75,5.75,12.0],"texture":"#0","tintindex":0,"rotation":0}},"rotation":{"origin":[-2.4000000000000004,12.8,-6.0],"angle":0.0,"axis":"x"}},{"from":[-7.6,30.799999999999997,-6.8],"to":[-7.2,31.200000000000003,-4.8],"origin":[-6.0,47.0,-15.0],"faces":{"north":{"uv":[8.5,5.25,8.75,5.5],"texture":"#0","tintindex":0,"rotation":0},"east":{"uv":[4.5,8.75,5.75,9.0],"texture":"#0","tintindex":0,"rotation":0},"south":{"uv":[8.75,5.25,9.0,5.5],"texture":"#0","tintindex":0,"rotation":0},"west":{"uv":[10.75,7.0,12.0,7.25],"texture":"#0","tintindex":0,"rotation":0},"up":{"uv":[5.5,11.5,5.25,10.25],"texture":"#0","tintindex":0,"rotation":0},"down":{"uv":[8.25,10.75,8.0,12.0],"texture":"#0","tintindex":0,"rotation":0}},"rotation":{"origin":[-2.4000000000000004,12.8,-6.0],"angle":0.0,"axis":"x"}},{"from":[-7.2,30.4,-6.4],"to":[-6.8,30.799999999999997,-5.2],"origin":[-6.0,47.0,-15.0],"faces":{"north":{"uv":[4.0,9.5,4.25,9.75],"texture":"#0","tintindex":0,"rotation":0},"east":{"uv":[11.0,0.25,11.75,0.5],"texture":"#0","tintindex":0,"rotation":0},"south":{"uv":[4.25,9.5,4.5,9.75],"texture":"#0","tintindex":0,"rotation":0},"west":{"uv":[11.0,0.5,11.75,0.75],"texture":"#0","tintindex":0,"rotation":0},"up":{"uv":[11.25,1.5,11.0,0.75],"texture":"#0","tintindex":0,"rotation":0},"down":{"uv":[1.25,11.0,1.0,11.75],"texture":"#0","tintindex":0,"rotation":0}},"rotation":{"origin":[-2.4000000000000004,12.8,-6.0],"angle":0.0,"axis":"x"}},{"from":[-6.8,30.799999999999997,-3.6],"to":[-4.48,32.0,-2.8],"rotation":{"origin":[-5.2,30.6,-3.2],"angle":22.5,"axis":"z"},"origin":[-13.0,91.5,-8.0],"faces":{"north":{"uv":[3.0,8.75,4.5,9.5],"texture":"#0","tintindex":0,"rotation":0},"east":{"uv":[9.75,10.5,10.25,11.25],"texture":"#0","tintindex":0,"rotation":0},"south":{"uv":[9.0,2.0,10.5,2.75],"texture":"#0","tintindex":0,"rotation":0},"west":{"uv":[10.25,10.5,10.75,11.25],"texture":"#0","tintindex":0,"rotation":0},"up":{"uv":[8.5,10.25,7.0,9.75],"texture":"#0","tintindex":0,"rotation":0},"down":{"uv":[1.5,10.0,0.0,10.5],"texture":"#0","tintindex":0,"rotation":0}}},{"from":[-4.4,28.439999999999998,-3.6],"to":[-3.2,31.64,-2.8],"rotation":{"origin":[-6.0,30.200000000000003,-3.2],"angle":22.5,"axis":"z"},"origin":[-15.0,90.5,-8.0],"faces":{"north":{"uv":[0.0,8.0,0.75,10.0],"texture":"#0","tintindex":0,"rotation":0},"east":{"uv":[6.5,9.0,7.0,11.0],"texture":"#0","tintindex":0,"rotation":0},"south":{"uv":[0.75,8.0,1.5,10.0],"texture":"#0","tintindex":0,"rotation":0},"west":{"uv":[8.5,9.25,9.0,11.25],"texture":"#0","tintindex":0,"rotation":0},"up":{"uv":[3.0,11.25,2.25,10.75],"texture":"#0","tintindex":0,"rotation":0},"down":{"uv":[3.75,10.75,3.0,11.25],"texture":"#0","tintindex":0,"rotation":0}}},{"from":[-8.8,28.799999999999997,-6.8],"to":[-6.8,30.0,-4.8],"origin":[-6.0,47.0,-15.0],"faces":{"north":{"uv":[9.0,9.25,10.25,10.0],"texture":"#0","tintindex":0,"rotation":0},"east":{"uv":[1.5,9.5,2.75,10.25],"texture":"#0","tintindex":0,"rotation":0},"south":{"uv":[2.75,9.5,4.0,10.25],"texture":"#0","tintindex":0,"rotation":0},"west":{"uv":[9.75,0.0,11.0,0.75],"texture":"#0","tintindex":0,"rotation":0},"up":{"uv":[9.0,6.75,7.75,5.5],"texture":"#0","tintindex":0,"rotation":0},"down":{"uv":[7.0,7.75,5.75,9.0],"texture":"#0","tintindex":0,"rotation":0}},"rotation":{"origin":[-2.4000000000000004,12.8,-6.0],"angle":0.0,"axis":"x"}},{"from":[-8.12,28.240000000000002,-3.4],"to":[-5.72,29.439999999999998,-3.0],"rotation":{"origin":[-6.919999999999999,29.0,-3.4000000000000004],"angle":-22.5,"axis":"x"},"origin":[-17.299999999999997,87.5,-8.5],"faces":{"north":{"uv":[4.5,9.0,6.0,9.75],"texture":"#0","tintindex":0,"rotation":0},"east":{"uv":[1.25,11.0,1.5,11.75],"texture":"#0","tintindex":0,"rotation":0},"south":{"uv":[9.0,5.25,10.5,6.0],"texture":"#0","tintindex":0,"rotation":0},"west":{"uv":[1.5,11.0,1.75,11.75],"texture":"#0","tintindex":0,"rotation":0},"up":{"uv":[12.25,6.75,10.75,6.5],"texture":"#0","tintindex":0,"rotation":0},"down":{"uv":[12.25,6.75,10.75,7.0],"texture":"#0","tintindex":0,"rotation":0}}},{"from":[-6.4,28.439999999999998,-3.6],"to":[-4.4,29.6,-2.8],"rotation":{"origin":[-6.0,30.200000000000003,-3.2],"angle":22.5,"axis":"z"},"origin":[-15.0,90.5,-8.0],"faces":{"north":{"uv":[9.75,0.75,11.0,1.5],"texture":"#0","tintindex":0,"rotation":0},"east":{"uv":[7.0,10.75,7.5,11.5],"texture":"#0","tintindex":0,"rotation":0},"south":{"uv":[9.75,2.75,11.0,3.5],"texture":"#0","tintindex":0,"rotation":0},"west":{"uv":[7.5,10.75,8.0,11.5],"texture":"#0","tintindex":0,"rotation":0},"up":{"uv":[11.25,8.5,10.0,8.0],"texture":"#0","tintindex":0,"rotation":0},"down":{"uv":[11.25,8.5,10.0,9.0],"texture":"#0","tintindex":0,"rotation":0}}},{"from":[-7.6,26.799999999999997,-6.8],"to":[-3.6,27.200000000000003,-4.8],"origin":[-6.0,47.0,-15.0],"faces":{"north":{"uv":[10.0,5.0,12.5,5.25],"texture":"#0","tintindex":0,"rotation":0},"east":{"uv":[10.75,7.25,12.0,7.5],"texture":"#0","tintindex":0,"rotation":0},"south":{"uv":[9.0,10.0,11.5,10.25],"texture":"#0","tintindex":0,"rotation":0},"west":{"uv":[10.75,10.25,12.0,10.5],"texture":"#0","tintindex":0,"rotation":0},"up":{"uv":[5.25,6.75,2.75,5.5],"texture":"#0","tintindex":0,"rotation":0},"down":{"uv":[7.75,5.5,5.25,6.75],"texture":"#0","tintindex":0,"rotation":0}},"rotation":{"origin":[-2.4000000000000004,12.8,-6.0],"angle":0.0,"axis":"x"}},{"from":[-7.6,27.200000000000003,-8.0],"to":[-3.6,28.799999999999997,-7.2],"origin":[-6.0,47.0,-15.0],"faces":{"north":{"uv":[7.25,0.0,9.75,1.0],"texture":"#0","tintindex":0,"rotation":0},"east":{"uv":[4.75,10.25,5.25,11.25],"texture":"#0","tintindex":0,"rotation":0},"south":{"uv":[7.25,1.0,9.75,2.0],"texture":"#0","tintindex":0,"rotation":0},"west":{"uv":[10.25,6.5,10.75,7.5],"texture":"#0","tintindex":0,"rotation":0},"up":{"uv":[11.0,4.0,8.5,3.5],"texture":"#0","tintindex":0,"rotation":0},"down":{"uv":[11.0,4.0,8.5,4.5],"texture":"#0","tintindex":0,"rotation":0}},"rotation":{"origin":[-2.4000000000000004,12.8,-6.0],"angle":0.0,"axis":"x"}}],"display":{"head":{"scale":[4.0,4.0,4.0],"translation":[56.701198099918486,49.5,55.26158934576374]}}}