{"textures":{"0":"freeminecraftmodels:entity/tower_pedestal","1":"freeminecraftmodels:entity/armor_crusher_tower_texture_emerald"},"elements":[{"from":[-3.6,10.0,-0.8],"to":[7.2,12.0,1.2],"origin":[-5.0,-12.0,0.0],"faces":{"north":{"uv":[4.0,4.25,7.375,4.875],"texture":"#1","tintindex":0,"rotation":0},"east":{"uv":[2.0,12.875,2.625,13.5],"texture":"#1","tintindex":0,"rotation":0},"south":{"uv":[4.375,1.0,7.75,1.625],"texture":"#1","tintindex":0,"rotation":0},"west":{"uv":[12.875,2.375,13.5,3.0],"texture":"#1","tintindex":0,"rotation":0},"up":{"uv":[7.75,2.25,4.375,1.625],"texture":"#1","tintindex":0,"rotation":0},"down":{"uv":[7.375,4.875,4.0,5.5],"texture":"#1","tintindex":0,"rotation":0}},"rotation":{"origin":[-2.0,-4.800000000000001,0.0],"angle":0.0,"axis":"x"}},{"from":[7.2,9.6,-1.2],"to":[9.2,12.4,1.6],"origin":[-5.0,-12.0,0.0],"faces":{"north":{"uv":[8.25,12.5,8.875,13.375],"texture":"#1","tintindex":0,"rotation":0},"east":{"uv":[11.625,3.625,12.5,4.5],"texture":"#1","tintindex":0,"rotation":0},"south":{"uv":[8.875,12.5,9.5,13.375],"texture":"#1","tintindex":0,"rotation":0},"west":{"uv":[11.875,7.625,12.75,8.5],"texture":"#1","tintindex":0,"rotation":0},"up":{"uv":[10.125,13.375,9.5,12.5],"texture":"#1","tintindex":0,"rotation":0},"down":{"uv":[10.75,12.5,10.125,13.375],"texture":"#1","tintindex":0,"rotation":0}},"rotation":{"origin":[-2.0,-4.800000000000001,0.0],"angle":0.0,"axis":"x"}},{"from":[-7.6,9.6,1.6],"to":[-3.6,11.2,2.4],"origin":[-6.0,-12.0,0.0],"faces":{"north":{"uv":[11.875,9.25,13.125,9.75],"texture":"#1","tintindex":0,"rotation":0},"east":{"uv":[11.125,7.75,11.375,8.25],"texture":"#1","tintindex":0,"rotation":0},"south":{"uv":[11.875,9.75,13.125,10.25],"texture":"#1","tintindex":0,"rotation":0},"west":{"uv":[2.0,14.0,2.25,14.5],"texture":"#1","tintindex":0,"rotation":0},"up":{"uv":[9.0,2.25,7.75,2.0],"texture":"#1","tintindex":0,"rotation":0},"down":{"uv":[14.125,3.375,12.875,3.625],"texture":"#1","tintindex":0,"rotation":0}},"rotation":{"origin":[-2.4000000000000004,-4.800000000000001,0.0],"angle":0.0,"axis":"x"}},{"from":[-9.32,10.8,2.6],"to":[-8.12,11.6,3.0],"origin":[-21.799999999999997,28.0,7.0],"faces":{"north":{"uv":[7.375,5.25,7.75,5.5],"texture":"#1","tintindex":0,"rotation":0},"east":{"uv":[9.0,2.0,9.125,2.25],"texture":"#1","tintindex":0,"rotation":0},"south":{"uv":[7.375,8.0,7.75,8.25],"texture":"#1","tintindex":0,"rotation":0},"west":{"uv":[6.25,12.0,6.375,12.25],"texture":"#1","tintindex":0,"rotation":0},"up":{"uv":[11.125,2.875,10.75,2.75],"texture":"#1","tintindex":0,"rotation":0},"down":{"uv":[11.875,7.625,11.5,7.75],"texture":"#1","tintindex":0,"rotation":0}},"rotation":{"origin":[-8.719999999999999,11.200000000000001,2.8000000000000003],"angle":0.0,"axis":"x"}},{"from":[-6.8,13.2,-2.8],"to":[-4.48,14.4,-2.0],"rotation":{"origin":[-5.2,13.0,-2.4000000000000004],"angle":22.5,"axis":"z"},"origin":[-13.0,32.5,-6.0],"faces":{"north":{"uv":[13.25,0.0,14.0,0.375],"texture":"#1","tintindex":0,"rotation":0},"east":{"uv":[14.25,4.25,14.5,4.625],"texture":"#1","tintindex":0,"rotation":0},"south":{"uv":[13.25,0.375,14.0,0.75],"texture":"#1","tintindex":0,"rotation":0},"west":{"uv":[4.625,14.25,4.875,14.625],"texture":"#1","tintindex":0,"rotation":0},"up":{"uv":[14.5,10.25,13.75,10.0],"texture":"#1","tintindex":0,"rotation":0},"down":{"uv":[14.625,3.125,13.875,3.375],"texture":"#1","tintindex":0,"rotation":0}}},{"from":[-4.4,10.84,-2.8],"to":[-3.2,14.04,-2.0],"rotation":{"origin":[-6.0,12.600000000000001,-2.4000000000000004],"angle":22.5,"axis":"z"},"origin":[-15.0,31.5,-6.0],"faces":{"north":{"uv":[2.625,12.875,3.0,13.875],"texture":"#1","tintindex":0,"rotation":0},"east":{"uv":[13.25,5.0,13.5,6.0],"texture":"#1","tintindex":0,"rotation":0},"south":{"uv":[12.875,5.25,13.25,6.25],"texture":"#1","tintindex":0,"rotation":0},"west":{"uv":[13.25,6.625,13.5,7.625],"texture":"#1","tintindex":0,"rotation":0},"up":{"uv":[14.625,4.875,14.25,4.625],"texture":"#1","tintindex":0,"rotation":0},"down":{"uv":[5.25,14.25,4.875,14.5],"texture":"#1","tintindex":0,"rotation":0}}},{"from":[-6.4,10.84,-2.8],"to":[-4.4,12.0,-2.0],"rotation":{"origin":[-6.0,12.600000000000001,-2.4000000000000004],"angle":22.5,"axis":"z"},"origin":[-15.0,31.5,-6.0],"faces":{"north":{"uv":[13.875,1.5,14.5,1.875],"texture":"#1","tintindex":0,"rotation":0},"east":{"uv":[14.25,5.125,14.5,5.5],"texture":"#1","tintindex":0,"rotation":0},"south":{"uv":[13.875,2.75,14.5,3.125],"texture":"#1","tintindex":0,"rotation":0},"west":{"uv":[5.25,14.25,5.5,14.625],"texture":"#1","tintindex":0,"rotation":0},"up":{"uv":[14.625,2.125,14.0,1.875],"texture":"#1","tintindex":0,"rotation":0},"down":{"uv":[14.625,2.125,14.0,2.375],"texture":"#1","tintindex":0,"rotation":0}}},{"from":[-8.12,10.68,-2.68],"to":[-5.72,11.88,-2.28],"rotation":{"origin":[-7.819999999999999,11.3,-2.3000000000000003],"angle":22.5,"axis":"x"},"origin":[-19.549999999999997,28.25,-5.75],"faces":{"north":{"uv":[13.25,1.875,14.0,2.25],"texture":"#1","tintindex":0,"rotation":0},"east":{"uv":[11.875,14.5,12.0,14.875],"texture":"#1","tintindex":0,"rotation":0},"south":{"uv":[13.25,3.625,14.0,4.0],"texture":"#1","tintindex":0,"rotation":0},"west":{"uv":[12.0,14.5,12.125,14.875],"texture":"#1","tintindex":0,"rotation":0},"up":{"uv":[15.0,5.0,14.25,4.875],"texture":"#1","tintindex":0,"rotation":0},"down":{"uv":[15.0,5.0,14.25,5.125],"texture":"#1","tintindex":0,"rotation":0}}},{"from":[-9.32,10.68,-2.88],"to":[-8.12,11.48,-2.48],"origin":[-19.549999999999997,28.25,-5.75],"faces":{"north":{"uv":[7.375,5.25,7.75,5.5],"texture":"#1","tintindex":0,"rotation":0},"east":{"uv":[9.0,2.0,9.125,2.25],"texture":"#1","tintindex":0,"rotation":0},"south":{"uv":[7.375,8.0,7.75,8.25],"texture":"#1","tintindex":0,"rotation":0},"west":{"uv":[6.25,12.0,6.375,12.25],"texture":"#1","tintindex":0,"rotation":0},"up":{"uv":[11.125,2.875,10.75,2.75],"texture":"#1","tintindex":0,"rotation":0},"down":{"uv":[11.875,7.625,11.5,7.75],"texture":"#1","tintindex":0,"rotation":0}},"rotation":{"origin":[-7.819999999999999,11.3,-2.3000000000000003],"angle":0.0,"axis":"x"}},{"from":[-8.8,9.6,-1.2],"to":[-3.6,11.2,1.6],"origin":[-6.0,-12.0,0.0],"faces":{"north":{"uv":[11.5,1.375,13.125,1.875],"texture":"#1","tintindex":0,"rotation":0},"east":{"uv":[12.5,0.75,13.375,1.25],"texture":"#1","tintindex":0,"rotation":0},"south":{"uv":[11.625,1.875,13.25,2.375],"texture":"#1","tintindex":0,"rotation":0},"west":{"uv":[12.75,12.625,13.625,13.125],"texture":"#1","tintindex":0,"rotation":0},"up":{"uv":[10.75,2.875,9.125,2.0],"texture":"#1","tintindex":0,"rotation":0},"down":{"uv":[13.0,11.0,11.375,11.875],"texture":"#1","tintindex":0,"rotation":0}},"rotation":{"origin":[-2.4000000000000004,-4.800000000000001,0.0],"angle":0.0,"axis":"x"}},{"from":[-6.8,11.2,-2.0],"to":[-3.6,13.6,2.4],"origin":[-6.0,-12.0,0.0],"faces":{"north":{"uv":[11.625,4.5,12.625,5.25],"texture":"#1","tintindex":0,"rotation":0},"east":{"uv":[11.5,5.25,12.875,6.0],"texture":"#1","tintindex":0,"rotation":0},"south":{"uv":[11.875,8.5,12.875,9.25],"texture":"#1","tintindex":0,"rotation":0},"west":{"uv":[11.5,6.0,12.875,6.75],"texture":"#1","tintindex":0,"rotation":0},"up":{"uv":[12.5,1.375,11.5,0.0],"texture":"#1","tintindex":0,"rotation":0},"down":{"uv":[3.0,11.5,2.0,12.875],"texture":"#1","tintindex":0,"rotation":0}},"rotation":{"origin":[-2.4000000000000004,-4.800000000000001,0.0],"angle":0.0,"axis":"x"}},{"from":[-6.8,13.6,-1.2],"to":[-3.6,14.0,1.6],"origin":[-6.0,-12.0,0.0],"faces":{"north":{"uv":[14.0,2.375,15.0,2.5],"texture":"#1","tintindex":0,"rotation":0},"east":{"uv":[13.0,11.75,13.875,11.875],"texture":"#1","tintindex":0,"rotation":0},"south":{"uv":[14.0,2.5,15.0,2.625],"texture":"#1","tintindex":0,"rotation":0},"west":{"uv":[14.0,2.625,14.875,2.75],"texture":"#1","tintindex":0,"rotation":0},"up":{"uv":[11.125,3.75,10.125,2.875],"texture":"#1","tintindex":0,"rotation":0},"down":{"uv":[12.5,6.75,11.5,7.625],"texture":"#1","tintindex":0,"rotation":0}},"rotation":{"origin":[-2.4000000000000004,-4.800000000000001,0.0],"angle":0.0,"axis":"x"}},{"from":[-7.2,13.2,-1.6],"to":[-6.8,13.6,2.0],"origin":[-6.0,-12.0,0.0],"faces":{"north":{"uv":[11.0,2.625,11.125,2.75],"texture":"#1","tintindex":0,"rotation":0},"east":{"uv":[13.875,9.125,15.0,9.25],"texture":"#1","tintindex":0,"rotation":0},"south":{"uv":[11.5,1.875,11.625,2.0],"texture":"#1","tintindex":0,"rotation":0},"west":{"uv":[13.875,12.5,15.0,12.625],"texture":"#1","tintindex":0,"rotation":0},"up":{"uv":[12.75,14.75,12.625,13.625],"texture":"#1","tintindex":0,"rotation":0},"down":{"uv":[10.625,13.875,10.5,15.0],"texture":"#1","tintindex":0,"rotation":0}},"rotation":{"origin":[-2.4000000000000004,-4.800000000000001,0.0],"angle":0.0,"axis":"x"}},{"from":[-7.6,13.2,-0.8],"to":[-7.2,13.6,1.2],"origin":[-6.0,-12.0,0.0],"faces":{"north":{"uv":[12.5,4.375,12.625,4.5],"texture":"#1","tintindex":0,"rotation":0},"east":{"uv":[6.75,12.375,7.375,12.5],"texture":"#1","tintindex":0,"rotation":0},"south":{"uv":[12.125,13.5,12.25,13.625],"texture":"#1","tintindex":0,"rotation":0},"west":{"uv":[12.5,1.25,13.125,1.375],"texture":"#1","tintindex":0,"rotation":0},"up":{"uv":[10.875,8.875,10.75,8.25],"texture":"#1","tintindex":0,"rotation":0},"down":{"uv":[11.125,2.0,11.0,2.625],"texture":"#1","tintindex":0,"rotation":0}},"rotation":{"origin":[-2.4000000000000004,-4.800000000000001,0.0],"angle":0.0,"axis":"x"}},{"from":[-7.2,12.8,-0.4],"to":[-6.8,13.2,0.8],"origin":[-6.0,-12.0,0.0],"faces":{"north":{"uv":[14.625,6.375,14.75,6.5],"texture":"#1","tintindex":0,"rotation":0},"east":{"uv":[14.5,6.0,14.875,6.125],"texture":"#1","tintindex":0,"rotation":0},"south":{"uv":[14.625,6.625,14.75,6.75],"texture":"#1","tintindex":0,"rotation":0},"west":{"uv":[14.5,7.875,14.875,8.0],"texture":"#1","tintindex":0,"rotation":0},"up":{"uv":[11.75,14.875,11.625,14.5],"texture":"#1","tintindex":0,"rotation":0},"down":{"uv":[11.875,14.5,11.75,14.875],"texture":"#1","tintindex":0,"rotation":0}},"rotation":{"origin":[-2.4000000000000004,-4.800000000000001,0.0],"angle":0.0,"axis":"x"}},{"from":[-6.8,13.2,2.4],"to":[-4.48,14.4,3.2],"rotation":{"origin":[-5.2,13.0,2.8000000000000003],"angle":22.5,"axis":"z"},"origin":[-13.0,32.5,7.0],"faces":{"north":{"uv":[13.25,0.0,14.0,0.375],"texture":"#1","tintindex":0,"rotation":0},"east":{"uv":[14.25,4.25,14.5,4.625],"texture":"#1","tintindex":0,"rotation":0},"south":{"uv":[13.25,0.375,13.975,0.75],"texture":"#1","tintindex":0,"rotation":0},"west":{"uv":[4.625,14.25,4.875,14.625],"texture":"#1","tintindex":0,"rotation":0},"up":{"uv":[14.5,10.25,13.75,10.0],"texture":"#1","tintindex":0,"rotation":0},"down":{"uv":[14.625,3.125,13.875,3.375],"texture":"#1","tintindex":0,"rotation":0}}},{"from":[-4.4,10.84,2.4],"to":[-3.2,14.04,3.2],"rotation":{"origin":[-6.0,12.600000000000001,2.8000000000000003],"angle":22.5,"axis":"z"},"origin":[-15.0,31.5,7.0],"faces":{"north":{"uv":[2.625,12.875,3.0,13.875],"texture":"#1","tintindex":0,"rotation":0},"east":{"uv":[13.25,5.0,13.5,6.0],"texture":"#1","tintindex":0,"rotation":0},"south":{"uv":[12.875,5.25,13.25,6.25],"texture":"#1","tintindex":0,"rotation":0},"west":{"uv":[13.25,6.625,13.5,7.625],"texture":"#1","tintindex":0,"rotation":0},"up":{"uv":[14.625,4.875,14.25,4.625],"texture":"#1","tintindex":0,"rotation":0},"down":{"uv":[5.25,14.25,4.875,14.5],"texture":"#1","tintindex":0,"rotation":0}}},{"from":[-8.8,11.2,-0.8],"to":[-6.8,12.4,1.2],"origin":[-6.0,-12.0,0.0],"faces":{"north":{"uv":[13.75,9.625,14.375,10.0],"texture":"#1","tintindex":0,"rotation":0},"east":{"uv":[13.0,10.75,13.875,11.125],"texture":"#1","tintindex":0,"rotation":0},"south":{"uv":[13.875,0.75,14.5,1.125],"texture":"#1","tintindex":0,"rotation":0},"west":{"uv":[13.0,11.125,13.625,11.5],"texture":"#1","tintindex":0,"rotation":0},"up":{"uv":[13.25,5.25,12.625,4.375],"texture":"#1","tintindex":0,"rotation":0},"down":{"uv":[12.25,12.625,11.625,13.5],"texture":"#1","tintindex":0,"rotation":0}},"rotation":{"origin":[-2.4000000000000004,-4.800000000000001,0.0],"angle":0.0,"axis":"x"}},{"from":[-8.12,10.64,2.6],"to":[-5.72,11.84,3.0],"rotation":{"origin":[-6.919999999999999,11.4,2.6],"angle":-22.5,"axis":"x"},"origin":[-17.299999999999997,28.5,6.5],"faces":{"north":{"uv":[13.25,1.875,14.0,2.25],"texture":"#1","tintindex":0,"rotation":0},"east":{"uv":[11.875,14.5,12.0,14.875],"texture":"#1","tintindex":0,"rotation":0},"south":{"uv":[13.25,3.625,14.0,4.0],"texture":"#1","tintindex":0,"rotation":0},"west":{"uv":[12.0,14.5,12.125,14.875],"texture":"#1","tintindex":0,"rotation":0},"up":{"uv":[15.0,5.0,14.25,4.875],"texture":"#1","tintindex":0,"rotation":0},"down":{"uv":[15.0,5.0,14.25,5.125],"texture":"#1","tintindex":0,"rotation":0}}},{"from":[-6.4,10.84,2.4],"to":[-4.4,12.0,3.2],"rotation":{"origin":[-6.0,12.600000000000001,2.8000000000000003],"angle":22.5,"axis":"z"},"origin":[-15.0,31.5,7.0],"faces":{"north":{"uv":[13.875,1.5,14.5,1.875],"texture":"#1","tintindex":0,"rotation":0},"east":{"uv":[14.25,5.125,14.5,5.5],"texture":"#1","tintindex":0,"rotation":0},"south":{"uv":[13.875,2.75,14.5,3.1125],"texture":"#1","tintindex":0,"rotation":0},"west":{"uv":[5.25,14.25,5.5,14.625],"texture":"#1","tintindex":0,"rotation":0},"up":{"uv":[14.625,2.125,14.0,1.875],"texture":"#1","tintindex":0,"rotation":0},"down":{"uv":[14.625,2.125,14.0,2.375],"texture":"#1","tintindex":0,"rotation":0}}},{"from":[-7.6,9.2,-0.8],"to":[-3.6,9.6,1.2],"origin":[-6.0,-12.0,0.0],"faces":{"north":{"uv":[13.875,1.125,15.125,1.25],"texture":"#1","tintindex":0,"rotation":0},"east":{"uv":[14.25,8.0,14.875,8.125],"texture":"#1","tintindex":0,"rotation":0},"south":{"uv":[13.875,6.5,15.125,6.625],"texture":"#1","tintindex":0,"rotation":0},"west":{"uv":[14.375,10.5,15.0,10.625],"texture":"#1","tintindex":0,"rotation":0},"up":{"uv":[12.875,3.0,11.625,2.375],"texture":"#1","tintindex":0,"rotation":0},"down":{"uv":[12.875,3.0,11.625,3.625],"texture":"#1","tintindex":0,"rotation":0}},"rotation":{"origin":[-2.4000000000000004,-4.800000000000001,0.0],"angle":0.0,"axis":"x"}},{"from":[-7.6,9.6,-2.0],"to":[-3.6,11.2,-1.2],"origin":[-6.0,-12.0,0.0],"faces":{"north":{"uv":[11.875,10.25,13.125,10.75],"texture":"#1","tintindex":0,"rotation":0},"east":{"uv":[2.25,14.0,2.5,14.5],"texture":"#1","tintindex":0,"rotation":0},"south":{"uv":[10.875,11.875,12.125,12.375],"texture":"#1","tintindex":0,"rotation":0},"west":{"uv":[14.0,3.625,14.25,4.125],"texture":"#1","tintindex":0,"rotation":0},"up":{"uv":[14.25,11.75,13.0,11.5],"texture":"#1","tintindex":0,"rotation":0},"down":{"uv":[14.375,1.25,13.125,1.5],"texture":"#1","tintindex":0,"rotation":0}},"rotation":{"origin":[-2.4000000000000004,-4.800000000000001,0.0],"angle":0.0,"axis":"x"}}],"display":{"head":{"scale":[4.0,4.0,4.0],"translation":[52.63745281810772,-22.239563144381407,31.255990314330667]}}}