{"textures":{"0":"freeminecraftmodels:entity/tower_pedestal","1":"freeminecraftmodels:entity/attachment_beam","2":"freeminecraftmodels:entity/beam_tower_texture_diamond"},"elements":[{"from":[-1.4,25.6,-1.4],"to":[1.4,28.4,1.4],"rotation":{"origin":[0.0,27.0,0.0],"angle":45.0,"axis":"x"},"origin":[0.0,67.5,0.0],"faces":{"north":{"uv":[2.25,4.5,4.0,6.25],"texture":"#1","tintindex":0,"rotation":0},"east":{"uv":[4.5,2.25,6.25,4.0],"texture":"#1","tintindex":0,"rotation":0},"south":{"uv":[4.0,4.5,5.75,6.25],"texture":"#1","tintindex":0,"rotation":0},"west":{"uv":[5.75,4.0,7.5,5.75],"texture":"#1","tintindex":0,"rotation":0},"up":{"uv":[7.5,7.5,5.75,5.75],"texture":"#1","tintindex":0,"rotation":0},"down":{"uv":[4.0,6.25,2.25,8.0],"texture":"#1","tintindex":0,"rotation":0}}},{"from":[-1.8,25.2,-1.8],"to":[1.8,28.8,1.8],"origin":[0.0,67.5,0.0],"faces":{"north":{"uv":[0.0,0.0,2.25,2.25],"texture":"#1","tintindex":0,"rotation":0},"east":{"uv":[0.0,2.25,2.25,4.5],"texture":"#1","tintindex":0,"rotation":0},"south":{"uv":[2.25,0.0,4.5,2.25],"texture":"#1","tintindex":0,"rotation":0},"west":{"uv":[2.25,2.25,4.5,4.5],"texture":"#1","tintindex":0,"rotation":0},"up":{"uv":[2.25,6.75,0.0,4.5],"texture":"#1","tintindex":0,"rotation":0},"down":{"uv":[6.75,0.0,4.5,2.25],"texture":"#1","tintindex":0,"rotation":0}},"rotation":{"origin":[0.0,27.0,0.0],"angle":0.0,"axis":"x"}},{"from":[-1.0,26.0,-1.0],"to":[1.0,28.0,1.0],"rotation":{"origin":[0.0,27.0,0.0],"angle":-22.5,"axis":"x"},"origin":[0.0,67.5,0.0],"faces":{"north":{"uv":[6.25,2.25,7.5,3.5],"texture":"#1","tintindex":0,"rotation":0},"east":{"uv":[4.0,6.25,5.25,7.5],"texture":"#1","tintindex":0,"rotation":0},"south":{"uv":[0.0,6.75,1.25,8.0],"texture":"#1","tintindex":0,"rotation":0},"west":{"uv":[6.75,0.0,8.0,1.25],"texture":"#1","tintindex":0,"rotation":0},"up":{"uv":[8.75,2.5,7.5,1.25],"texture":"#1","tintindex":0,"rotation":0},"down":{"uv":[8.75,2.5,7.5,3.75],"texture":"#1","tintindex":0,"rotation":0}}}],"display":{"head":{"scale":[4.0,4.0,4.0],"translation":[32.0,25.5,32.0]}}}