{"textures":{"0":"freeminecraftmodels:entity/tower_pedestal","1":"freeminecraftmodels:entity/attachment_beam","2":"freeminecraftmodels:entity/beam_tower_texture_diamond"},"elements":[{"from":[-9.6,0.0,-9.6],"to":[9.6,3.6,9.6],"origin":[0.0,0.0,0.0],"faces":{"north":{"uv":[6.0,0.0,12.0,1.125],"texture":"#0","tintindex":0,"rotation":0},"east":{"uv":[6.0,0.0,12.0,1.125],"texture":"#0","tintindex":0,"rotation":0},"south":{"uv":[6.0,0.0,12.0,1.125],"texture":"#0","tintindex":0,"rotation":0},"west":{"uv":[6.0,0.0,12.0,1.125],"texture":"#0","tintindex":0,"rotation":0},"up":{"uv":[6.0,6.0,0.0,0.0],"texture":"#0","tintindex":0,"rotation":0},"down":{"uv":[6.0,0.0,0.0,6.0],"texture":"#0","tintindex":0,"rotation":0}},"rotation":{"origin":[0.0,0.0,0.0],"angle":0.0,"axis":"x"}},{"from":[-2.4,3.6,4.8],"to":[2.4,5.2,5.6],"origin":[0.0,0.0,0.0],"faces":{"north":{"uv":[3.75,0.0,5.25,0.5],"texture":"#2","tintindex":0,"rotation":0},"east":{"uv":[10.125,2.5,10.375,3.0],"texture":"#2","tintindex":0,"rotation":0},"south":{"uv":[3.75,0.5,5.25,1.0],"texture":"#2","tintindex":0,"rotation":0},"west":{"uv":[11.5,2.375,11.75,2.875],"texture":"#2","tintindex":0,"rotation":0},"up":{"uv":[9.75,0.75,8.25,0.5],"texture":"#2","tintindex":0,"rotation":0},"down":{"uv":[9.75,0.75,8.25,1.0],"texture":"#2","tintindex":0,"rotation":0}},"rotation":{"origin":[0.0,0.0,0.0],"angle":0.0,"axis":"x"}},{"from":[-2.4,5.2,4.0],"to":[2.4,6.8,4.8],"origin":[0.0,0.0,0.0],"faces":{"north":{"uv":[3.75,1.0,5.25,1.5],"texture":"#2","tintindex":0,"rotation":0},"east":{"uv":[9.375,12.25,9.625,12.75],"texture":"#2","tintindex":0,"rotation":0},"south":{"uv":[3.75,1.5,5.25,2.0],"texture":"#2","tintindex":0,"rotation":0},"west":{"uv":[9.75,12.25,10.0,12.75],"texture":"#2","tintindex":0,"rotation":0},"up":{"uv":[9.75,1.25,8.25,1.0],"texture":"#2","tintindex":0,"rotation":0},"down":{"uv":[9.75,1.25,8.25,1.5],"texture":"#2","tintindex":0,"rotation":0}},"rotation":{"origin":[0.0,0.0,0.0],"angle":0.0,"axis":"x"}},{"from":[-2.4,6.8,3.2],"to":[2.4,8.4,4.0],"origin":[0.0,0.0,0.0],"faces":{"north":{"uv":[3.75,2.0,5.25,2.5],"texture":"#2","tintindex":0,"rotation":0},"east":{"uv":[1.625,12.625,1.875,13.125],"texture":"#2","tintindex":0,"rotation":0},"south":{"uv":[3.75,2.5,5.25,3.0],"texture":"#2","tintindex":0,"rotation":0},"west":{"uv":[12.625,6.75,12.875,7.25],"texture":"#2","tintindex":0,"rotation":0},"up":{"uv":[9.75,1.75,8.25,1.5],"texture":"#2","tintindex":0,"rotation":0},"down":{"uv":[9.75,1.75,8.25,2.0],"texture":"#2","tintindex":0,"rotation":0}},"rotation":{"origin":[0.0,0.0,0.0],"angle":0.0,"axis":"x"}},{"from":[-2.4,8.4,2.4],"to":[2.4,10.0,3.2],"origin":[0.0,0.0,0.0],"faces":{"north":{"uv":[3.75,3.0,5.25,3.5],"texture":"#2","tintindex":0,"rotation":0},"east":{"uv":[6.875,12.625,7.125,13.125],"texture":"#2","tintindex":0,"rotation":0},"south":{"uv":[3.75,3.5,5.25,4.0],"texture":"#2","tintindex":0,"rotation":0},"west":{"uv":[7.125,12.625,7.375,13.125],"texture":"#2","tintindex":0,"rotation":0},"up":{"uv":[9.75,2.25,8.25,2.0],"texture":"#2","tintindex":0,"rotation":0},"down":{"uv":[9.75,2.25,8.25,2.5],"texture":"#2","tintindex":0,"rotation":0}},"rotation":{"origin":[0.0,0.0,0.0],"angle":0.0,"axis":"x"}},{"from":[-3.2,8.4,-2.4],"to":[-2.4,10.0,2.4],"origin":[0.0,0.0,0.0],"faces":{"north":{"uv":[12.625,7.25,12.875,7.75],"texture":"#2","tintindex":0,"rotation":0},"east":{"uv":[3.0,4.0,4.5,4.5],"texture":"#2","tintindex":0,"rotation":0},"south":{"uv":[12.625,7.75,12.875,8.25],"texture":"#2","tintindex":0,"rotation":0},"west":{"uv":[3.0,4.5,4.5,5.0],"texture":"#2","tintindex":0,"rotation":0},"up":{"uv":[8.5,4.0,8.25,2.5],"texture":"#2","tintindex":0,"rotation":0},"down":{"uv":[8.5,4.0,8.25,5.5],"texture":"#2","tintindex":0,"rotation":0}},"rotation":{"origin":[0.0,0.0,0.0],"angle":0.0,"axis":"x"}},{"from":[-4.0,6.8,-2.4],"to":[-3.2,8.4,2.4],"origin":[0.0,0.0,0.0],"faces":{"north":{"uv":[8.25,12.625,8.5,13.125],"texture":"#2","tintindex":0,"rotation":0},"east":{"uv":[4.5,4.0,6.0,4.5],"texture":"#2","tintindex":0,"rotation":0},"south":{"uv":[12.625,8.25,12.875,8.75],"texture":"#2","tintindex":0,"rotation":0},"west":{"uv":[4.5,4.5,6.0,5.0],"texture":"#2","tintindex":0,"rotation":0},"up":{"uv":[8.5,7.0,8.25,5.5],"texture":"#2","tintindex":0,"rotation":0},"down":{"uv":[8.5,7.0,8.25,8.5],"texture":"#2","tintindex":0,"rotation":0}},"rotation":{"origin":[0.0,0.0,0.0],"angle":0.0,"axis":"x"}},{"from":[-4.8,5.2,-2.4],"to":[-4.0,6.8,2.4],"origin":[0.0,0.0,0.0],"faces":{"north":{"uv":[8.5,12.625,8.75,13.125],"texture":"#2","tintindex":0,"rotation":0},"east":{"uv":[0.0,5.0,1.5,5.5],"texture":"#2","tintindex":0,"rotation":0},"south":{"uv":[8.75,12.625,9.0,13.125],"texture":"#2","tintindex":0,"rotation":0},"west":{"uv":[1.5,5.0,3.0,5.5],"texture":"#2","tintindex":0,"rotation":0},"up":{"uv":[8.75,4.0,8.5,2.5],"texture":"#2","tintindex":0,"rotation":0},"down":{"uv":[8.75,4.0,8.5,5.5],"texture":"#2","tintindex":0,"rotation":0}},"rotation":{"origin":[0.0,0.0,0.0],"angle":0.0,"axis":"x"}},{"from":[-5.6,3.6,-2.4],"to":[-4.8,5.2,2.4],"origin":[0.0,0.0,0.0],"faces":{"north":{"uv":[12.625,8.75,12.875,9.25],"texture":"#2","tintindex":0,"rotation":0},"east":{"uv":[3.0,5.0,4.5,5.5],"texture":"#2","tintindex":0,"rotation":0},"south":{"uv":[9.0,12.625,9.25,13.125],"texture":"#2","tintindex":0,"rotation":0},"west":{"uv":[4.5,5.0,6.0,5.5],"texture":"#2","tintindex":0,"rotation":0},"up":{"uv":[8.75,7.0,8.5,5.5],"texture":"#2","tintindex":0,"rotation":0},"down":{"uv":[6.25,8.5,6.0,10.0],"texture":"#2","tintindex":0,"rotation":0}},"rotation":{"origin":[0.0,0.0,0.0],"angle":0.0,"axis":"x"}},{"from":[2.4,8.4,-2.4],"to":[3.2,10.0,2.4],"origin":[0.0,0.0,0.0],"faces":{"north":{"uv":[12.625,11.0,12.875,11.5],"texture":"#2","tintindex":0,"rotation":0},"east":{"uv":[5.25,0.0,6.75,0.5],"texture":"#2","tintindex":0,"rotation":0},"south":{"uv":[11.25,12.625,11.5,13.125],"texture":"#2","tintindex":0,"rotation":0},"west":{"uv":[5.25,0.5,6.75,1.0],"texture":"#2","tintindex":0,"rotation":0},"up":{"uv":[6.5,10.0,6.25,8.5],"texture":"#2","tintindex":0,"rotation":0},"down":{"uv":[6.75,8.5,6.5,10.0],"texture":"#2","tintindex":0,"rotation":0}},"rotation":{"origin":[0.0,0.0,0.0],"angle":0.0,"axis":"x"}},{"from":[2.4,8.4,-3.2],"to":[3.2,12.8,-2.4],"origin":[0.0,0.0,0.0],"faces":{"north":{"uv":[9.875,4.25,10.125,5.625],"texture":"#2","tintindex":0,"rotation":0},"east":{"uv":[4.5,9.875,4.75,11.25],"texture":"#2","tintindex":0,"rotation":0},"south":{"uv":[4.75,9.875,5.0,11.25],"texture":"#2","tintindex":0,"rotation":0},"west":{"uv":[5.0,9.875,5.25,11.25],"texture":"#2","tintindex":0,"rotation":0},"up":{"uv":[7.0,4.0,6.75,3.75],"texture":"#2","tintindex":0,"rotation":0},"down":{"uv":[7.25,3.75,7.0,4.0],"texture":"#2","tintindex":0,"rotation":0}},"rotation":{"origin":[0.0,0.0,0.0],"angle":0.0,"axis":"x"}},{"from":[3.2,6.8,-3.2],"to":[4.0,10.4,-2.4],"origin":[0.0,0.0,0.0],"faces":{"north":{"uv":[2.0,10.0,2.25,11.125],"texture":"#2","tintindex":0,"rotation":0},"east":{"uv":[2.25,10.0,2.5,11.125],"texture":"#2","tintindex":0,"rotation":0},"south":{"uv":[2.5,10.0,2.75,11.125],"texture":"#2","tintindex":0,"rotation":0},"west":{"uv":[2.75,10.0,3.0,11.125],"texture":"#2","tintindex":0,"rotation":0},"up":{"uv":[7.5,4.0,7.25,3.75],"texture":"#2","tintindex":0,"rotation":0},"down":{"uv":[6.0,12.375,5.75,12.625],"texture":"#2","tintindex":0,"rotation":0}},"rotation":{"origin":[0.0,0.0,0.0],"angle":0.0,"axis":"x"}},{"from":[-6.4,3.6,-3.2],"to":[-5.6,5.6,-2.4],"origin":[0.0,0.0,0.0],"faces":{"north":{"uv":[11.875,9.75,12.125,10.375],"texture":"#2","tintindex":0,"rotation":0},"east":{"uv":[11.875,10.375,12.125,11.0],"texture":"#2","tintindex":0,"rotation":0},"south":{"uv":[0.125,12.0,0.375,12.625],"texture":"#2","tintindex":0,"rotation":0},"west":{"uv":[0.375,12.0,0.625,12.625],"texture":"#2","tintindex":0,"rotation":0},"up":{"uv":[13.125,9.25,12.875,9.0],"texture":"#2","tintindex":0,"rotation":0},"down":{"uv":[12.75,12.875,12.5,13.125],"texture":"#2","tintindex":0,"rotation":0}},"rotation":{"origin":[0.0,0.0,0.0],"angle":0.0,"axis":"x"}},{"from":[-4.0,6.8,2.4],"to":[-3.2,10.4,3.2],"origin":[0.0,0.0,0.0],"faces":{"north":{"uv":[10.0,5.625,10.25,6.75],"texture":"#2","tintindex":0,"rotation":0},"east":{"uv":[6.0,10.0,6.25,11.125],"texture":"#2","tintindex":0,"rotation":0},"south":{"uv":[6.25,10.0,6.5,11.125],"texture":"#2","tintindex":0,"rotation":0},"west":{"uv":[6.5,10.0,6.75,11.125],"texture":"#2","tintindex":0,"rotation":0},"up":{"uv":[13.25,0.25,13.0,0.0],"texture":"#2","tintindex":0,"rotation":0},"down":{"uv":[0.375,13.0,0.125,13.25],"texture":"#2","tintindex":0,"rotation":0}},"rotation":{"origin":[0.0,0.0,0.0],"angle":0.0,"axis":"x"}},{"from":[-4.8,5.2,2.4],"to":[-4.0,8.8,3.2],"origin":[0.0,0.0,0.0],"faces":{"north":{"uv":[10.0,6.75,10.25,7.875],"texture":"#2","tintindex":0,"rotation":0},"east":{"uv":[10.0,7.875,10.25,9.0],"texture":"#2","tintindex":0,"rotation":0},"south":{"uv":[8.25,10.0,8.5,11.125],"texture":"#2","tintindex":0,"rotation":0},"west":{"uv":[10.0,9.0,10.25,10.125],"texture":"#2","tintindex":0,"rotation":0},"up":{"uv":[13.25,0.5,13.0,0.25],"texture":"#2","tintindex":0,"rotation":0},"down":{"uv":[0.625,13.0,0.375,13.25],"texture":"#2","tintindex":0,"rotation":0}},"rotation":{"origin":[0.0,0.0,0.0],"angle":0.0,"axis":"x"}},{"from":[-5.6,3.6,2.4],"to":[-4.8,7.2,3.2],"origin":[0.0,0.0,0.0],"faces":{"north":{"uv":[9.75,10.0,10.0,11.125],"texture":"#2","tintindex":0,"rotation":0},"east":{"uv":[10.125,1.375,10.375,2.5],"texture":"#2","tintindex":0,"rotation":0},"south":{"uv":[3.0,10.125,3.25,11.25],"texture":"#2","tintindex":0,"rotation":0},"west":{"uv":[3.25,10.125,3.5,11.25],"texture":"#2","tintindex":0,"rotation":0},"up":{"uv":[13.25,0.75,13.0,0.5],"texture":"#2","tintindex":0,"rotation":0},"down":{"uv":[0.875,13.0,0.625,13.25],"texture":"#2","tintindex":0,"rotation":0}},"rotation":{"origin":[0.0,0.0,0.0],"angle":0.0,"axis":"x"}},{"from":[-6.4,3.6,2.4],"to":[-5.6,5.6,3.2],"origin":[0.0,0.0,0.0],"faces":{"north":{"uv":[0.625,12.0,0.875,12.625],"texture":"#2","tintindex":0,"rotation":0},"east":{"uv":[0.875,12.0,1.125,12.625],"texture":"#2","tintindex":0,"rotation":0},"south":{"uv":[1.125,12.0,1.375,12.625],"texture":"#2","tintindex":0,"rotation":0},"west":{"uv":[1.375,12.0,1.625,12.625],"texture":"#2","tintindex":0,"rotation":0},"up":{"uv":[13.25,1.0,13.0,0.75],"texture":"#2","tintindex":0,"rotation":0},"down":{"uv":[1.125,13.0,0.875,13.25],"texture":"#2","tintindex":0,"rotation":0}},"rotation":{"origin":[0.0,0.0,0.0],"angle":0.0,"axis":"x"}},{"from":[-5.6,3.6,-3.2],"to":[-4.8,7.2,-2.4],"origin":[0.0,0.0,0.0],"faces":{"north":{"uv":[3.5,10.125,3.75,11.25],"texture":"#2","tintindex":0,"rotation":0},"east":{"uv":[3.75,10.125,4.0,11.25],"texture":"#2","tintindex":0,"rotation":0},"south":{"uv":[4.0,10.125,4.25,11.25],"texture":"#2","tintindex":0,"rotation":0},"west":{"uv":[4.25,10.125,4.5,11.25],"texture":"#2","tintindex":0,"rotation":0},"up":{"uv":[1.375,13.25,1.125,13.0],"texture":"#2","tintindex":0,"rotation":0},"down":{"uv":[1.625,13.0,1.375,13.25],"texture":"#2","tintindex":0,"rotation":0}},"rotation":{"origin":[0.0,0.0,0.0],"angle":0.0,"axis":"x"}},{"from":[-4.8,5.2,-3.2],"to":[-4.0,8.8,-2.4],"origin":[0.0,0.0,0.0],"faces":{"north":{"uv":[10.125,4.25,10.375,5.375],"texture":"#2","tintindex":0,"rotation":0},"east":{"uv":[10.0,10.125,10.25,11.25],"texture":"#2","tintindex":0,"rotation":0},"south":{"uv":[10.25,0.0,10.5,1.125],"texture":"#2","tintindex":0,"rotation":0},"west":{"uv":[10.25,5.375,10.5,6.5],"texture":"#2","tintindex":0,"rotation":0},"up":{"uv":[13.25,1.625,13.0,1.375],"texture":"#2","tintindex":0,"rotation":0},"down":{"uv":[13.25,1.625,13.0,1.875],"texture":"#2","tintindex":0,"rotation":0}},"rotation":{"origin":[0.0,0.0,0.0],"angle":0.0,"axis":"x"}},{"from":[-4.0,6.8,-3.2],"to":[-3.2,10.4,-2.4],"origin":[0.0,0.0,0.0],"faces":{"north":{"uv":[10.25,6.5,10.5,7.625],"texture":"#2","tintindex":0,"rotation":0},"east":{"uv":[10.25,7.625,10.5,8.75],"texture":"#2","tintindex":0,"rotation":0},"south":{"uv":[10.25,8.75,10.5,9.875],"texture":"#2","tintindex":0,"rotation":0},"west":{"uv":[10.25,9.875,10.5,11.0],"texture":"#2","tintindex":0,"rotation":0},"up":{"uv":[2.125,13.25,1.875,13.0],"texture":"#2","tintindex":0,"rotation":0},"down":{"uv":[13.25,1.875,13.0,2.125],"texture":"#2","tintindex":0,"rotation":0}},"rotation":{"origin":[0.0,0.0,0.0],"angle":0.0,"axis":"x"}},{"from":[4.0,5.2,-3.2],"to":[4.8,8.8,-2.4],"origin":[0.0,0.0,0.0],"faces":{"north":{"uv":[10.375,1.125,10.625,2.25],"texture":"#2","tintindex":0,"rotation":0},"east":{"uv":[10.375,4.25,10.625,5.375],"texture":"#2","tintindex":0,"rotation":0},"south":{"uv":[10.5,0.0,10.75,1.125],"texture":"#2","tintindex":0,"rotation":0},"west":{"uv":[10.5,5.375,10.75,6.5],"texture":"#2","tintindex":0,"rotation":0},"up":{"uv":[2.375,13.25,2.125,13.0],"texture":"#2","tintindex":0,"rotation":0},"down":{"uv":[13.25,2.125,13.0,2.375],"texture":"#2","tintindex":0,"rotation":0}},"rotation":{"origin":[0.0,0.0,0.0],"angle":0.0,"axis":"x"}},{"from":[2.4,6.8,-4.0],"to":[3.2,10.4,-3.2],"origin":[0.0,0.0,0.0],"faces":{"north":{"uv":[10.5,6.5,10.75,7.625],"texture":"#2","tintindex":0,"rotation":0},"east":{"uv":[6.75,10.5,7.0,11.625],"texture":"#2","tintindex":0,"rotation":0},"south":{"uv":[7.0,10.5,7.25,11.625],"texture":"#2","tintindex":0,"rotation":0},"west":{"uv":[7.25,10.5,7.5,11.625],"texture":"#2","tintindex":0,"rotation":0},"up":{"uv":[2.625,13.25,2.375,13.0],"texture":"#2","tintindex":0,"rotation":0},"down":{"uv":[13.25,2.375,13.0,2.625],"texture":"#2","tintindex":0,"rotation":0}},"rotation":{"origin":[0.0,0.0,0.0],"angle":0.0,"axis":"x"}},{"from":[2.4,5.2,-4.8],"to":[3.2,8.8,-4.0],"origin":[0.0,0.0,0.0],"faces":{"north":{"uv":[10.5,7.625,10.75,8.75],"texture":"#2","tintindex":0,"rotation":0},"east":{"uv":[8.5,10.5,8.75,11.625],"texture":"#2","tintindex":0,"rotation":0},"south":{"uv":[8.75,10.5,9.0,11.625],"texture":"#2","tintindex":0,"rotation":0},"west":{"uv":[10.5,8.75,10.75,9.875],"texture":"#2","tintindex":0,"rotation":0},"up":{"uv":[13.25,2.875,13.0,2.625],"texture":"#2","tintindex":0,"rotation":0},"down":{"uv":[13.25,2.875,13.0,3.125],"texture":"#2","tintindex":0,"rotation":0}},"rotation":{"origin":[0.0,0.0,0.0],"angle":0.0,"axis":"x"}},{"from":[2.4,3.6,-5.6],"to":[3.2,7.2,-4.8],"origin":[0.0,0.0,0.0],"faces":{"north":{"uv":[9.0,10.5,9.25,11.625],"texture":"#2","tintindex":0,"rotation":0},"east":{"uv":[9.25,10.5,9.5,11.625],"texture":"#2","tintindex":0,"rotation":0},"south":{"uv":[9.5,10.5,9.75,11.625],"texture":"#2","tintindex":0,"rotation":0},"west":{"uv":[10.5,9.875,10.75,11.0],"texture":"#2","tintindex":0,"rotation":0},"up":{"uv":[13.25,3.375,13.0,3.125],"texture":"#2","tintindex":0,"rotation":0},"down":{"uv":[13.25,3.375,13.0,3.625],"texture":"#2","tintindex":0,"rotation":0}},"rotation":{"origin":[0.0,0.0,0.0],"angle":0.0,"axis":"x"}},{"from":[4.8,3.6,-3.2],"to":[5.6,7.2,-2.4],"origin":[0.0,0.0,0.0],"faces":{"north":{"uv":[10.625,1.125,10.875,2.25],"texture":"#2","tintindex":0,"rotation":0},"east":{"uv":[10.625,4.25,10.875,5.375],"texture":"#2","tintindex":0,"rotation":0},"south":{"uv":[10.75,0.0,11.0,1.125],"texture":"#2","tintindex":0,"rotation":0},"west":{"uv":[10.75,5.375,11.0,6.5],"texture":"#2","tintindex":0,"rotation":0},"up":{"uv":[13.25,3.875,13.0,3.625],"texture":"#2","tintindex":0,"rotation":0},"down":{"uv":[13.25,3.875,13.0,4.125],"texture":"#2","tintindex":0,"rotation":0}},"rotation":{"origin":[0.0,0.0,0.0],"angle":0.0,"axis":"x"}},{"from":[5.6,3.6,-3.2],"to":[6.4,5.6,-2.4],"origin":[0.0,0.0,0.0],"faces":{"north":{"uv":[1.625,12.0,1.875,12.625],"texture":"#2","tintindex":0,"rotation":0},"east":{"uv":[12.0,1.625,12.25,2.25],"texture":"#2","tintindex":0,"rotation":0},"south":{"uv":[12.0,2.25,12.25,2.875],"texture":"#2","tintindex":0,"rotation":0},"west":{"uv":[12.0,2.875,12.25,3.5],"texture":"#2","tintindex":0,"rotation":0},"up":{"uv":[13.25,4.375,13.0,4.125],"texture":"#2","tintindex":0,"rotation":0},"down":{"uv":[13.25,4.375,13.0,4.625],"texture":"#2","tintindex":0,"rotation":0}},"rotation":{"origin":[0.0,0.0,0.0],"angle":0.0,"axis":"x"}},{"from":[3.2,12.8,2.4],"to":[4.0,14.0,3.2],"origin":[0.0,0.0,0.0],"faces":{"north":{"uv":[7.375,12.75,7.625,13.125],"texture":"#2","tintindex":0,"rotation":0},"east":{"uv":[7.625,12.75,7.875,13.125],"texture":"#2","tintindex":0,"rotation":0},"south":{"uv":[7.875,12.75,8.125,13.125],"texture":"#2","tintindex":0,"rotation":0},"west":{"uv":[9.25,12.75,9.5,13.125],"texture":"#2","tintindex":0,"rotation":0},"up":{"uv":[13.25,4.875,13.0,4.625],"texture":"#2","tintindex":0,"rotation":0},"down":{"uv":[13.25,4.875,13.0,5.125],"texture":"#2","tintindex":0,"rotation":0}},"rotation":{"origin":[0.0,0.0,0.0],"angle":0.0,"axis":"x"}},{"from":[2.4,8.4,2.4],"to":[3.2,12.8,3.2],"origin":[0.0,0.0,0.0],"faces":{"north":{"uv":[5.25,9.875,5.5,11.25],"texture":"#2","tintindex":0,"rotation":0},"east":{"uv":[5.5,9.875,5.75,11.25],"texture":"#2","tintindex":0,"rotation":0},"south":{"uv":[5.75,9.875,6.0,11.25],"texture":"#2","tintindex":0,"rotation":0},"west":{"uv":[0.0,10.0,0.25,11.375],"texture":"#2","tintindex":0,"rotation":0},"up":{"uv":[13.25,5.375,13.0,5.125],"texture":"#2","tintindex":0,"rotation":0},"down":{"uv":[13.25,5.375,13.0,5.625],"texture":"#2","tintindex":0,"rotation":0}},"rotation":{"origin":[0.0,0.0,0.0],"angle":0.0,"axis":"x"}},{"from":[3.2,6.8,2.4],"to":[4.0,10.4,3.2],"origin":[0.0,0.0,0.0],"faces":{"north":{"uv":[10.75,6.5,11.0,7.625],"texture":"#2","tintindex":0,"rotation":0},"east":{"uv":[10.75,7.625,11.0,8.75],"texture":"#2","tintindex":0,"rotation":0},"south":{"uv":[10.75,8.75,11.0,9.875],"texture":"#2","tintindex":0,"rotation":0},"west":{"uv":[10.75,9.875,11.0,11.0],"texture":"#2","tintindex":0,"rotation":0},"up":{"uv":[13.25,5.875,13.0,5.625],"texture":"#2","tintindex":0,"rotation":0},"down":{"uv":[6.0,13.0,5.75,13.25],"texture":"#2","tintindex":0,"rotation":0}},"rotation":{"origin":[0.0,0.0,0.0],"angle":0.0,"axis":"x"}},{"from":[4.0,5.2,2.4],"to":[4.8,8.8,3.2],"origin":[0.0,0.0,0.0],"faces":{"north":{"uv":[10.875,1.125,11.125,2.25],"texture":"#2","tintindex":0,"rotation":0},"east":{"uv":[10.875,4.25,11.125,5.375],"texture":"#2","tintindex":0,"rotation":0},"south":{"uv":[11.0,0.0,11.25,1.125],"texture":"#2","tintindex":0,"rotation":0},"west":{"uv":[11.0,5.375,11.25,6.5],"texture":"#2","tintindex":0,"rotation":0},"up":{"uv":[13.25,6.125,13.0,5.875],"texture":"#2","tintindex":0,"rotation":0},"down":{"uv":[6.25,13.0,6.0,13.25],"texture":"#2","tintindex":0,"rotation":0}},"rotation":{"origin":[0.0,0.0,0.0],"angle":0.0,"axis":"x"}},{"from":[4.8,3.6,2.4],"to":[5.6,7.2,3.2],"origin":[0.0,0.0,0.0],"faces":{"north":{"uv":[11.0,6.5,11.25,7.625],"texture":"#2","tintindex":0,"rotation":0},"east":{"uv":[11.0,7.625,11.25,8.75],"texture":"#2","tintindex":0,"rotation":0},"south":{"uv":[11.0,8.75,11.25,9.875],"texture":"#2","tintindex":0,"rotation":0},"west":{"uv":[11.0,9.875,11.25,11.0],"texture":"#2","tintindex":0,"rotation":0},"up":{"uv":[13.25,6.375,13.0,6.125],"texture":"#2","tintindex":0,"rotation":0},"down":{"uv":[6.5,13.0,6.25,13.25],"texture":"#2","tintindex":0,"rotation":0}},"rotation":{"origin":[0.0,0.0,0.0],"angle":0.0,"axis":"x"}},{"from":[5.6,3.6,2.4],"to":[6.4,5.6,3.2],"origin":[0.0,0.0,0.0],"faces":{"north":{"uv":[12.0,3.5,12.25,4.125],"texture":"#2","tintindex":0,"rotation":0},"east":{"uv":[12.0,4.125,12.25,4.75],"texture":"#2","tintindex":0,"rotation":0},"south":{"uv":[12.0,4.75,12.25,5.375],"texture":"#2","tintindex":0,"rotation":0},"west":{"uv":[12.0,5.375,12.25,6.0],"texture":"#2","tintindex":0,"rotation":0},"up":{"uv":[13.25,6.625,13.0,6.375],"texture":"#2","tintindex":0,"rotation":0},"down":{"uv":[6.75,13.0,6.5,13.25],"texture":"#2","tintindex":0,"rotation":0}},"rotation":{"origin":[0.0,0.0,0.0],"angle":0.0,"axis":"x"}},{"from":[2.4,3.6,-6.4],"to":[3.2,5.6,-5.6],"origin":[0.0,0.0,0.0],"faces":{"north":{"uv":[12.0,6.0,12.25,6.625],"texture":"#2","tintindex":0,"rotation":0},"east":{"uv":[12.0,6.625,12.25,7.25],"texture":"#2","tintindex":0,"rotation":0},"south":{"uv":[12.0,7.25,12.25,7.875],"texture":"#2","tintindex":0,"rotation":0},"west":{"uv":[12.0,7.875,12.25,8.5],"texture":"#2","tintindex":0,"rotation":0},"up":{"uv":[13.25,9.5,13.0,9.25],"texture":"#2","tintindex":0,"rotation":0},"down":{"uv":[13.25,9.5,13.0,9.75],"texture":"#2","tintindex":0,"rotation":0}},"rotation":{"origin":[0.0,0.0,0.0],"angle":0.0,"axis":"x"}},{"from":[-3.2,12.8,-4.0],"to":[-2.4,14.0,-3.2],"origin":[0.0,0.0,0.0],"faces":{"north":{"uv":[12.75,9.25,13.0,9.625],"texture":"#2","tintindex":0,"rotation":0},"east":{"uv":[12.75,9.625,13.0,10.0],"texture":"#2","tintindex":0,"rotation":0},"south":{"uv":[9.75,12.75,10.0,13.125],"texture":"#2","tintindex":0,"rotation":0},"west":{"uv":[12.75,10.0,13.0,10.375],"texture":"#2","tintindex":0,"rotation":0},"up":{"uv":[13.25,10.0,13.0,9.75],"texture":"#2","tintindex":0,"rotation":0},"down":{"uv":[13.25,10.0,13.0,10.25],"texture":"#2","tintindex":0,"rotation":0}},"rotation":{"origin":[0.0,0.0,0.0],"angle":0.0,"axis":"x"}},{"from":[-3.2,8.4,-3.2],"to":[-2.4,12.8,-2.4],"origin":[0.0,0.0,0.0],"faces":{"north":{"uv":[10.0,0.0,10.25,1.375],"texture":"#2","tintindex":0,"rotation":0},"east":{"uv":[0.25,10.0,0.5,11.375],"texture":"#2","tintindex":0,"rotation":0},"south":{"uv":[0.5,10.0,0.75,11.375],"texture":"#2","tintindex":0,"rotation":0},"west":{"uv":[0.75,10.0,1.0,11.375],"texture":"#2","tintindex":0,"rotation":0},"up":{"uv":[13.25,10.5,13.0,10.25],"texture":"#2","tintindex":0,"rotation":0},"down":{"uv":[13.25,10.5,13.0,10.75],"texture":"#2","tintindex":0,"rotation":0}},"rotation":{"origin":[0.0,0.0,0.0],"angle":0.0,"axis":"x"}},{"from":[-3.2,8.4,2.4],"to":[-2.4,12.8,3.2],"origin":[0.0,0.0,0.0],"faces":{"north":{"uv":[1.0,10.0,1.25,11.375],"texture":"#2","tintindex":0,"rotation":0},"east":{"uv":[1.25,10.0,1.5,11.375],"texture":"#2","tintindex":0,"rotation":0},"south":{"uv":[1.5,10.0,1.75,11.375],"texture":"#2","tintindex":0,"rotation":0},"west":{"uv":[1.75,10.0,2.0,11.375],"texture":"#2","tintindex":0,"rotation":0},"up":{"uv":[13.25,12.125,13.0,11.875],"texture":"#2","tintindex":0,"rotation":0},"down":{"uv":[13.25,12.125,13.0,12.375],"texture":"#2","tintindex":0,"rotation":0}},"rotation":{"origin":[0.0,0.0,0.0],"angle":0.0,"axis":"x"}},{"from":[-3.2,6.8,-4.0],"to":[-2.4,10.4,-3.2],"origin":[0.0,0.0,0.0],"faces":{"north":{"uv":[10.25,11.0,10.5,12.125],"texture":"#2","tintindex":0,"rotation":0},"east":{"uv":[10.5,11.0,10.75,12.125],"texture":"#2","tintindex":0,"rotation":0},"south":{"uv":[10.75,11.0,11.0,12.125],"texture":"#2","tintindex":0,"rotation":0},"west":{"uv":[11.0,11.0,11.25,12.125],"texture":"#2","tintindex":0,"rotation":0},"up":{"uv":[13.25,12.625,13.0,12.375],"texture":"#2","tintindex":0,"rotation":0},"down":{"uv":[13.25,12.625,13.0,12.875],"texture":"#2","tintindex":0,"rotation":0}},"rotation":{"origin":[0.0,0.0,0.0],"angle":0.0,"axis":"x"}},{"from":[-3.2,6.8,3.2],"to":[-2.4,10.4,4.0],"origin":[0.0,0.0,0.0],"faces":{"north":{"uv":[11.125,1.125,11.375,2.25],"texture":"#2","tintindex":0,"rotation":0},"east":{"uv":[2.0,11.125,2.25,12.25],"texture":"#2","tintindex":0,"rotation":0},"south":{"uv":[2.25,11.125,2.5,12.25],"texture":"#2","tintindex":0,"rotation":0},"west":{"uv":[2.5,11.125,2.75,12.25],"texture":"#2","tintindex":0,"rotation":0},"up":{"uv":[13.25,13.125,13.0,12.875],"texture":"#2","tintindex":0,"rotation":0},"down":{"uv":[13.375,1.0,13.125,1.25],"texture":"#2","tintindex":0,"rotation":0}},"rotation":{"origin":[0.0,0.0,0.0],"angle":0.0,"axis":"x"}},{"from":[-4.4,8.8,3.2],"to":[-3.2,12.8,4.4],"origin":[0.0,0.0,0.0],"faces":{"north":{"uv":[1.5,6.5,1.875,7.75],"texture":"#2","tintindex":0,"rotation":0},"east":{"uv":[1.875,6.5,2.25,7.75],"texture":"#2","tintindex":0,"rotation":0},"south":{"uv":[2.25,6.5,2.625,7.75],"texture":"#2","tintindex":0,"rotation":0},"west":{"uv":[2.625,6.5,3.0,7.75],"texture":"#2","tintindex":0,"rotation":0},"up":{"uv":[6.375,12.625,6.0,12.25],"texture":"#2","tintindex":0,"rotation":0},"down":{"uv":[12.625,6.125,12.25,6.5],"texture":"#2","tintindex":0,"rotation":0}},"rotation":{"origin":[0.0,0.0,0.0],"angle":0.0,"axis":"x"}},{"from":[-5.6,6.0,3.2],"to":[-4.4,10.0,4.4],"origin":[0.0,0.0,0.0],"faces":{"north":{"uv":[6.75,0.0,7.125,1.25],"texture":"#2","tintindex":0,"rotation":0},"east":{"uv":[6.75,1.25,7.125,2.5],"texture":"#2","tintindex":0,"rotation":0},"south":{"uv":[6.75,2.5,7.125,3.75],"texture":"#2","tintindex":0,"rotation":0},"west":{"uv":[6.75,4.75,7.125,6.0],"texture":"#2","tintindex":0,"rotation":0},"up":{"uv":[6.75,12.625,6.375,12.25],"texture":"#2","tintindex":0,"rotation":0},"down":{"uv":[12.625,6.5,12.25,6.875],"texture":"#2","tintindex":0,"rotation":0}},"rotation":{"origin":[0.0,0.0,0.0],"angle":0.0,"axis":"x"}},{"from":[-6.8,3.6,3.2],"to":[-5.6,6.8,4.4],"origin":[0.0,0.0,0.0],"faces":{"north":{"uv":[6.75,8.5,7.125,9.5],"texture":"#2","tintindex":0,"rotation":0},"east":{"uv":[8.5,7.0,8.875,8.0],"texture":"#2","tintindex":0,"rotation":0},"south":{"uv":[7.125,8.5,7.5,9.5],"texture":"#2","tintindex":0,"rotation":0},"west":{"uv":[8.5,8.0,8.875,9.0],"texture":"#2","tintindex":0,"rotation":0},"up":{"uv":[7.125,12.625,6.75,12.25],"texture":"#2","tintindex":0,"rotation":0},"down":{"uv":[12.625,6.875,12.25,7.25],"texture":"#2","tintindex":0,"rotation":0}},"rotation":{"origin":[0.0,0.0,0.0],"angle":0.0,"axis":"x"}},{"from":[-8.0,3.6,3.2],"to":[-6.8,5.6,4.4],"origin":[0.0,0.0,0.0],"faces":{"north":{"uv":[10.375,2.25,10.75,2.875],"texture":"#2","tintindex":0,"rotation":0},"east":{"uv":[10.75,2.25,11.125,2.875],"texture":"#2","tintindex":0,"rotation":0},"south":{"uv":[11.125,2.25,11.5,2.875],"texture":"#2","tintindex":0,"rotation":0},"west":{"uv":[11.25,11.0,11.625,11.625],"texture":"#2","tintindex":0,"rotation":0},"up":{"uv":[7.5,12.625,7.125,12.25],"texture":"#2","tintindex":0,"rotation":0},"down":{"uv":[12.625,7.25,12.25,7.625],"texture":"#2","tintindex":0,"rotation":0}},"rotation":{"origin":[0.0,0.0,0.0],"angle":0.0,"axis":"x"}},{"from":[-8.0,3.6,-4.4],"to":[-6.8,5.6,-3.2],"origin":[0.0,0.0,0.0],"faces":{"north":{"uv":[0.0,11.375,0.375,12.0],"texture":"#2","tintindex":0,"rotation":0},"east":{"uv":[0.375,11.375,0.75,12.0],"texture":"#2","tintindex":0,"rotation":0},"south":{"uv":[0.75,11.375,1.125,12.0],"texture":"#2","tintindex":0,"rotation":0},"west":{"uv":[1.125,11.375,1.5,12.0],"texture":"#2","tintindex":0,"rotation":0},"up":{"uv":[12.625,8.0,12.25,7.625],"texture":"#2","tintindex":0,"rotation":0},"down":{"uv":[12.625,8.0,12.25,8.375],"texture":"#2","tintindex":0,"rotation":0}},"rotation":{"origin":[0.0,0.0,0.0],"angle":0.0,"axis":"x"}},{"from":[6.8,3.6,-4.4],"to":[8.0,5.6,-3.2],"origin":[0.0,0.0,0.0],"faces":{"north":{"uv":[11.375,1.125,11.75,1.75],"texture":"#2","tintindex":0,"rotation":0},"east":{"uv":[1.5,11.375,1.875,12.0],"texture":"#2","tintindex":0,"rotation":0},"south":{"uv":[11.375,2.875,11.75,3.5],"texture":"#2","tintindex":0,"rotation":0},"west":{"uv":[11.375,3.5,11.75,4.125],"texture":"#2","tintindex":0,"rotation":0},"up":{"uv":[8.625,12.625,8.25,12.25],"texture":"#2","tintindex":0,"rotation":0},"down":{"uv":[12.625,8.375,12.25,8.75],"texture":"#2","tintindex":0,"rotation":0}},"rotation":{"origin":[0.0,0.0,0.0],"angle":0.0,"axis":"x"}},{"from":[4.4,6.0,3.2],"to":[5.6,10.0,4.4],"origin":[0.0,0.0,0.0],"faces":{"north":{"uv":[6.75,6.0,7.125,7.25],"texture":"#2","tintindex":0,"rotation":0},"east":{"uv":[7.125,0.0,7.5,1.25],"texture":"#2","tintindex":0,"rotation":0},"south":{"uv":[7.125,1.25,7.5,2.5],"texture":"#2","tintindex":0,"rotation":0},"west":{"uv":[7.125,2.5,7.5,3.75],"texture":"#2","tintindex":0,"rotation":0},"up":{"uv":[9.0,12.625,8.625,12.25],"texture":"#2","tintindex":0,"rotation":0},"down":{"uv":[12.625,8.75,12.25,9.125],"texture":"#2","tintindex":0,"rotation":0}},"rotation":{"origin":[0.0,0.0,0.0],"angle":0.0,"axis":"x"}},{"from":[5.6,3.6,3.2],"to":[6.8,6.8,4.4],"origin":[0.0,0.0,0.0],"faces":{"north":{"uv":[8.75,2.5,9.125,3.5],"texture":"#2","tintindex":0,"rotation":0},"east":{"uv":[8.75,3.5,9.125,4.5],"texture":"#2","tintindex":0,"rotation":0},"south":{"uv":[8.75,4.5,9.125,5.5],"texture":"#2","tintindex":0,"rotation":0},"west":{"uv":[8.75,5.5,9.125,6.5],"texture":"#2","tintindex":0,"rotation":0},"up":{"uv":[9.375,12.625,9.0,12.25],"texture":"#2","tintindex":0,"rotation":0},"down":{"uv":[12.625,9.125,12.25,9.5],"texture":"#2","tintindex":0,"rotation":0}},"rotation":{"origin":[0.0,0.0,0.0],"angle":0.0,"axis":"x"}},{"from":[6.8,3.6,3.2],"to":[8.0,5.6,4.4],"origin":[0.0,0.0,0.0],"faces":{"north":{"uv":[11.375,4.125,11.75,4.75],"texture":"#2","tintindex":0,"rotation":0},"east":{"uv":[11.375,4.75,11.75,5.375],"texture":"#2","tintindex":0,"rotation":0},"south":{"uv":[11.5,0.0,11.875,0.625],"texture":"#2","tintindex":0,"rotation":0},"west":{"uv":[11.5,1.75,11.875,2.375],"texture":"#2","tintindex":0,"rotation":0},"up":{"uv":[12.625,11.375,12.25,11.0],"texture":"#2","tintindex":0,"rotation":0},"down":{"uv":[11.625,12.25,11.25,12.625],"texture":"#2","tintindex":0,"rotation":0}},"rotation":{"origin":[0.0,0.0,0.0],"angle":0.0,"axis":"x"}},{"from":[-4.4,8.8,-4.4],"to":[-3.2,12.8,-3.2],"origin":[0.0,0.0,0.0],"faces":{"north":{"uv":[7.125,4.75,7.5,6.0],"texture":"#2","tintindex":0,"rotation":0},"east":{"uv":[7.125,6.0,7.5,7.25],"texture":"#2","tintindex":0,"rotation":0},"south":{"uv":[6.0,7.25,6.375,8.5],"texture":"#2","tintindex":0,"rotation":0},"west":{"uv":[6.375,7.25,6.75,8.5],"texture":"#2","tintindex":0,"rotation":0},"up":{"uv":[12.625,11.75,12.25,11.375],"texture":"#2","tintindex":0,"rotation":0},"down":{"uv":[12.625,11.75,12.25,12.125],"texture":"#2","tintindex":0,"rotation":0}},"rotation":{"origin":[0.0,0.0,0.0],"angle":0.0,"axis":"x"}},{"from":[3.2,8.8,-4.4],"to":[4.4,12.8,-3.2],"origin":[0.0,0.0,0.0],"faces":{"north":{"uv":[6.75,7.25,7.125,8.5],"texture":"#2","tintindex":0,"rotation":0},"east":{"uv":[7.125,7.25,7.5,8.5],"texture":"#2","tintindex":0,"rotation":0},"south":{"uv":[7.5,0.0,7.875,1.25],"texture":"#2","tintindex":0,"rotation":0},"west":{"uv":[7.5,1.25,7.875,2.5],"texture":"#2","tintindex":0,"rotation":0},"up":{"uv":[12.375,12.625,12.0,12.25],"texture":"#2","tintindex":0,"rotation":0},"down":{"uv":[12.75,0.0,12.375,0.375],"texture":"#2","tintindex":0,"rotation":0}},"rotation":{"origin":[0.0,0.0,0.0],"angle":0.0,"axis":"x"}},{"from":[3.2,8.8,3.2],"to":[4.4,12.8,4.4],"origin":[0.0,0.0,0.0],"faces":{"north":{"uv":[7.5,2.5,7.875,3.75],"texture":"#2","tintindex":0,"rotation":0},"east":{"uv":[7.5,3.75,7.875,5.0],"texture":"#2","tintindex":0,"rotation":0},"south":{"uv":[7.5,5.0,7.875,6.25],"texture":"#2","tintindex":0,"rotation":0},"west":{"uv":[7.5,6.25,7.875,7.5],"texture":"#2","tintindex":0,"rotation":0},"up":{"uv":[12.75,0.75,12.375,0.375],"texture":"#2","tintindex":0,"rotation":0},"down":{"uv":[12.75,0.75,12.375,1.125],"texture":"#2","tintindex":0,"rotation":0}},"rotation":{"origin":[0.0,0.0,0.0],"angle":0.0,"axis":"x"}},{"from":[4.4,6.0,-4.4],"to":[5.6,10.0,-3.2],"origin":[0.0,0.0,0.0],"faces":{"north":{"uv":[7.5,7.5,7.875,8.75],"texture":"#2","tintindex":0,"rotation":0},"east":{"uv":[3.0,7.625,3.375,8.875],"texture":"#2","tintindex":0,"rotation":0},"south":{"uv":[3.375,7.625,3.75,8.875],"texture":"#2","tintindex":0,"rotation":0},"west":{"uv":[3.75,7.625,4.125,8.875],"texture":"#2","tintindex":0,"rotation":0},"up":{"uv":[3.125,12.75,2.75,12.375],"texture":"#2","tintindex":0,"rotation":0},"down":{"uv":[3.5,12.375,3.125,12.75],"texture":"#2","tintindex":0,"rotation":0}},"rotation":{"origin":[0.0,0.0,0.0],"angle":0.0,"axis":"x"}},{"from":[-5.6,6.0,-4.4],"to":[-4.4,10.0,-3.2],"origin":[0.0,0.0,0.0],"faces":{"north":{"uv":[4.125,7.625,4.5,8.875],"texture":"#2","tintindex":0,"rotation":0},"east":{"uv":[4.5,7.625,4.875,8.875],"texture":"#2","tintindex":0,"rotation":0},"south":{"uv":[4.875,7.625,5.25,8.875],"texture":"#2","tintindex":0,"rotation":0},"west":{"uv":[5.25,7.625,5.625,8.875],"texture":"#2","tintindex":0,"rotation":0},"up":{"uv":[3.875,12.75,3.5,12.375],"texture":"#2","tintindex":0,"rotation":0},"down":{"uv":[4.25,12.375,3.875,12.75],"texture":"#2","tintindex":0,"rotation":0}},"rotation":{"origin":[0.0,0.0,0.0],"angle":0.0,"axis":"x"}},{"from":[-6.8,3.6,-4.4],"to":[-5.6,6.8,-3.2],"origin":[0.0,0.0,0.0],"faces":{"north":{"uv":[7.5,8.75,7.875,9.75],"texture":"#2","tintindex":0,"rotation":0},"east":{"uv":[7.875,8.75,8.25,9.75],"texture":"#2","tintindex":0,"rotation":0},"south":{"uv":[3.0,8.875,3.375,9.875],"texture":"#2","tintindex":0,"rotation":0},"west":{"uv":[3.375,8.875,3.75,9.875],"texture":"#2","tintindex":0,"rotation":0},"up":{"uv":[4.625,12.75,4.25,12.375],"texture":"#2","tintindex":0,"rotation":0},"down":{"uv":[5.0,12.375,4.625,12.75],"texture":"#2","tintindex":0,"rotation":0}},"rotation":{"origin":[0.0,0.0,0.0],"angle":0.0,"axis":"x"}},{"from":[5.6,3.6,-4.4],"to":[6.8,6.8,-3.2],"origin":[0.0,0.0,0.0],"faces":{"north":{"uv":[3.75,8.875,4.125,9.875],"texture":"#2","tintindex":0,"rotation":0},"east":{"uv":[4.125,8.875,4.5,9.875],"texture":"#2","tintindex":0,"rotation":0},"south":{"uv":[4.5,8.875,4.875,9.875],"texture":"#2","tintindex":0,"rotation":0},"west":{"uv":[4.875,8.875,5.25,9.875],"texture":"#2","tintindex":0,"rotation":0},"up":{"uv":[5.375,12.75,5.0,12.375],"texture":"#2","tintindex":0,"rotation":0},"down":{"uv":[5.75,12.375,5.375,12.75],"texture":"#2","tintindex":0,"rotation":0}},"rotation":{"origin":[0.0,0.0,0.0],"angle":0.0,"axis":"x"}},{"from":[-4.4,3.6,5.6],"to":[-3.2,6.8,6.8],"origin":[0.0,0.0,0.0],"faces":{"north":{"uv":[5.25,8.875,5.625,9.875],"texture":"#2","tintindex":0,"rotation":0},"east":{"uv":[5.625,8.875,6.0,9.875],"texture":"#2","tintindex":0,"rotation":0},"south":{"uv":[8.875,6.5,9.25,7.5],"texture":"#2","tintindex":0,"rotation":0},"west":{"uv":[8.875,7.5,9.25,8.5],"texture":"#2","tintindex":0,"rotation":0},"up":{"uv":[7.875,12.75,7.5,12.375],"texture":"#2","tintindex":0,"rotation":0},"down":{"uv":[8.25,12.375,7.875,12.75],"texture":"#2","tintindex":0,"rotation":0}},"rotation":{"origin":[0.0,0.0,0.0],"angle":0.0,"axis":"x"}},{"from":[3.2,6.0,4.4],"to":[4.4,10.0,5.6],"origin":[0.0,0.0,0.0],"faces":{"north":{"uv":[5.625,7.625,6.0,8.875],"texture":"#2","tintindex":0,"rotation":0},"east":{"uv":[0.0,7.75,0.375,9.0],"texture":"#2","tintindex":0,"rotation":0},"south":{"uv":[0.375,7.75,0.75,9.0],"texture":"#2","tintindex":0,"rotation":0},"west":{"uv":[0.75,7.75,1.125,9.0],"texture":"#2","tintindex":0,"rotation":0},"up":{"uv":[12.75,9.875,12.375,9.5],"texture":"#2","tintindex":0,"rotation":0},"down":{"uv":[12.75,9.875,12.375,10.25],"texture":"#2","tintindex":0,"rotation":0}},"rotation":{"origin":[0.0,0.0,0.0],"angle":0.0,"axis":"x"}},{"from":[3.2,3.6,6.8],"to":[4.4,5.6,8.0],"origin":[0.0,0.0,0.0],"faces":{"north":{"uv":[11.5,5.375,11.875,6.0],"texture":"#2","tintindex":0,"rotation":0},"east":{"uv":[11.5,6.0,11.875,6.625],"texture":"#2","tintindex":0,"rotation":0},"south":{"uv":[11.5,6.625,11.875,7.25],"texture":"#2","tintindex":0,"rotation":0},"west":{"uv":[11.5,7.25,11.875,7.875],"texture":"#2","tintindex":0,"rotation":0},"up":{"uv":[12.75,10.625,12.375,10.25],"texture":"#2","tintindex":0,"rotation":0},"down":{"uv":[12.75,10.625,12.375,11.0],"texture":"#2","tintindex":0,"rotation":0}},"rotation":{"origin":[0.0,0.0,0.0],"angle":0.0,"axis":"x"}},{"from":[3.2,3.6,5.6],"to":[4.4,6.8,6.8],"origin":[0.0,0.0,0.0],"faces":{"north":{"uv":[8.875,8.5,9.25,9.5],"texture":"#2","tintindex":0,"rotation":0},"east":{"uv":[0.0,9.0,0.375,10.0],"texture":"#2","tintindex":0,"rotation":0},"south":{"uv":[0.375,9.0,0.75,10.0],"texture":"#2","tintindex":0,"rotation":0},"west":{"uv":[0.75,9.0,1.125,10.0],"texture":"#2","tintindex":0,"rotation":0},"up":{"uv":[12.75,12.5,12.375,12.125],"texture":"#2","tintindex":0,"rotation":0},"down":{"uv":[12.875,1.125,12.5,1.5],"texture":"#2","tintindex":0,"rotation":0}},"rotation":{"origin":[0.0,0.0,0.0],"angle":0.0,"axis":"x"}},{"from":[-4.4,3.6,-6.8],"to":[-3.2,6.8,-5.6],"origin":[0.0,0.0,0.0],"faces":{"north":{"uv":[1.125,9.0,1.5,10.0],"texture":"#2","tintindex":0,"rotation":0},"east":{"uv":[1.5,9.0,1.875,10.0],"texture":"#2","tintindex":0,"rotation":0},"south":{"uv":[1.875,9.0,2.25,10.0],"texture":"#2","tintindex":0,"rotation":0},"west":{"uv":[2.25,9.0,2.625,10.0],"texture":"#2","tintindex":0,"rotation":0},"up":{"uv":[12.75,12.875,12.375,12.5],"texture":"#2","tintindex":0,"rotation":0},"down":{"uv":[0.5,12.625,0.125,13.0],"texture":"#2","tintindex":0,"rotation":0}},"rotation":{"origin":[0.0,0.0,0.0],"angle":0.0,"axis":"x"}},{"from":[3.2,3.6,-6.8],"to":[4.4,6.8,-5.6],"origin":[0.0,0.0,0.0],"faces":{"north":{"uv":[2.625,9.0,3.0,10.0],"texture":"#2","tintindex":0,"rotation":0},"east":{"uv":[8.25,9.0,8.625,10.0],"texture":"#2","tintindex":0,"rotation":0},"south":{"uv":[9.125,2.5,9.5,3.5],"texture":"#2","tintindex":0,"rotation":0},"west":{"uv":[9.125,3.5,9.5,4.5],"texture":"#2","tintindex":0,"rotation":0},"up":{"uv":[0.875,13.0,0.5,12.625],"texture":"#2","tintindex":0,"rotation":0},"down":{"uv":[1.25,12.625,0.875,13.0],"texture":"#2","tintindex":0,"rotation":0}},"rotation":{"origin":[0.0,0.0,0.0],"angle":0.0,"axis":"x"}},{"from":[-4.4,3.6,6.8],"to":[-3.2,5.6,8.0],"origin":[0.0,0.0,0.0],"faces":{"north":{"uv":[11.5,7.875,11.875,8.5],"texture":"#2","tintindex":0,"rotation":0},"east":{"uv":[11.5,8.5,11.875,9.125],"texture":"#2","tintindex":0,"rotation":0},"south":{"uv":[11.5,9.125,11.875,9.75],"texture":"#2","tintindex":0,"rotation":0},"west":{"uv":[11.5,9.75,11.875,10.375],"texture":"#2","tintindex":0,"rotation":0},"up":{"uv":[1.625,13.0,1.25,12.625],"texture":"#2","tintindex":0,"rotation":0},"down":{"uv":[13.0,1.5,12.625,1.875],"texture":"#2","tintindex":0,"rotation":0}},"rotation":{"origin":[0.0,0.0,0.0],"angle":0.0,"axis":"x"}},{"from":[-4.4,3.6,-8.0],"to":[-3.2,5.6,-6.8],"origin":[0.0,0.0,0.0],"faces":{"north":{"uv":[11.5,10.375,11.875,11.0],"texture":"#2","tintindex":0,"rotation":0},"east":{"uv":[6.75,11.625,7.125,12.25],"texture":"#2","tintindex":0,"rotation":0},"south":{"uv":[7.125,11.625,7.5,12.25],"texture":"#2","tintindex":0,"rotation":0},"west":{"uv":[8.5,11.625,8.875,12.25],"texture":"#2","tintindex":0,"rotation":0},"up":{"uv":[13.0,2.25,12.625,1.875],"texture":"#2","tintindex":0,"rotation":0},"down":{"uv":[2.375,12.625,2.0,13.0],"texture":"#2","tintindex":0,"rotation":0}},"rotation":{"origin":[0.0,0.0,0.0],"angle":0.0,"axis":"x"}},{"from":[3.2,3.6,-8.0],"to":[4.4,5.6,-6.8],"origin":[0.0,0.0,0.0],"faces":{"north":{"uv":[8.875,11.625,9.25,12.25],"texture":"#2","tintindex":0,"rotation":0},"east":{"uv":[9.25,11.625,9.625,12.25],"texture":"#2","tintindex":0,"rotation":0},"south":{"uv":[11.625,11.0,12.0,11.625],"texture":"#2","tintindex":0,"rotation":0},"west":{"uv":[11.25,11.625,11.625,12.25],"texture":"#2","tintindex":0,"rotation":0},"up":{"uv":[13.0,2.625,12.625,2.25],"texture":"#2","tintindex":0,"rotation":0},"down":{"uv":[2.75,12.625,2.375,13.0],"texture":"#2","tintindex":0,"rotation":0}},"rotation":{"origin":[0.0,0.0,0.0],"angle":0.0,"axis":"x"}},{"from":[-5.6,5.2,4.4],"to":[-4.4,8.4,5.6],"origin":[0.0,0.0,0.0],"faces":{"north":{"uv":[9.125,4.5,9.5,5.5],"texture":"#2","tintindex":0,"rotation":0},"east":{"uv":[9.125,5.5,9.5,6.5],"texture":"#2","tintindex":0,"rotation":0},"south":{"uv":[9.25,6.5,9.625,7.5],"texture":"#2","tintindex":0,"rotation":0},"west":{"uv":[9.25,7.5,9.625,8.5],"texture":"#2","tintindex":0,"rotation":0},"up":{"uv":[13.0,3.0,12.625,2.625],"texture":"#2","tintindex":0,"rotation":0},"down":{"uv":[13.0,3.0,12.625,3.375],"texture":"#2","tintindex":0,"rotation":0}},"rotation":{"origin":[0.0,0.0,0.0],"angle":0.0,"axis":"x"}},{"from":[-5.6,5.2,-5.6],"to":[-4.4,8.4,-4.4],"origin":[0.0,0.0,0.0],"faces":{"north":{"uv":[9.25,8.5,9.625,9.5],"texture":"#2","tintindex":0,"rotation":0},"east":{"uv":[9.5,2.5,9.875,3.5],"texture":"#2","tintindex":0,"rotation":0},"south":{"uv":[9.5,3.5,9.875,4.5],"texture":"#2","tintindex":0,"rotation":0},"west":{"uv":[9.5,4.5,9.875,5.5],"texture":"#2","tintindex":0,"rotation":0},"up":{"uv":[13.0,3.75,12.625,3.375],"texture":"#2","tintindex":0,"rotation":0},"down":{"uv":[13.0,3.75,12.625,4.125],"texture":"#2","tintindex":0,"rotation":0}},"rotation":{"origin":[0.0,0.0,0.0],"angle":0.0,"axis":"x"}},{"from":[-6.8,2.8,-5.6],"to":[-5.6,6.0,-4.4],"origin":[0.0,0.0,0.0],"faces":{"north":{"uv":[9.25,8.5,9.625,9.5],"texture":"#2","tintindex":0,"rotation":0},"east":{"uv":[9.5,2.5,9.875,3.5],"texture":"#2","tintindex":0,"rotation":0},"south":{"uv":[9.5,3.5,9.875,4.5],"texture":"#2","tintindex":0,"rotation":0},"west":{"uv":[9.5,4.5,9.875,5.5],"texture":"#2","tintindex":0,"rotation":0},"up":{"uv":[13.0,3.75,12.625,3.375],"texture":"#2","tintindex":0,"rotation":0},"down":{"uv":[13.0,3.75,12.625,4.125],"texture":"#2","tintindex":0,"rotation":0}},"rotation":{"origin":[0.0,0.0,0.0],"angle":0.0,"axis":"x"}},{"from":[-5.6,2.8,-6.8],"to":[-4.4,6.0,-5.6],"origin":[0.0,0.0,0.0],"faces":{"north":{"uv":[9.25,8.5,9.625,9.5],"texture":"#2","tintindex":0,"rotation":0},"east":{"uv":[9.5,2.5,9.875,3.5],"texture":"#2","tintindex":0,"rotation":0},"south":{"uv":[9.5,3.5,9.875,4.5],"texture":"#2","tintindex":0,"rotation":0},"west":{"uv":[9.5,4.5,9.875,5.5],"texture":"#2","tintindex":0,"rotation":0},"up":{"uv":[13.0,3.75,12.625,3.375],"texture":"#2","tintindex":0,"rotation":0},"down":{"uv":[13.0,3.75,12.625,4.125],"texture":"#2","tintindex":0,"rotation":0}},"rotation":{"origin":[0.0,0.0,0.0],"angle":0.0,"axis":"x"}},{"from":[5.6,2.8,4.4],"to":[6.8,6.0,5.6],"origin":[0.0,0.0,0.0],"faces":{"north":{"uv":[9.5,5.5,9.875,6.5],"texture":"#2","tintindex":0,"rotation":0},"east":{"uv":[6.75,9.5,7.125,10.5],"texture":"#2","tintindex":0,"rotation":0},"south":{"uv":[7.125,9.5,7.5,10.5],"texture":"#2","tintindex":0,"rotation":0},"west":{"uv":[8.625,9.5,9.0,10.5],"texture":"#2","tintindex":0,"rotation":0},"up":{"uv":[13.0,4.5,12.625,4.125],"texture":"#2","tintindex":0,"rotation":0},"down":{"uv":[13.0,4.5,12.625,4.875],"texture":"#2","tintindex":0,"rotation":0}},"rotation":{"origin":[0.0,0.0,0.0],"angle":0.0,"axis":"x"}},{"from":[4.4,2.8,5.6],"to":[5.6,6.0,6.8],"origin":[0.0,0.0,0.0],"faces":{"north":{"uv":[9.5,5.5,9.875,6.5],"texture":"#2","tintindex":0,"rotation":0},"east":{"uv":[6.75,9.5,7.125,10.5],"texture":"#2","tintindex":0,"rotation":0},"south":{"uv":[7.125,9.5,7.5,10.5],"texture":"#2","tintindex":0,"rotation":0},"west":{"uv":[8.625,9.5,9.0,10.5],"texture":"#2","tintindex":0,"rotation":0},"up":{"uv":[13.0,4.5,12.625,4.125],"texture":"#2","tintindex":0,"rotation":0},"down":{"uv":[13.0,4.5,12.625,4.875],"texture":"#2","tintindex":0,"rotation":0}},"rotation":{"origin":[0.0,0.0,0.0],"angle":0.0,"axis":"x"}},{"from":[-6.8,2.8,4.4],"to":[-5.6,6.0,5.6],"origin":[0.0,0.0,0.0],"faces":{"north":{"uv":[9.25,8.5,9.625,9.5],"texture":"#2","tintindex":0,"rotation":0},"east":{"uv":[9.5,2.5,9.875,3.5],"texture":"#2","tintindex":0,"rotation":0},"south":{"uv":[9.5,3.5,9.875,4.5],"texture":"#2","tintindex":0,"rotation":0},"west":{"uv":[9.5,4.5,9.875,5.5],"texture":"#2","tintindex":0,"rotation":0},"up":{"uv":[13.0,3.75,12.625,3.375],"texture":"#2","tintindex":0,"rotation":0},"down":{"uv":[13.0,3.75,12.625,4.125],"texture":"#2","tintindex":0,"rotation":0}},"rotation":{"origin":[0.0,0.0,0.0],"angle":0.0,"axis":"x"}},{"from":[-5.6,2.8,5.6],"to":[-4.4,6.0,6.8],"origin":[0.0,0.0,0.0],"faces":{"north":{"uv":[9.25,8.5,9.625,9.5],"texture":"#2","tintindex":0,"rotation":0},"east":{"uv":[9.5,2.5,9.875,3.5],"texture":"#2","tintindex":0,"rotation":0},"south":{"uv":[9.5,3.5,9.875,4.5],"texture":"#2","tintindex":0,"rotation":0},"west":{"uv":[9.5,4.5,9.875,5.5],"texture":"#2","tintindex":0,"rotation":0},"up":{"uv":[13.0,3.75,12.625,3.375],"texture":"#2","tintindex":0,"rotation":0},"down":{"uv":[13.0,3.75,12.625,4.125],"texture":"#2","tintindex":0,"rotation":0}},"rotation":{"origin":[0.0,0.0,0.0],"angle":0.0,"axis":"x"}},{"from":[4.4,5.2,-5.6],"to":[5.6,8.4,-4.4],"origin":[0.0,0.0,0.0],"faces":{"north":{"uv":[9.5,5.5,9.875,6.5],"texture":"#2","tintindex":0,"rotation":0},"east":{"uv":[6.75,9.5,7.125,10.5],"texture":"#2","tintindex":0,"rotation":0},"south":{"uv":[7.125,9.5,7.5,10.5],"texture":"#2","tintindex":0,"rotation":0},"west":{"uv":[8.625,9.5,9.0,10.5],"texture":"#2","tintindex":0,"rotation":0},"up":{"uv":[13.0,4.5,12.625,4.125],"texture":"#2","tintindex":0,"rotation":0},"down":{"uv":[13.0,4.5,12.625,4.875],"texture":"#2","tintindex":0,"rotation":0}},"rotation":{"origin":[0.0,0.0,0.0],"angle":0.0,"axis":"x"}},{"from":[4.4,2.8,-6.8],"to":[5.6,6.0,-5.6],"origin":[0.0,0.0,0.0],"faces":{"north":{"uv":[9.5,5.5,9.875,6.5],"texture":"#2","tintindex":0,"rotation":0},"east":{"uv":[6.75,9.5,7.125,10.5],"texture":"#2","tintindex":0,"rotation":0},"south":{"uv":[7.125,9.5,7.5,10.5],"texture":"#2","tintindex":0,"rotation":0},"west":{"uv":[8.625,9.5,9.0,10.5],"texture":"#2","tintindex":0,"rotation":0},"up":{"uv":[13.0,4.5,12.625,4.125],"texture":"#2","tintindex":0,"rotation":0},"down":{"uv":[13.0,4.5,12.625,4.875],"texture":"#2","tintindex":0,"rotation":0}},"rotation":{"origin":[0.0,0.0,0.0],"angle":0.0,"axis":"x"}},{"from":[5.6,2.8,-5.6],"to":[6.8,6.0,-4.4],"origin":[0.0,0.0,0.0],"faces":{"north":{"uv":[9.5,5.5,9.875,6.5],"texture":"#2","tintindex":0,"rotation":0},"east":{"uv":[6.75,9.5,7.125,10.5],"texture":"#2","tintindex":0,"rotation":0},"south":{"uv":[7.125,9.5,7.5,10.5],"texture":"#2","tintindex":0,"rotation":0},"west":{"uv":[8.625,9.5,9.0,10.5],"texture":"#2","tintindex":0,"rotation":0},"up":{"uv":[13.0,4.5,12.625,4.125],"texture":"#2","tintindex":0,"rotation":0},"down":{"uv":[13.0,4.5,12.625,4.875],"texture":"#2","tintindex":0,"rotation":0}},"rotation":{"origin":[0.0,0.0,0.0],"angle":0.0,"axis":"x"}},{"from":[4.4,5.2,4.4],"to":[5.6,8.4,5.6],"origin":[0.0,0.0,0.0],"faces":{"north":{"uv":[9.0,9.5,9.375,10.5],"texture":"#2","tintindex":0,"rotation":0},"east":{"uv":[9.375,9.5,9.75,10.5],"texture":"#2","tintindex":0,"rotation":0},"south":{"uv":[9.625,6.5,10.0,7.5],"texture":"#2","tintindex":0,"rotation":0},"west":{"uv":[9.625,7.5,10.0,8.5],"texture":"#2","tintindex":0,"rotation":0},"up":{"uv":[13.0,5.25,12.625,4.875],"texture":"#2","tintindex":0,"rotation":0},"down":{"uv":[13.0,5.25,12.625,5.625],"texture":"#2","tintindex":0,"rotation":0}},"rotation":{"origin":[0.0,0.0,0.0],"angle":0.0,"axis":"x"}},{"from":[-4.4,6.0,4.4],"to":[-3.2,10.0,5.6],"origin":[0.0,0.0,0.0],"faces":{"north":{"uv":[1.125,7.75,1.5,9.0],"texture":"#2","tintindex":0,"rotation":0},"east":{"uv":[1.5,7.75,1.875,9.0],"texture":"#2","tintindex":0,"rotation":0},"south":{"uv":[1.875,7.75,2.25,9.0],"texture":"#2","tintindex":0,"rotation":0},"west":{"uv":[2.25,7.75,2.625,9.0],"texture":"#2","tintindex":0,"rotation":0},"up":{"uv":[13.0,6.0,12.625,5.625],"texture":"#2","tintindex":0,"rotation":0},"down":{"uv":[6.125,12.625,5.75,13.0],"texture":"#2","tintindex":0,"rotation":0}},"rotation":{"origin":[0.0,0.0,0.0],"angle":0.0,"axis":"x"}},{"from":[-4.4,6.0,-5.6],"to":[-3.2,10.0,-4.4],"origin":[0.0,0.0,0.0],"faces":{"north":{"uv":[2.625,7.75,3.0,9.0],"texture":"#2","tintindex":0,"rotation":0},"east":{"uv":[7.875,0.0,8.25,1.25],"texture":"#2","tintindex":0,"rotation":0},"south":{"uv":[7.875,1.25,8.25,2.5],"texture":"#2","tintindex":0,"rotation":0},"west":{"uv":[7.875,2.5,8.25,3.75],"texture":"#2","tintindex":0,"rotation":0},"up":{"uv":[13.0,6.375,12.625,6.0],"texture":"#2","tintindex":0,"rotation":0},"down":{"uv":[6.5,12.625,6.125,13.0],"texture":"#2","tintindex":0,"rotation":0}},"rotation":{"origin":[0.0,0.0,0.0],"angle":0.0,"axis":"x"}},{"from":[3.2,6.0,-5.6],"to":[4.4,10.0,-4.4],"origin":[0.0,0.0,0.0],"faces":{"north":{"uv":[7.875,3.75,8.25,5.0],"texture":"#2","tintindex":0,"rotation":0},"east":{"uv":[7.875,5.0,8.25,6.25],"texture":"#2","tintindex":0,"rotation":0},"south":{"uv":[7.875,6.25,8.25,7.5],"texture":"#2","tintindex":0,"rotation":0},"west":{"uv":[7.875,7.5,8.25,8.75],"texture":"#2","tintindex":0,"rotation":0},"up":{"uv":[13.0,6.75,12.625,6.375],"texture":"#2","tintindex":0,"rotation":0},"down":{"uv":[6.875,12.625,6.5,13.0],"texture":"#2","tintindex":0,"rotation":0}},"rotation":{"origin":[0.0,0.0,0.0],"angle":0.0,"axis":"x"}},{"from":[-3.2,5.2,-4.8],"to":[-2.4,8.8,-4.0],"origin":[0.0,0.0,0.0],"faces":{"north":{"uv":[2.75,11.125,3.0,12.25],"texture":"#2","tintindex":0,"rotation":0},"east":{"uv":[11.125,4.25,11.375,5.375],"texture":"#2","tintindex":0,"rotation":0},"south":{"uv":[6.0,11.125,6.25,12.25],"texture":"#2","tintindex":0,"rotation":0},"west":{"uv":[6.25,11.125,6.5,12.25],"texture":"#2","tintindex":0,"rotation":0},"up":{"uv":[1.875,13.375,1.625,13.125],"texture":"#2","tintindex":0,"rotation":0},"down":{"uv":[13.375,6.625,13.125,6.875],"texture":"#2","tintindex":0,"rotation":0}},"rotation":{"origin":[0.0,0.0,0.0],"angle":0.0,"axis":"x"}},{"from":[-3.2,5.2,4.0],"to":[-2.4,8.8,4.8],"origin":[0.0,0.0,0.0],"faces":{"north":{"uv":[6.5,11.125,6.75,12.25],"texture":"#2","tintindex":0,"rotation":0},"east":{"uv":[8.25,11.125,8.5,12.25],"texture":"#2","tintindex":0,"rotation":0},"south":{"uv":[9.75,11.125,10.0,12.25],"texture":"#2","tintindex":0,"rotation":0},"west":{"uv":[11.25,0.0,11.5,1.125],"texture":"#2","tintindex":0,"rotation":0},"up":{"uv":[7.0,13.375,6.75,13.125],"texture":"#2","tintindex":0,"rotation":0},"down":{"uv":[13.375,6.875,13.125,7.125],"texture":"#2","tintindex":0,"rotation":0}},"rotation":{"origin":[0.0,0.0,0.0],"angle":0.0,"axis":"x"}},{"from":[-3.2,3.6,-5.6],"to":[-2.4,7.2,-4.8],"origin":[0.0,0.0,0.0],"faces":{"north":{"uv":[3.0,11.25,3.25,12.375],"texture":"#2","tintindex":0,"rotation":0},"east":{"uv":[3.25,11.25,3.5,12.375],"texture":"#2","tintindex":0,"rotation":0},"south":{"uv":[3.5,11.25,3.75,12.375],"texture":"#2","tintindex":0,"rotation":0},"west":{"uv":[3.75,11.25,4.0,12.375],"texture":"#2","tintindex":0,"rotation":0},"up":{"uv":[7.25,13.375,7.0,13.125],"texture":"#2","tintindex":0,"rotation":0},"down":{"uv":[13.375,7.125,13.125,7.375],"texture":"#2","tintindex":0,"rotation":0}},"rotation":{"origin":[0.0,0.0,0.0],"angle":0.0,"axis":"x"}},{"from":[-3.2,3.6,4.8],"to":[-2.4,7.2,5.6],"origin":[0.0,0.0,0.0],"faces":{"north":{"uv":[4.0,11.25,4.25,12.375],"texture":"#2","tintindex":0,"rotation":0},"east":{"uv":[4.25,11.25,4.5,12.375],"texture":"#2","tintindex":0,"rotation":0},"south":{"uv":[4.5,11.25,4.75,12.375],"texture":"#2","tintindex":0,"rotation":0},"west":{"uv":[4.75,11.25,5.0,12.375],"texture":"#2","tintindex":0,"rotation":0},"up":{"uv":[7.5,13.375,7.25,13.125],"texture":"#2","tintindex":0,"rotation":0},"down":{"uv":[13.375,7.375,13.125,7.625],"texture":"#2","tintindex":0,"rotation":0}},"rotation":{"origin":[0.0,0.0,0.0],"angle":0.0,"axis":"x"}},{"from":[-3.2,3.6,-6.4],"to":[-2.4,5.6,-5.6],"origin":[0.0,0.0,0.0],"faces":{"north":{"uv":[12.0,8.5,12.25,9.125],"texture":"#2","tintindex":0,"rotation":0},"east":{"uv":[12.0,9.125,12.25,9.75],"texture":"#2","tintindex":0,"rotation":0},"south":{"uv":[12.0,11.0,12.25,11.625],"texture":"#2","tintindex":0,"rotation":0},"west":{"uv":[12.0,11.625,12.25,12.25],"texture":"#2","tintindex":0,"rotation":0},"up":{"uv":[7.75,13.375,7.5,13.125],"texture":"#2","tintindex":0,"rotation":0},"down":{"uv":[13.375,7.625,13.125,7.875],"texture":"#2","tintindex":0,"rotation":0}},"rotation":{"origin":[0.0,0.0,0.0],"angle":0.0,"axis":"x"}},{"from":[-3.2,3.6,5.6],"to":[-2.4,5.6,6.4],"origin":[0.0,0.0,0.0],"faces":{"north":{"uv":[12.125,0.0,12.375,0.625],"texture":"#2","tintindex":0,"rotation":0},"east":{"uv":[12.125,0.625,12.375,1.25],"texture":"#2","tintindex":0,"rotation":0},"south":{"uv":[12.125,9.75,12.375,10.375],"texture":"#2","tintindex":0,"rotation":0},"west":{"uv":[10.25,12.125,10.5,12.75],"texture":"#2","tintindex":0,"rotation":0},"up":{"uv":[8.0,13.375,7.75,13.125],"texture":"#2","tintindex":0,"rotation":0},"down":{"uv":[13.375,7.875,13.125,8.125],"texture":"#2","tintindex":0,"rotation":0}},"rotation":{"origin":[0.0,0.0,0.0],"angle":0.0,"axis":"x"}},{"from":[2.4,6.8,3.2],"to":[3.2,10.4,4.0],"origin":[0.0,0.0,0.0],"faces":{"north":{"uv":[5.0,11.25,5.25,12.375],"texture":"#2","tintindex":0,"rotation":0},"east":{"uv":[5.25,11.25,5.5,12.375],"texture":"#2","tintindex":0,"rotation":0},"south":{"uv":[11.25,5.375,11.5,6.5],"texture":"#2","tintindex":0,"rotation":0},"west":{"uv":[5.5,11.25,5.75,12.375],"texture":"#2","tintindex":0,"rotation":0},"up":{"uv":[8.25,13.375,8.0,13.125],"texture":"#2","tintindex":0,"rotation":0},"down":{"uv":[13.375,8.125,13.125,8.375],"texture":"#2","tintindex":0,"rotation":0}},"rotation":{"origin":[0.0,0.0,0.0],"angle":0.0,"axis":"x"}},{"from":[2.4,5.2,4.0],"to":[3.2,8.8,4.8],"origin":[0.0,0.0,0.0],"faces":{"north":{"uv":[5.75,11.25,6.0,12.375],"texture":"#2","tintindex":0,"rotation":0},"east":{"uv":[11.25,6.5,11.5,7.625],"texture":"#2","tintindex":0,"rotation":0},"south":{"uv":[7.5,11.25,7.75,12.375],"texture":"#2","tintindex":0,"rotation":0},"west":{"uv":[11.25,7.625,11.5,8.75],"texture":"#2","tintindex":0,"rotation":0},"up":{"uv":[8.5,13.375,8.25,13.125],"texture":"#2","tintindex":0,"rotation":0},"down":{"uv":[13.375,8.375,13.125,8.625],"texture":"#2","tintindex":0,"rotation":0}},"rotation":{"origin":[0.0,0.0,0.0],"angle":0.0,"axis":"x"}},{"from":[2.4,3.6,4.8],"to":[3.2,7.2,5.6],"origin":[0.0,0.0,0.0],"faces":{"north":{"uv":[7.75,11.25,8.0,12.375],"texture":"#2","tintindex":0,"rotation":0},"east":{"uv":[8.0,11.25,8.25,12.375],"texture":"#2","tintindex":0,"rotation":0},"south":{"uv":[11.25,8.75,11.5,9.875],"texture":"#2","tintindex":0,"rotation":0},"west":{"uv":[11.25,9.875,11.5,11.0],"texture":"#2","tintindex":0,"rotation":0},"up":{"uv":[8.75,13.375,8.5,13.125],"texture":"#2","tintindex":0,"rotation":0},"down":{"uv":[13.375,8.625,13.125,8.875],"texture":"#2","tintindex":0,"rotation":0}},"rotation":{"origin":[0.0,0.0,0.0],"angle":0.0,"axis":"x"}},{"from":[2.4,3.6,5.6],"to":[3.2,5.6,6.4],"origin":[0.0,0.0,0.0],"faces":{"north":{"uv":[12.125,10.375,12.375,11.0],"texture":"#2","tintindex":0,"rotation":0},"east":{"uv":[10.5,12.125,10.75,12.75],"texture":"#2","tintindex":0,"rotation":0},"south":{"uv":[10.75,12.125,11.0,12.75],"texture":"#2","tintindex":0,"rotation":0},"west":{"uv":[11.0,12.125,11.25,12.75],"texture":"#2","tintindex":0,"rotation":0},"up":{"uv":[9.0,13.375,8.75,13.125],"texture":"#2","tintindex":0,"rotation":0},"down":{"uv":[13.375,8.875,13.125,9.125],"texture":"#2","tintindex":0,"rotation":0}},"rotation":{"origin":[0.0,0.0,0.0],"angle":0.0,"axis":"x"}},{"from":[3.2,12.8,-3.2],"to":[4.0,14.0,-2.4],"origin":[0.0,0.0,0.0],"faces":{"north":{"uv":[10.25,12.75,10.5,13.125],"texture":"#2","tintindex":0,"rotation":0},"east":{"uv":[12.75,10.375,13.0,10.75],"texture":"#2","tintindex":0,"rotation":0},"south":{"uv":[10.5,12.75,10.75,13.125],"texture":"#2","tintindex":0,"rotation":0},"west":{"uv":[10.75,12.75,11.0,13.125],"texture":"#2","tintindex":0,"rotation":0},"up":{"uv":[9.25,13.375,9.0,13.125],"texture":"#2","tintindex":0,"rotation":0},"down":{"uv":[9.5,13.125,9.25,13.375],"texture":"#2","tintindex":0,"rotation":0}},"rotation":{"origin":[0.0,0.0,0.0],"angle":0.0,"axis":"x"}},{"from":[2.4,12.8,-4.0],"to":[3.2,14.0,-3.2],"origin":[0.0,0.0,0.0],"faces":{"north":{"uv":[11.0,12.75,11.25,13.125],"texture":"#2","tintindex":0,"rotation":0},"east":{"uv":[12.75,12.0,13.0,12.375],"texture":"#2","tintindex":0,"rotation":0},"south":{"uv":[12.75,12.375,13.0,12.75],"texture":"#2","tintindex":0,"rotation":0},"west":{"uv":[12.75,12.75,13.0,13.125],"texture":"#2","tintindex":0,"rotation":0},"up":{"uv":[10.0,13.375,9.75,13.125],"texture":"#2","tintindex":0,"rotation":0},"down":{"uv":[10.5,13.125,10.25,13.375],"texture":"#2","tintindex":0,"rotation":0}},"rotation":{"origin":[0.0,0.0,0.0],"angle":0.0,"axis":"x"}},{"from":[2.4,12.8,3.2],"to":[3.2,14.0,4.0],"origin":[0.0,0.0,0.0],"faces":{"north":{"uv":[12.625,11.5,12.875,12.0],"texture":"#2","tintindex":0,"rotation":0},"east":{"uv":[12.0,12.625,12.25,13.0],"texture":"#2","tintindex":0,"rotation":0},"south":{"uv":[12.75,0.0,13.0,0.5],"texture":"#2","tintindex":0,"rotation":0},"west":{"uv":[12.75,0.5,13.0,1.0],"texture":"#2","tintindex":0,"rotation":0},"up":{"uv":[10.75,13.375,10.5,13.125],"texture":"#2","tintindex":0,"rotation":0},"down":{"uv":[11.0,13.125,10.75,13.375],"texture":"#2","tintindex":0,"rotation":0}},"rotation":{"origin":[0.0,0.0,0.0],"angle":0.0,"axis":"x"}},{"from":[-4.0,12.8,2.4],"to":[-3.2,14.0,3.2],"origin":[0.0,0.0,0.0],"faces":{"north":{"uv":[12.875,1.0,13.125,1.375],"texture":"#2","tintindex":0,"rotation":0},"east":{"uv":[12.875,6.75,13.125,7.125],"texture":"#2","tintindex":0,"rotation":0},"south":{"uv":[12.875,7.125,13.125,7.5],"texture":"#2","tintindex":0,"rotation":0},"west":{"uv":[12.875,7.5,13.125,7.875],"texture":"#2","tintindex":0,"rotation":0},"up":{"uv":[13.375,11.0,13.125,10.75],"texture":"#2","tintindex":0,"rotation":0},"down":{"uv":[11.25,13.125,11.0,13.375],"texture":"#2","tintindex":0,"rotation":0}},"rotation":{"origin":[0.0,0.0,0.0],"angle":0.0,"axis":"x"}},{"from":[-4.0,12.8,-3.2],"to":[-3.2,14.0,-2.4],"origin":[0.0,0.0,0.0],"faces":{"north":{"uv":[12.875,7.875,13.125,8.25],"texture":"#2","tintindex":0,"rotation":0},"east":{"uv":[12.875,8.25,13.125,8.625],"texture":"#2","tintindex":0,"rotation":0},"south":{"uv":[12.875,8.625,13.125,9.0],"texture":"#2","tintindex":0,"rotation":0},"west":{"uv":[10.0,12.875,10.25,13.25],"texture":"#2","tintindex":0,"rotation":0},"up":{"uv":[13.375,11.25,13.125,11.0],"texture":"#2","tintindex":0,"rotation":0},"down":{"uv":[11.5,13.125,11.25,13.375],"texture":"#2","tintindex":0,"rotation":0}},"rotation":{"origin":[0.0,0.0,0.0],"angle":0.0,"axis":"x"}},{"from":[-3.2,12.8,3.2],"to":[-2.4,14.0,4.0],"origin":[0.0,0.0,0.0],"faces":{"north":{"uv":[12.875,10.75,13.125,11.125],"texture":"#2","tintindex":0,"rotation":0},"east":{"uv":[12.875,11.125,13.125,11.5],"texture":"#2","tintindex":0,"rotation":0},"south":{"uv":[12.875,11.5,13.125,11.875],"texture":"#2","tintindex":0,"rotation":0},"west":{"uv":[12.25,12.875,12.5,13.25],"texture":"#2","tintindex":0,"rotation":0},"up":{"uv":[13.375,11.5,13.125,11.25],"texture":"#2","tintindex":0,"rotation":0},"down":{"uv":[13.375,11.5,13.125,11.75],"texture":"#2","tintindex":0,"rotation":0}},"rotation":{"origin":[0.0,0.0,0.0],"angle":0.0,"axis":"x"}},{"from":[3.2,6.8,-2.4],"to":[4.0,8.4,2.4],"origin":[0.0,0.0,0.0],"faces":{"north":{"uv":[2.75,12.75,3.0,13.25],"texture":"#2","tintindex":0,"rotation":0},"east":{"uv":[5.25,1.0,6.75,1.5],"texture":"#2","tintindex":0,"rotation":0},"south":{"uv":[3.0,12.75,3.25,13.25],"texture":"#2","tintindex":0,"rotation":0},"west":{"uv":[5.25,1.5,6.75,2.0],"texture":"#2","tintindex":0,"rotation":0},"up":{"uv":[10.0,1.5,9.75,0.0],"texture":"#2","tintindex":0,"rotation":0},"down":{"uv":[7.75,9.75,7.5,11.25],"texture":"#2","tintindex":0,"rotation":0}},"rotation":{"origin":[0.0,0.0,0.0],"angle":0.0,"axis":"x"}},{"from":[4.0,5.2,-2.4],"to":[4.8,6.8,2.4],"origin":[0.0,0.0,0.0],"faces":{"north":{"uv":[3.25,12.75,3.5,13.25],"texture":"#2","tintindex":0,"rotation":0},"east":{"uv":[5.25,2.0,6.75,2.5],"texture":"#2","tintindex":0,"rotation":0},"south":{"uv":[3.5,12.75,3.75,13.25],"texture":"#2","tintindex":0,"rotation":0},"west":{"uv":[5.25,2.5,6.75,3.0],"texture":"#2","tintindex":0,"rotation":0},"up":{"uv":[8.0,11.25,7.75,9.75],"texture":"#2","tintindex":0,"rotation":0},"down":{"uv":[8.25,9.75,8.0,11.25],"texture":"#2","tintindex":0,"rotation":0}},"rotation":{"origin":[0.0,0.0,0.0],"angle":0.0,"axis":"x"}},{"from":[4.8,3.6,-2.4],"to":[5.6,5.2,2.4],"origin":[0.0,0.0,0.0],"faces":{"north":{"uv":[3.75,12.75,4.0,13.25],"texture":"#2","tintindex":0,"rotation":0},"east":{"uv":[5.25,3.0,6.75,3.5],"texture":"#2","tintindex":0,"rotation":0},"south":{"uv":[4.0,12.75,4.25,13.25],"texture":"#2","tintindex":0,"rotation":0},"west":{"uv":[5.25,3.5,6.75,4.0],"texture":"#2","tintindex":0,"rotation":0},"up":{"uv":[10.0,10.0,9.75,8.5],"texture":"#2","tintindex":0,"rotation":0},"down":{"uv":[10.125,1.5,9.875,3.0],"texture":"#2","tintindex":0,"rotation":0}},"rotation":{"origin":[0.0,0.0,0.0],"angle":0.0,"axis":"x"}},{"from":[-2.4,9.6,-2.4],"to":[2.4,10.8,2.4],"origin":[0.0,0.0,0.0],"faces":{"north":{"uv":[3.0,6.0,4.5,6.375],"texture":"#2","tintindex":0,"rotation":0},"east":{"uv":[6.0,4.0,7.5,4.375],"texture":"#2","tintindex":0,"rotation":0},"south":{"uv":[6.0,4.375,7.5,4.75],"texture":"#2","tintindex":0,"rotation":0},"west":{"uv":[4.5,6.0,6.0,6.375],"texture":"#2","tintindex":0,"rotation":0},"up":{"uv":[1.5,1.5,0.0,0.0],"texture":"#2","tintindex":0,"rotation":0},"down":{"uv":[1.5,1.5,0.0,3.0],"texture":"#2","tintindex":0,"rotation":0}},"rotation":{"origin":[0.0,0.0,0.0],"angle":0.0,"axis":"x"}},{"from":[-2.4,8.4,-3.2],"to":[2.4,10.0,-2.4],"origin":[0.0,0.0,0.0],"faces":{"north":{"uv":[0.0,5.5,1.5,6.0],"texture":"#2","tintindex":0,"rotation":0},"east":{"uv":[4.25,12.75,4.5,13.25],"texture":"#2","tintindex":0,"rotation":0},"south":{"uv":[1.5,5.5,3.0,6.0],"texture":"#2","tintindex":0,"rotation":0},"west":{"uv":[4.5,12.75,4.75,13.25],"texture":"#2","tintindex":0,"rotation":0},"up":{"uv":[4.5,10.125,3.0,9.875],"texture":"#2","tintindex":0,"rotation":0},"down":{"uv":[11.375,3.0,9.875,3.25],"texture":"#2","tintindex":0,"rotation":0}},"rotation":{"origin":[0.0,0.0,0.0],"angle":0.0,"axis":"x"}},{"from":[-2.4,6.8,-4.0],"to":[2.4,8.4,-3.2],"origin":[0.0,0.0,0.0],"faces":{"north":{"uv":[3.0,5.5,4.5,6.0],"texture":"#2","tintindex":0,"rotation":0},"east":{"uv":[4.75,12.75,5.0,13.25],"texture":"#2","tintindex":0,"rotation":0},"south":{"uv":[4.5,5.5,6.0,6.0],"texture":"#2","tintindex":0,"rotation":0},"west":{"uv":[5.0,12.75,5.25,13.25],"texture":"#2","tintindex":0,"rotation":0},"up":{"uv":[11.375,3.5,9.875,3.25],"texture":"#2","tintindex":0,"rotation":0},"down":{"uv":[11.375,3.5,9.875,3.75],"texture":"#2","tintindex":0,"rotation":0}},"rotation":{"origin":[0.0,0.0,0.0],"angle":0.0,"axis":"x"}},{"from":[-2.4,5.2,-4.8],"to":[2.4,6.8,-4.0],"origin":[0.0,0.0,0.0],"faces":{"north":{"uv":[0.0,6.0,1.5,6.5],"texture":"#2","tintindex":0,"rotation":0},"east":{"uv":[5.25,12.75,5.5,13.25],"texture":"#2","tintindex":0,"rotation":0},"south":{"uv":[1.5,6.0,3.0,6.5],"texture":"#2","tintindex":0,"rotation":0},"west":{"uv":[5.5,12.75,5.75,13.25],"texture":"#2","tintindex":0,"rotation":0},"up":{"uv":[11.375,4.0,9.875,3.75],"texture":"#2","tintindex":0,"rotation":0},"down":{"uv":[11.375,4.0,9.875,4.25],"texture":"#2","tintindex":0,"rotation":0}},"rotation":{"origin":[0.0,0.0,0.0],"angle":0.0,"axis":"x"}},{"from":[-2.4,3.6,-5.6],"to":[2.4,5.2,-4.8],"origin":[0.0,0.0,0.0],"faces":{"north":{"uv":[1.5,0.0,3.0,0.5],"texture":"#2","tintindex":0,"rotation":0},"east":{"uv":[8.25,8.5,8.5,9.0],"texture":"#2","tintindex":0,"rotation":0},"south":{"uv":[1.5,0.5,3.0,1.0],"texture":"#2","tintindex":0,"rotation":0},"west":{"uv":[8.625,9.0,8.875,9.5],"texture":"#2","tintindex":0,"rotation":0},"up":{"uv":[9.75,0.25,8.25,0.0],"texture":"#2","tintindex":0,"rotation":0},"down":{"uv":[9.75,0.25,8.25,0.5],"texture":"#2","tintindex":0,"rotation":0}},"rotation":{"origin":[0.0,0.0,0.0],"angle":0.0,"axis":"x"}}],"display":{"head":{"scale":[4.0,4.0,4.0],"translation":[32.0,25.5,32.0]}}}