{"textures":{"0":"freeminecraftmodels:entity/etd_down_arrow_texture"},"elements":[{"from":[-0.4,0.0,-0.4],"to":[0.4,0.4,0.4],"origin":[0.0,0.0,0.0],"faces":{"north":{"uv":[10.0,11.5,10.5,11.75],"texture":"#0","tintindex":0,"rotation":0},"east":{"uv":[11.5,10.0,12.0,10.25],"texture":"#0","tintindex":0,"rotation":0},"south":{"uv":[11.5,10.25,12.0,10.5],"texture":"#0","tintindex":0,"rotation":0},"west":{"uv":[10.5,11.5,11.0,11.75],"texture":"#0","tintindex":0,"rotation":0},"up":{"uv":[3.5,9.5,3.0,9.0],"texture":"#0","tintindex":0,"rotation":0},"down":{"uv":[4.0,9.0,3.5,9.5],"texture":"#0","tintindex":0,"rotation":0}},"rotation":{"origin":[0.0,0.0,0.0],"angle":0.0,"axis":"x"}},{"from":[-0.8,0.4,-0.8],"to":[0.8,0.8,0.8],"origin":[0.0,0.0,0.0],"faces":{"north":{"uv":[3.0,9.5,4.0,9.75],"texture":"#0","tintindex":0,"rotation":0},"east":{"uv":[3.0,9.75,4.0,10.0],"texture":"#0","tintindex":0,"rotation":0},"south":{"uv":[11.5,9.5,12.5,9.75],"texture":"#0","tintindex":0,"rotation":0},"west":{"uv":[11.5,9.75,12.5,10.0],"texture":"#0","tintindex":0,"rotation":0},"up":{"uv":[8.5,7.0,7.5,6.0],"texture":"#0","tintindex":0,"rotation":0},"down":{"uv":[4.0,8.0,3.0,9.0],"texture":"#0","tintindex":0,"rotation":0}},"rotation":{"origin":[0.0,0.0,0.0],"angle":0.0,"axis":"x"}},{"from":[-1.2,0.8,-1.2],"to":[1.2,1.2,1.2],"origin":[0.0,0.0,0.0],"faces":{"north":{"uv":[8.5,6.0,10.0,6.25],"texture":"#0","tintindex":0,"rotation":0},"east":{"uv":[8.5,6.25,10.0,6.5],"texture":"#0","tintindex":0,"rotation":0},"south":{"uv":[8.5,6.5,10.0,6.75],"texture":"#0","tintindex":0,"rotation":0},"west":{"uv":[8.5,6.75,10.0,7.0],"texture":"#0","tintindex":0,"rotation":0},"up":{"uv":[11.5,9.5,10.0,8.0],"texture":"#0","tintindex":0,"rotation":0},"down":{"uv":[11.5,9.5,10.0,11.0],"texture":"#0","tintindex":0,"rotation":0}},"rotation":{"origin":[0.0,0.0,0.0],"angle":0.0,"axis":"x"}},{"from":[-1.6,1.2,-1.6],"to":[1.6,1.6,1.6],"origin":[0.0,0.0,0.0],"faces":{"north":{"uv":[11.5,8.5,13.5,8.75],"texture":"#0","tintindex":0,"rotation":0},"east":{"uv":[11.5,8.75,13.5,9.0],"texture":"#0","tintindex":0,"rotation":0},"south":{"uv":[11.5,9.0,13.5,9.25],"texture":"#0","tintindex":0,"rotation":0},"west":{"uv":[11.5,9.25,13.5,9.5],"texture":"#0","tintindex":0,"rotation":0},"up":{"uv":[12.0,8.0,10.0,6.0],"texture":"#0","tintindex":0,"rotation":0},"down":{"uv":[10.0,10.0,8.0,12.0],"texture":"#0","tintindex":0,"rotation":0}},"rotation":{"origin":[0.0,0.0,0.0],"angle":0.0,"axis":"x"}},{"from":[-2.0,1.6,-2.0],"to":[2.0,2.0,2.0],"origin":[0.0,0.0,0.0],"faces":{"north":{"uv":[10.0,11.0,12.5,11.25],"texture":"#0","tintindex":0,"rotation":0},"east":{"uv":[10.0,11.25,12.5,11.5],"texture":"#0","tintindex":0,"rotation":0},"south":{"uv":[11.5,8.0,14.0,8.25],"texture":"#0","tintindex":0,"rotation":0},"west":{"uv":[11.5,8.25,14.0,8.5],"texture":"#0","tintindex":0,"rotation":0},"up":{"uv":[5.5,12.5,3.0,10.0],"texture":"#0","tintindex":0,"rotation":0},"down":{"uv":[8.0,10.0,5.5,12.5],"texture":"#0","tintindex":0,"rotation":0}},"rotation":{"origin":[0.0,0.0,0.0],"angle":0.0,"axis":"x"}},{"from":[-2.4,2.0,-2.4],"to":[2.4,2.4,2.4],"origin":[0.0,0.0,0.0],"faces":{"north":{"uv":[10.5,5.0,13.5,5.25],"texture":"#0","tintindex":0,"rotation":0},"east":{"uv":[10.5,5.25,13.5,5.5],"texture":"#0","tintindex":0,"rotation":0},"south":{"uv":[10.5,5.5,13.5,5.75],"texture":"#0","tintindex":0,"rotation":0},"west":{"uv":[10.5,5.75,13.5,6.0],"texture":"#0","tintindex":0,"rotation":0},"up":{"uv":[7.0,10.0,4.0,7.0],"texture":"#0","tintindex":0,"rotation":0},"down":{"uv":[10.0,7.0,7.0,10.0],"texture":"#0","tintindex":0,"rotation":0}},"rotation":{"origin":[0.0,0.0,0.0],"angle":0.0,"axis":"x"}},{"from":[-2.8,2.4,-2.8],"to":[2.8,2.8,2.8],"origin":[0.0,0.0,0.0],"faces":{"north":{"uv":[10.5,4.0,14.0,4.25],"texture":"#0","tintindex":0,"rotation":0},"east":{"uv":[10.5,4.25,14.0,4.5],"texture":"#0","tintindex":0,"rotation":0},"south":{"uv":[10.5,4.5,14.0,4.75],"texture":"#0","tintindex":0,"rotation":0},"west":{"uv":[10.5,4.75,14.0,5.0],"texture":"#0","tintindex":0,"rotation":0},"up":{"uv":[7.5,3.5,4.0,0.0],"texture":"#0","tintindex":0,"rotation":0},"down":{"uv":[7.5,3.5,4.0,7.0],"texture":"#0","tintindex":0,"rotation":0}},"rotation":{"origin":[0.0,0.0,0.0],"angle":0.0,"axis":"x"}},{"from":[-3.2,2.8,-3.2],"to":[3.2,3.2,3.2],"origin":[0.0,0.0,0.0],"faces":{"north":{"uv":[10.5,3.0,14.5,3.25],"texture":"#0","tintindex":0,"rotation":0},"east":{"uv":[10.5,3.25,14.5,3.5],"texture":"#0","tintindex":0,"rotation":0},"south":{"uv":[10.5,3.5,14.5,3.75],"texture":"#0","tintindex":0,"rotation":0},"west":{"uv":[10.5,3.75,14.5,4.0],"texture":"#0","tintindex":0,"rotation":0},"up":{"uv":[4.0,4.0,0.0,0.0],"texture":"#0","tintindex":0,"rotation":0},"down":{"uv":[4.0,4.0,0.0,8.0],"texture":"#0","tintindex":0,"rotation":0}},"rotation":{"origin":[0.0,0.0,0.0],"angle":0.0,"axis":"x"}},{"from":[-1.2,3.2,-1.2],"to":[1.2,12.8,1.2],"origin":[0.0,0.0,0.0],"faces":{"north":{"uv":[7.5,0.0,9.0,6.0],"texture":"#0","tintindex":0,"rotation":0},"east":{"uv":[0.0,8.0,1.5,14.0],"texture":"#0","tintindex":0,"rotation":0},"south":{"uv":[1.5,8.0,3.0,14.0],"texture":"#0","tintindex":0,"rotation":0},"west":{"uv":[9.0,0.0,10.5,6.0],"texture":"#0","tintindex":0,"rotation":0},"up":{"uv":[12.0,1.5,10.5,0.0],"texture":"#0","tintindex":0,"rotation":0},"down":{"uv":[12.0,1.5,10.5,3.0],"texture":"#0","tintindex":0,"rotation":0}},"rotation":{"origin":[0.0,0.0,0.0],"angle":0.0,"axis":"x"}}],"display":{"head":{"scale":[4.0,4.0,4.0],"translation":[32.0,25.5,32.0]}}}