{"textures":{"0":"freeminecraftmodels:entity/attachment_ice_box"},"elements":[{"from":[1.2,24.4,1.2],"to":[3.6,26.799999999999997,3.6],"origin":[6.0,80.0,7.6],"faces":{"north":{"uv":[3.5,0.0,6.5,3.0],"texture":"#0","tintindex":0,"rotation":0},"east":{"uv":[3.5,3.0,6.5,6.0],"texture":"#0","tintindex":0,"rotation":0},"south":{"uv":[3.5,6.0,6.5,9.0],"texture":"#0","tintindex":0,"rotation":0},"west":{"uv":[6.5,0.0,9.5,3.0],"texture":"#0","tintindex":0,"rotation":0},"up":{"uv":[9.5,6.0,6.5,3.0],"texture":"#0","tintindex":0,"rotation":0},"down":{"uv":[9.5,6.0,6.5,9.0],"texture":"#0","tintindex":0,"rotation":0}},"rotation":{"origin":[2.4000000000000004,28.4,3.04],"angle":0.0,"axis":"x"}},{"from":[1.6,26.799999999999997,1.6],"to":[3.2,28.4,3.2],"origin":[6.0,80.0,7.6],"faces":{"north":{"uv":[0.0,12.0,2.0,14.0],"texture":"#0","tintindex":0,"rotation":0},"east":{"uv":[12.0,0.0,14.0,2.0],"texture":"#0","tintindex":0,"rotation":0},"south":{"uv":[12.0,2.0,14.0,4.0],"texture":"#0","tintindex":0,"rotation":0},"west":{"uv":[12.0,4.0,14.0,6.0],"texture":"#0","tintindex":0,"rotation":0},"up":{"uv":[14.0,8.0,12.0,6.0],"texture":"#0","tintindex":0,"rotation":0},"down":{"uv":[14.5,8.0,12.5,10.0],"texture":"#0","tintindex":0,"rotation":0}},"rotation":{"origin":[2.4000000000000004,28.4,3.04],"angle":0.0,"axis":"x"}},{"from":[2.8177,26.0782,2.2],"to":[3.2177,27.678199999999997,2.6],"rotation":{"origin":[2.4000000000000004,28.4,3.04],"angle":22.5,"axis":"z"},"origin":[6.0,80.0,7.6],"faces":{"north":{"uv":[2.5,7.0,3.0,9.0],"texture":"#0","tintindex":0,"rotation":0},"east":{"uv":[3.0,7.0,3.5,9.0],"texture":"#0","tintindex":0,"rotation":0},"south":{"uv":[2.0,12.0,2.5,14.0],"texture":"#0","tintindex":0,"rotation":0},"west":{"uv":[2.5,13.5,3.0,15.5],"texture":"#0","tintindex":0,"rotation":0},"up":{"uv":[10.0,9.0,9.5,8.5],"texture":"#0","tintindex":0,"rotation":0},"down":{"uv":[12.5,8.0,12.0,8.5],"texture":"#0","tintindex":0,"rotation":0}}},{"from":[1.5823,26.0782,2.2],"to":[1.9823,27.678199999999997,2.6],"rotation":{"origin":[2.4000000000000004,28.4,3.04],"angle":-22.5,"axis":"z"},"origin":[6.0,80.0,7.6],"faces":{"north":{"uv":[3.0,13.5,3.5,15.5],"texture":"#0","tintindex":0,"rotation":0},"east":{"uv":[3.5,13.5,4.0,15.5],"texture":"#0","tintindex":0,"rotation":0},"south":{"uv":[4.0,13.5,4.5,15.5],"texture":"#0","tintindex":0,"rotation":0},"west":{"uv":[4.5,13.5,5.0,15.5],"texture":"#0","tintindex":0,"rotation":0},"up":{"uv":[10.5,14.0,10.0,13.5],"texture":"#0","tintindex":0,"rotation":0},"down":{"uv":[11.0,13.5,10.5,14.0],"texture":"#0","tintindex":0,"rotation":0}}},{"from":[2.2,29.0,3.2],"to":[2.6,29.4,4.16],"origin":[6.0,80.0,7.6],"faces":{"north":{"uv":[11.0,13.5,11.5,14.0],"texture":"#0","tintindex":0,"rotation":0},"east":{"uv":[6.0,13.5,7.25,14.0],"texture":"#0","tintindex":0,"rotation":0},"south":{"uv":[11.5,13.5,12.0,14.0],"texture":"#0","tintindex":0,"rotation":0},"west":{"uv":[7.5,13.5,8.75,14.0],"texture":"#0","tintindex":0,"rotation":0},"up":{"uv":[9.5,14.75,9.0,13.5],"texture":"#0","tintindex":0,"rotation":0},"down":{"uv":[10.0,13.5,9.5,14.75],"texture":"#0","tintindex":0,"rotation":0}},"rotation":{"origin":[2.4000000000000004,28.4,3.04],"angle":0.0,"axis":"x"}},{"from":[2.44,27.2,3.44],"to":[2.84,28.4,3.48],"origin":[6.0,80.0,7.6],"faces":{"north":{"uv":[5.0,13.5,5.5,15.0],"texture":"#0","tintindex":0,"rotation":0},"east":{"uv":[0.0,0.0,0.0,1.5],"texture":"#0","tintindex":0,"rotation":0},"south":{"uv":[5.5,13.5,6.0,15.0],"texture":"#0","tintindex":0,"rotation":0},"west":{"uv":[0.0,0.0,0.0,1.5],"texture":"#0","tintindex":0,"rotation":0},"up":{"uv":[0.5,0.0,0.0,0.0],"texture":"#0","tintindex":0,"rotation":0},"down":{"uv":[0.5,0.0,0.0,0.0],"texture":"#0","tintindex":0,"rotation":0}},"rotation":{"origin":[2.4000000000000004,28.4,3.04],"angle":0.0,"axis":"x"}},{"from":[1.5,28.4,1.5],"to":[3.3,30.0,3.3],"origin":[6.0,80.0,7.6],"faces":{"north":{"uv":[9.5,2.5,11.75,4.5],"texture":"#0","tintindex":0,"rotation":0},"east":{"uv":[9.5,4.5,11.75,6.5],"texture":"#0","tintindex":0,"rotation":0},"south":{"uv":[9.5,6.5,11.75,8.5],"texture":"#0","tintindex":0,"rotation":0},"west":{"uv":[10.0,8.5,12.25,10.5],"texture":"#0","tintindex":0,"rotation":0},"up":{"uv":[7.25,11.25,5.0,9.0],"texture":"#0","tintindex":0,"rotation":0},"down":{"uv":[9.75,9.0,7.5,11.25],"texture":"#0","tintindex":0,"rotation":0}},"rotation":{"origin":[2.4000000000000004,28.4,3.04],"angle":0.0,"axis":"x"}},{"from":[1.4,28.0,1.4],"to":[3.4,28.4,3.4],"origin":[6.0,80.0,7.6],"faces":{"north":{"uv":[12.5,11.5,15.0,12.0],"texture":"#0","tintindex":0,"rotation":0},"east":{"uv":[12.5,12.0,15.0,12.5],"texture":"#0","tintindex":0,"rotation":0},"south":{"uv":[10.0,13.0,12.5,13.5],"texture":"#0","tintindex":0,"rotation":0},"west":{"uv":[12.5,13.0,15.0,13.5],"texture":"#0","tintindex":0,"rotation":0},"up":{"uv":[2.5,9.5,0.0,7.0],"texture":"#0","tintindex":0,"rotation":0},"down":{"uv":[5.0,9.0,2.5,11.5],"texture":"#0","tintindex":0,"rotation":0}},"rotation":{"origin":[2.4000000000000004,28.4,3.04],"angle":0.0,"axis":"x"}},{"from":[1.5,30.4,1.5],"to":[3.3,32.0,3.3],"origin":[6.0,80.0,7.6],"faces":{"north":{"uv":[10.0,10.5,12.25,12.5],"texture":"#0","tintindex":0,"rotation":0},"east":{"uv":[2.5,11.5,4.75,13.5],"texture":"#0","tintindex":0,"rotation":0},"south":{"uv":[5.0,11.5,7.25,13.5],"texture":"#0","tintindex":0,"rotation":0},"west":{"uv":[7.5,11.5,9.75,13.5],"texture":"#0","tintindex":0,"rotation":0},"up":{"uv":[2.25,11.75,0.0,9.5],"texture":"#0","tintindex":0,"rotation":0},"down":{"uv":[11.75,0.0,9.5,2.25],"texture":"#0","tintindex":0,"rotation":0}},"rotation":{"origin":[2.4000000000000004,28.4,3.04],"angle":0.0,"axis":"x"}},{"from":[1.1,30.0,1.1],"to":[3.7,30.4,3.7],"origin":[6.0,80.0,7.6],"faces":{"north":{"uv":[10.0,12.5,13.25,13.0],"texture":"#0","tintindex":0,"rotation":0},"east":{"uv":[12.5,10.0,15.75,10.5],"texture":"#0","tintindex":0,"rotation":0},"south":{"uv":[12.5,10.5,15.75,11.0],"texture":"#0","tintindex":0,"rotation":0},"west":{"uv":[12.5,11.0,15.75,11.5],"texture":"#0","tintindex":0,"rotation":0},"up":{"uv":[3.25,3.25,0.0,0.0],"texture":"#0","tintindex":0,"rotation":0},"down":{"uv":[3.25,3.5,0.0,6.75],"texture":"#0","tintindex":0,"rotation":0}},"rotation":{"origin":[2.4000000000000004,28.4,3.04],"angle":0.0,"axis":"x"}}],"display":{"head":{"scale":[4.0,4.0,4.0],"translation":[22.304000000000002,39.900000000000006,21.464]}}}