{"textures":{"0":"freeminecraftmodels:entity/tower_pedestal","1":"freeminecraftmodels:entity/armor_crusher_tower_texture_diamond","2":"freeminecraftmodels:entity/attachment_ram_head"},"elements":[{"from":[-9.6,0.0,-9.6],"to":[9.6,3.6,9.6],"origin":[0.0,0.0,0.0],"faces":{"north":{"uv":[6.0,0.0,12.0,1.125],"texture":"#0","tintindex":0,"rotation":0},"east":{"uv":[6.0,0.0,12.0,1.125],"texture":"#0","tintindex":0,"rotation":0},"south":{"uv":[6.0,0.0,12.0,1.125],"texture":"#0","tintindex":0,"rotation":0},"west":{"uv":[6.0,0.0,12.0,1.125],"texture":"#0","tintindex":0,"rotation":0},"up":{"uv":[6.0,6.0,0.0,0.0],"texture":"#0","tintindex":0,"rotation":0},"down":{"uv":[6.0,0.0,0.0,6.0],"texture":"#0","tintindex":0,"rotation":0}},"rotation":{"origin":[0.0,0.0,0.0],"angle":0.0,"axis":"x"}},{"from":[-8.0,4.0,7.2],"to":[-5.6,6.4,8.0],"origin":[0.0,0.0,0.0],"faces":{"north":{"uv":[12.125,11.875,12.875,12.625],"texture":"#1","tintindex":0,"rotation":0},"east":{"uv":[10.75,2.0,11.0,2.75],"texture":"#1","tintindex":0,"rotation":0},"south":{"uv":[6.0,12.375,6.75,13.125],"texture":"#1","tintindex":0,"rotation":0},"west":{"uv":[6.0,11.5,6.25,12.25],"texture":"#1","tintindex":0,"rotation":0},"up":{"uv":[14.625,6.5,13.875,6.25],"texture":"#1","tintindex":0,"rotation":0},"down":{"uv":[14.625,8.125,13.875,8.375],"texture":"#1","tintindex":0,"rotation":0}},"rotation":{"origin":[0.0,0.0,0.0],"angle":0.0,"axis":"x"}},{"from":[-7.2,4.8,8.0],"to":[-6.4,5.6,8.8],"origin":[0.0,0.0,0.0],"faces":{"north":{"uv":[9.75,14.375,10.0,14.625],"texture":"#1","tintindex":0,"rotation":0},"east":{"uv":[10.0,14.375,10.25,14.625],"texture":"#1","tintindex":0,"rotation":0},"south":{"uv":[14.375,10.625,14.625,10.875],"texture":"#1","tintindex":0,"rotation":0},"west":{"uv":[14.375,10.875,14.625,11.125],"texture":"#1","tintindex":0,"rotation":0},"up":{"uv":[14.625,12.0,14.375,11.75],"texture":"#1","tintindex":0,"rotation":0},"down":{"uv":[14.625,12.0,14.375,12.25],"texture":"#1","tintindex":0,"rotation":0}},"rotation":{"origin":[0.0,0.0,0.0],"angle":0.0,"axis":"x"}},{"from":[8.0,4.4,7.2],"to":[8.4,6.0,8.0],"origin":[0.0,0.0,0.0],"faces":{"north":{"uv":[5.875,14.25,6.0,14.75],"texture":"#1","tintindex":0,"rotation":0},"east":{"uv":[14.0,5.125,14.25,5.625],"texture":"#1","tintindex":0,"rotation":0},"south":{"uv":[13.5,14.25,13.625,14.75],"texture":"#1","tintindex":0,"rotation":0},"west":{"uv":[14.0,5.625,14.25,6.125],"texture":"#1","tintindex":0,"rotation":0},"up":{"uv":[13.875,14.75,13.75,14.5],"texture":"#1","tintindex":0,"rotation":0},"down":{"uv":[14.0,14.5,13.875,14.75],"texture":"#1","tintindex":0,"rotation":0}},"rotation":{"origin":[0.0,0.0,0.0],"angle":0.0,"axis":"x"}},{"from":[6.0,3.6,7.2],"to":[7.6,4.0,8.0],"origin":[0.0,0.0,0.0],"faces":{"north":{"uv":[14.5,1.0,15.0,1.125],"texture":"#1","tintindex":0,"rotation":0},"east":{"uv":[14.0,14.5,14.25,14.625],"texture":"#1","tintindex":0,"rotation":0},"south":{"uv":[14.5,1.75,15.0,1.875],"texture":"#1","tintindex":0,"rotation":0},"west":{"uv":[14.25,14.5,14.5,14.625],"texture":"#1","tintindex":0,"rotation":0},"up":{"uv":[14.5,7.125,14.0,6.875],"texture":"#1","tintindex":0,"rotation":0},"down":{"uv":[14.5,7.125,14.0,7.375],"texture":"#1","tintindex":0,"rotation":0}},"rotation":{"origin":[0.0,0.0,0.0],"angle":0.0,"axis":"x"}},{"from":[5.2,4.4,7.2],"to":[5.6,6.0,8.0],"origin":[0.0,0.0,0.0],"faces":{"north":{"uv":[6.25,11.5,6.375,12.0],"texture":"#1","tintindex":0,"rotation":0},"east":{"uv":[14.0,4.125,14.25,4.625],"texture":"#1","tintindex":0,"rotation":0},"south":{"uv":[10.625,13.875,10.75,14.375],"texture":"#1","tintindex":0,"rotation":0},"west":{"uv":[14.0,4.625,14.25,5.125],"texture":"#1","tintindex":0,"rotation":0},"up":{"uv":[13.5,14.75,13.375,14.5],"texture":"#1","tintindex":0,"rotation":0},"down":{"uv":[13.75,14.5,13.625,14.75],"texture":"#1","tintindex":0,"rotation":0}},"rotation":{"origin":[0.0,0.0,0.0],"angle":0.0,"axis":"x"}},{"from":[6.0,6.4,7.2],"to":[7.6,6.8,8.0],"origin":[0.0,0.0,0.0],"faces":{"north":{"uv":[14.375,11.125,14.875,11.25],"texture":"#1","tintindex":0,"rotation":0},"east":{"uv":[12.5,7.5,12.75,7.625],"texture":"#1","tintindex":0,"rotation":0},"south":{"uv":[14.375,13.375,14.875,13.5],"texture":"#1","tintindex":0,"rotation":0},"west":{"uv":[13.25,2.25,13.5,2.375],"texture":"#1","tintindex":0,"rotation":0},"up":{"uv":[12.125,12.625,11.625,12.375],"texture":"#1","tintindex":0,"rotation":0},"down":{"uv":[14.5,6.625,14.0,6.875],"texture":"#1","tintindex":0,"rotation":0}},"rotation":{"origin":[0.0,0.0,0.0],"angle":0.0,"axis":"x"}},{"from":[5.6,4.0,7.2],"to":[8.0,6.4,8.0],"origin":[0.0,0.0,0.0],"faces":{"north":{"uv":[12.125,11.875,12.875,12.625],"texture":"#1","tintindex":0,"rotation":0},"east":{"uv":[10.75,2.0,11.0,2.75],"texture":"#1","tintindex":0,"rotation":0},"south":{"uv":[6.0,12.375,6.75,13.125],"texture":"#1","tintindex":0,"rotation":0},"west":{"uv":[6.0,11.5,6.25,12.25],"texture":"#1","tintindex":0,"rotation":0},"up":{"uv":[14.625,6.5,13.875,6.25],"texture":"#1","tintindex":0,"rotation":0},"down":{"uv":[14.625,8.125,13.875,8.375],"texture":"#1","tintindex":0,"rotation":0}},"rotation":{"origin":[0.0,0.0,0.0],"angle":0.0,"axis":"x"}},{"from":[6.4,4.8,8.0],"to":[7.2,5.6,8.8],"origin":[0.0,0.0,0.0],"faces":{"north":{"uv":[9.75,14.375,10.0,14.625],"texture":"#1","tintindex":0,"rotation":0},"east":{"uv":[10.0,14.375,10.25,14.625],"texture":"#1","tintindex":0,"rotation":0},"south":{"uv":[14.375,10.625,14.625,10.875],"texture":"#1","tintindex":0,"rotation":0},"west":{"uv":[14.375,10.875,14.625,11.125],"texture":"#1","tintindex":0,"rotation":0},"up":{"uv":[14.625,12.0,14.375,11.75],"texture":"#1","tintindex":0,"rotation":0},"down":{"uv":[14.625,12.0,14.375,12.25],"texture":"#1","tintindex":0,"rotation":0}},"rotation":{"origin":[0.0,0.0,0.0],"angle":0.0,"axis":"x"}},{"from":[-7.2,4.8,-8.4],"to":[-6.4,5.6,-7.6],"origin":[0.0,0.0,0.0],"faces":{"north":{"uv":[14.5,0.0,14.75,0.25],"texture":"#1","tintindex":0,"rotation":0},"east":{"uv":[14.5,0.25,14.75,0.5],"texture":"#1","tintindex":0,"rotation":0},"south":{"uv":[14.5,0.5,14.75,0.75],"texture":"#1","tintindex":0,"rotation":0},"west":{"uv":[14.5,0.75,14.75,1.0],"texture":"#1","tintindex":0,"rotation":0},"up":{"uv":[1.75,14.75,1.5,14.5],"texture":"#1","tintindex":0,"rotation":0},"down":{"uv":[14.75,1.5,14.5,1.75],"texture":"#1","tintindex":0,"rotation":0}},"rotation":{"origin":[0.0,0.0,0.0],"angle":0.0,"axis":"x"}},{"from":[-8.4,4.4,7.2],"to":[-8.0,6.0,8.0],"origin":[0.0,0.0,0.0],"faces":{"north":{"uv":[6.25,11.5,6.375,12.0],"texture":"#1","tintindex":0,"rotation":0},"east":{"uv":[14.0,4.125,14.25,4.625],"texture":"#1","tintindex":0,"rotation":0},"south":{"uv":[10.625,13.875,10.75,14.375],"texture":"#1","tintindex":0,"rotation":0},"west":{"uv":[14.0,4.625,14.25,5.125],"texture":"#1","tintindex":0,"rotation":0},"up":{"uv":[13.5,14.75,13.375,14.5],"texture":"#1","tintindex":0,"rotation":0},"down":{"uv":[13.75,14.5,13.625,14.75],"texture":"#1","tintindex":0,"rotation":0}},"rotation":{"origin":[0.0,0.0,0.0],"angle":0.0,"axis":"x"}},{"from":[-5.6,4.4,7.2],"to":[-5.2,6.0,8.0],"origin":[0.0,0.0,0.0],"faces":{"north":{"uv":[5.875,14.25,6.0,14.75],"texture":"#1","tintindex":0,"rotation":0},"east":{"uv":[14.0,5.125,14.25,5.625],"texture":"#1","tintindex":0,"rotation":0},"south":{"uv":[13.5,14.25,13.625,14.75],"texture":"#1","tintindex":0,"rotation":0},"west":{"uv":[14.0,5.625,14.25,6.125],"texture":"#1","tintindex":0,"rotation":0},"up":{"uv":[13.875,14.75,13.75,14.5],"texture":"#1","tintindex":0,"rotation":0},"down":{"uv":[14.0,14.5,13.875,14.75],"texture":"#1","tintindex":0,"rotation":0}},"rotation":{"origin":[0.0,0.0,0.0],"angle":0.0,"axis":"x"}},{"from":[-7.6,6.4,7.2],"to":[-6.0,6.8,8.0],"origin":[0.0,0.0,0.0],"faces":{"north":{"uv":[14.375,11.125,14.875,11.25],"texture":"#1","tintindex":0,"rotation":0},"east":{"uv":[12.5,7.5,12.75,7.625],"texture":"#1","tintindex":0,"rotation":0},"south":{"uv":[14.375,13.375,14.875,13.5],"texture":"#1","tintindex":0,"rotation":0},"west":{"uv":[13.25,2.25,13.5,2.375],"texture":"#1","tintindex":0,"rotation":0},"up":{"uv":[12.125,12.625,11.625,12.375],"texture":"#1","tintindex":0,"rotation":0},"down":{"uv":[14.5,6.625,14.0,6.875],"texture":"#1","tintindex":0,"rotation":0}},"rotation":{"origin":[0.0,0.0,0.0],"angle":0.0,"axis":"x"}},{"from":[-7.6,3.6,7.2],"to":[-6.0,4.0,8.0],"origin":[0.0,0.0,0.0],"faces":{"north":{"uv":[14.5,1.0,15.0,1.125],"texture":"#1","tintindex":0,"rotation":0},"east":{"uv":[14.0,14.5,14.25,14.625],"texture":"#1","tintindex":0,"rotation":0},"south":{"uv":[14.5,1.75,15.0,1.875],"texture":"#1","tintindex":0,"rotation":0},"west":{"uv":[14.25,14.5,14.5,14.625],"texture":"#1","tintindex":0,"rotation":0},"up":{"uv":[14.5,7.125,14.0,6.875],"texture":"#1","tintindex":0,"rotation":0},"down":{"uv":[14.5,7.125,14.0,7.375],"texture":"#1","tintindex":0,"rotation":0}},"rotation":{"origin":[0.0,0.0,0.0],"angle":0.0,"axis":"x"}},{"from":[-8.4,4.4,-7.6],"to":[-8.0,6.0,-6.8],"origin":[0.0,0.0,0.0],"faces":{"north":{"uv":[4.5,14.5,4.625,15.0],"texture":"#1","tintindex":0,"rotation":0},"east":{"uv":[8.25,14.125,8.5,14.625],"texture":"#1","tintindex":0,"rotation":0},"south":{"uv":[4.875,14.5,5.0,15.0],"texture":"#1","tintindex":0,"rotation":0},"west":{"uv":[8.5,14.125,8.75,14.625],"texture":"#1","tintindex":0,"rotation":0},"up":{"uv":[3.0,14.875,2.875,14.625],"texture":"#1","tintindex":0,"rotation":0},"down":{"uv":[14.75,3.125,14.625,3.375],"texture":"#1","tintindex":0,"rotation":0}},"rotation":{"origin":[0.0,0.0,0.0],"angle":0.0,"axis":"x"}},{"from":[-8.0,4.0,-7.6],"to":[-5.6,6.4,-6.8],"origin":[0.0,0.0,0.0],"faces":{"north":{"uv":[12.5,6.75,13.25,7.5],"texture":"#1","tintindex":0,"rotation":0},"east":{"uv":[9.25,13.875,9.5,14.625],"texture":"#1","tintindex":0,"rotation":0},"south":{"uv":[7.5,12.5,8.25,13.25],"texture":"#1","tintindex":0,"rotation":0},"west":{"uv":[9.5,13.875,9.75,14.625],"texture":"#1","tintindex":0,"rotation":0},"up":{"uv":[10.5,14.125,9.75,13.875],"texture":"#1","tintindex":0,"rotation":0},"down":{"uv":[14.625,10.25,13.875,10.5],"texture":"#1","tintindex":0,"rotation":0}},"rotation":{"origin":[0.0,0.0,0.0],"angle":0.0,"axis":"x"}},{"from":[-7.6,3.6,-7.6],"to":[-6.0,4.0,-6.8],"origin":[0.0,0.0,0.0],"faces":{"north":{"uv":[14.5,5.25,15.0,5.375],"texture":"#1","tintindex":0,"rotation":0},"east":{"uv":[4.625,14.625,4.875,14.75],"texture":"#1","tintindex":0,"rotation":0},"south":{"uv":[14.5,5.375,15.0,5.5],"texture":"#1","tintindex":0,"rotation":0},"west":{"uv":[14.625,4.625,14.875,4.75],"texture":"#1","tintindex":0,"rotation":0},"up":{"uv":[14.625,13.75,14.125,13.5],"texture":"#1","tintindex":0,"rotation":0},"down":{"uv":[14.625,13.75,14.125,14.0],"texture":"#1","tintindex":0,"rotation":0}},"rotation":{"origin":[0.0,0.0,0.0],"angle":0.0,"axis":"x"}},{"from":[-5.6,4.4,-7.6],"to":[-5.2,6.0,-6.8],"origin":[0.0,0.0,0.0],"faces":{"north":{"uv":[5.75,14.5,5.875,15.0],"texture":"#1","tintindex":0,"rotation":0},"east":{"uv":[1.0,14.25,1.25,14.75],"texture":"#1","tintindex":0,"rotation":0},"south":{"uv":[14.5,6.625,14.625,7.125],"texture":"#1","tintindex":0,"rotation":0},"west":{"uv":[1.25,14.25,1.5,14.75],"texture":"#1","tintindex":0,"rotation":0},"up":{"uv":[5.5,14.875,5.375,14.625],"texture":"#1","tintindex":0,"rotation":0},"down":{"uv":[14.75,5.5,14.625,5.75],"texture":"#1","tintindex":0,"rotation":0}},"rotation":{"origin":[0.0,0.0,0.0],"angle":0.0,"axis":"x"}},{"from":[6.0,3.6,-7.6],"to":[7.6,4.0,-6.8],"origin":[0.0,0.0,0.0],"faces":{"north":{"uv":[14.5,5.25,15.0,5.375],"texture":"#1","tintindex":0,"rotation":0},"east":{"uv":[4.625,14.625,4.875,14.75],"texture":"#1","tintindex":0,"rotation":0},"south":{"uv":[14.5,5.375,15.0,5.5],"texture":"#1","tintindex":0,"rotation":0},"west":{"uv":[14.625,4.625,14.875,4.75],"texture":"#1","tintindex":0,"rotation":0},"up":{"uv":[14.625,13.75,14.125,13.5],"texture":"#1","tintindex":0,"rotation":0},"down":{"uv":[14.625,13.75,14.125,14.0],"texture":"#1","tintindex":0,"rotation":0}},"rotation":{"origin":[0.0,0.0,0.0],"angle":0.0,"axis":"x"}},{"from":[6.4,4.8,-8.4],"to":[7.2,5.6,-7.6],"origin":[0.0,0.0,0.0],"faces":{"north":{"uv":[14.5,0.0,14.75,0.25],"texture":"#1","tintindex":0,"rotation":0},"east":{"uv":[14.5,0.25,14.75,0.5],"texture":"#1","tintindex":0,"rotation":0},"south":{"uv":[14.5,0.5,14.75,0.75],"texture":"#1","tintindex":0,"rotation":0},"west":{"uv":[14.5,0.75,14.75,1.0],"texture":"#1","tintindex":0,"rotation":0},"up":{"uv":[1.75,14.75,1.5,14.5],"texture":"#1","tintindex":0,"rotation":0},"down":{"uv":[14.75,1.5,14.5,1.75],"texture":"#1","tintindex":0,"rotation":0}},"rotation":{"origin":[0.0,0.0,0.0],"angle":0.0,"axis":"x"}},{"from":[5.2,4.4,-7.6],"to":[5.6,6.0,-6.8],"origin":[0.0,0.0,0.0],"faces":{"north":{"uv":[4.5,14.5,4.625,15.0],"texture":"#1","tintindex":0,"rotation":0},"east":{"uv":[8.25,14.125,8.5,14.625],"texture":"#1","tintindex":0,"rotation":0},"south":{"uv":[4.875,14.5,5.0,15.0],"texture":"#1","tintindex":0,"rotation":0},"west":{"uv":[8.5,14.125,8.75,14.625],"texture":"#1","tintindex":0,"rotation":0},"up":{"uv":[3.0,14.875,2.875,14.625],"texture":"#1","tintindex":0,"rotation":0},"down":{"uv":[14.75,3.125,14.625,3.375],"texture":"#1","tintindex":0,"rotation":0}},"rotation":{"origin":[0.0,0.0,0.0],"angle":0.0,"axis":"x"}},{"from":[6.0,6.4,-7.6],"to":[7.6,6.8,-6.8],"origin":[0.0,0.0,0.0],"faces":{"north":{"uv":[14.5,5.75,15.0,5.875],"texture":"#1","tintindex":0,"rotation":0},"east":{"uv":[14.625,4.75,14.875,4.875],"texture":"#1","tintindex":0,"rotation":0},"south":{"uv":[14.5,5.875,15.0,6.0],"texture":"#1","tintindex":0,"rotation":0},"west":{"uv":[14.625,6.25,14.875,6.375],"texture":"#1","tintindex":0,"rotation":0},"up":{"uv":[2.0,14.5,1.5,14.25],"texture":"#1","tintindex":0,"rotation":0},"down":{"uv":[3.5,14.25,3.0,14.5],"texture":"#1","tintindex":0,"rotation":0}},"rotation":{"origin":[0.0,0.0,0.0],"angle":0.0,"axis":"x"}},{"from":[5.6,4.0,-7.6],"to":[8.0,6.4,-6.8],"origin":[0.0,0.0,0.0],"faces":{"north":{"uv":[12.5,6.75,13.25,7.5],"texture":"#1","tintindex":0,"rotation":0},"east":{"uv":[9.25,13.875,9.5,14.625],"texture":"#1","tintindex":0,"rotation":0},"south":{"uv":[7.5,12.5,8.25,13.25],"texture":"#1","tintindex":0,"rotation":0},"west":{"uv":[9.5,13.875,9.75,14.625],"texture":"#1","tintindex":0,"rotation":0},"up":{"uv":[10.5,14.125,9.75,13.875],"texture":"#1","tintindex":0,"rotation":0},"down":{"uv":[14.625,10.25,13.875,10.5],"texture":"#1","tintindex":0,"rotation":0}},"rotation":{"origin":[0.0,0.0,0.0],"angle":0.0,"axis":"x"}},{"from":[8.0,4.4,-7.6],"to":[8.4,6.0,-6.8],"origin":[0.0,0.0,0.0],"faces":{"north":{"uv":[5.75,14.5,5.875,15.0],"texture":"#1","tintindex":0,"rotation":0},"east":{"uv":[1.0,14.25,1.25,14.75],"texture":"#1","tintindex":0,"rotation":0},"south":{"uv":[14.5,6.625,14.625,7.125],"texture":"#1","tintindex":0,"rotation":0},"west":{"uv":[1.25,14.25,1.5,14.75],"texture":"#1","tintindex":0,"rotation":0},"up":{"uv":[5.5,14.875,5.375,14.625],"texture":"#1","tintindex":0,"rotation":0},"down":{"uv":[14.75,5.5,14.625,5.75],"texture":"#1","tintindex":0,"rotation":0}},"rotation":{"origin":[0.0,0.0,0.0],"angle":0.0,"axis":"x"}},{"from":[-7.6,6.4,-7.6],"to":[-6.0,6.8,-6.8],"origin":[0.0,0.0,0.0],"faces":{"north":{"uv":[14.5,5.75,15.0,5.875],"texture":"#1","tintindex":0,"rotation":0},"east":{"uv":[14.625,4.75,14.875,4.875],"texture":"#1","tintindex":0,"rotation":0},"south":{"uv":[14.5,5.875,15.0,6.0],"texture":"#1","tintindex":0,"rotation":0},"west":{"uv":[14.625,6.25,14.875,6.375],"texture":"#1","tintindex":0,"rotation":0},"up":{"uv":[2.0,14.5,1.5,14.25],"texture":"#1","tintindex":0,"rotation":0},"down":{"uv":[3.5,14.25,3.0,14.5],"texture":"#1","tintindex":0,"rotation":0}},"rotation":{"origin":[0.0,0.0,0.0],"angle":0.0,"axis":"x"}},{"from":[-2.8,6.4,1.84],"to":[-1.2,7.6,5.04],"rotation":{"origin":[-2.0,5.0,4.2],"angle":45.0,"axis":"x"},"origin":[-5.0,12.5,10.5],"faces":{"north":{"uv":[10.875,11.5,11.375,11.875],"texture":"#1","tintindex":0,"rotation":0},"east":{"uv":[3.0,8.625,4.0,9.0],"texture":"#1","tintindex":0,"rotation":0},"south":{"uv":[13.875,10.5,14.375,10.875],"texture":"#1","tintindex":0,"rotation":0},"west":{"uv":[9.125,2.875,10.125,3.25],"texture":"#1","tintindex":0,"rotation":0},"up":{"uv":[12.75,13.625,12.25,12.625],"texture":"#1","tintindex":0,"rotation":0},"down":{"uv":[3.5,12.75,3.0,13.75],"texture":"#1","tintindex":0,"rotation":0}}},{"from":[2.8,8.4,11.44],"to":[3.6,9.2,12.64],"rotation":{"origin":[3.2,7.2,4.2],"angle":-45.0,"axis":"x"},"origin":[8.0,18.0,10.5],"faces":{"north":{"uv":[7.0,14.5,7.25,14.75],"texture":"#1","tintindex":0,"rotation":0},"east":{"uv":[5.5,14.25,5.875,14.5],"texture":"#1","tintindex":0,"rotation":0},"south":{"uv":[14.5,7.125,14.75,7.375],"texture":"#1","tintindex":0,"rotation":0},"west":{"uv":[14.25,5.5,14.625,5.75],"texture":"#1","tintindex":0,"rotation":0},"up":{"uv":[14.5,6.125,14.25,5.75],"texture":"#1","tintindex":0,"rotation":0},"down":{"uv":[7.0,14.25,6.75,14.625],"texture":"#1","tintindex":0,"rotation":0}}},{"from":[2.4,8.0,0.64],"to":[4.0,9.6,11.44],"rotation":{"origin":[3.2,7.2,4.2],"angle":-45.0,"axis":"x"},"origin":[8.0,18.0,10.5],"faces":{"north":{"uv":[13.625,12.625,14.125,13.125],"texture":"#1","tintindex":0,"rotation":0},"east":{"uv":[7.75,7.75,11.125,8.25],"texture":"#1","tintindex":0,"rotation":0},"south":{"uv":[13.625,13.5,14.125,14.0],"texture":"#1","tintindex":0,"rotation":0},"west":{"uv":[4.0,8.0,7.375,8.5],"texture":"#1","tintindex":0,"rotation":0},"up":{"uv":[0.5,10.0,0.0,6.625],"texture":"#1","tintindex":0,"rotation":0},"down":{"uv":[1.0,6.625,0.5,10.0],"texture":"#1","tintindex":0,"rotation":0}}},{"from":[2.4,6.4,1.84],"to":[4.0,7.6,5.04],"rotation":{"origin":[3.2,5.0,4.2],"angle":45.0,"axis":"x"},"origin":[8.0,12.5,10.5],"faces":{"north":{"uv":[10.875,11.5,11.375,11.875],"texture":"#1","tintindex":0,"rotation":0},"east":{"uv":[3.0,8.625,4.0,9.0],"texture":"#1","tintindex":0,"rotation":0},"south":{"uv":[13.875,10.5,14.375,10.875],"texture":"#1","tintindex":0,"rotation":0},"west":{"uv":[9.125,2.875,10.125,3.25],"texture":"#1","tintindex":0,"rotation":0},"up":{"uv":[12.75,13.625,12.25,12.625],"texture":"#1","tintindex":0,"rotation":0},"down":{"uv":[3.5,12.75,3.0,13.75],"texture":"#1","tintindex":0,"rotation":0}}},{"from":[-2.8,12.0,-2.56],"to":[-1.2,13.2,0.64],"rotation":{"origin":[-2.0,5.0,4.2],"angle":-45.0,"axis":"x"},"origin":[-5.0,12.5,10.5],"faces":{"north":{"uv":[13.875,12.125,14.375,12.5],"texture":"#1","tintindex":0,"rotation":0},"east":{"uv":[12.875,8.5,13.875,8.875],"texture":"#1","tintindex":0,"rotation":0},"south":{"uv":[13.875,13.125,14.375,13.5],"texture":"#1","tintindex":0,"rotation":0},"west":{"uv":[12.875,8.875,13.875,9.25],"texture":"#1","tintindex":0,"rotation":0},"up":{"uv":[5.0,13.75,4.5,12.75],"texture":"#1","tintindex":0,"rotation":0},"down":{"uv":[5.5,12.75,5.0,13.75],"texture":"#1","tintindex":0,"rotation":0}}},{"from":[2.8,2.48,-9.76],"to":[3.6,3.28,-8.56],"rotation":{"origin":[3.2,7.2,4.2],"angle":45.0,"axis":"x"},"origin":[8.0,18.0,10.5],"faces":{"north":{"uv":[7.5,14.5,7.75,14.75],"texture":"#1","tintindex":0,"rotation":0},"east":{"uv":[14.25,11.5,14.625,11.75],"texture":"#1","tintindex":0,"rotation":0},"south":{"uv":[14.5,7.625,14.75,7.875],"texture":"#1","tintindex":0,"rotation":0},"west":{"uv":[13.125,14.25,13.5,14.5],"texture":"#1","tintindex":0,"rotation":0},"up":{"uv":[8.25,14.625,8.0,14.25],"texture":"#1","tintindex":0,"rotation":0},"down":{"uv":[0.25,14.375,0.0,14.75],"texture":"#1","tintindex":0,"rotation":0}}},{"from":[2.4,2.08,-8.56],"to":[4.0,3.68,2.24],"rotation":{"origin":[3.2,7.2,4.2],"angle":45.0,"axis":"x"},"origin":[8.0,18.0,10.5],"faces":{"north":{"uv":[4.0,13.75,4.5,14.25],"texture":"#1","tintindex":0,"rotation":0},"east":{"uv":[7.375,8.25,10.75,8.75],"texture":"#1","tintindex":0,"rotation":0},"south":{"uv":[4.5,13.75,5.0,14.25],"texture":"#1","tintindex":0,"rotation":0},"west":{"uv":[4.0,8.5,7.375,9.0],"texture":"#1","tintindex":0,"rotation":0},"up":{"uv":[2.5,11.5,2.0,8.125],"texture":"#1","tintindex":0,"rotation":0},"down":{"uv":[3.0,8.125,2.5,11.5],"texture":"#1","tintindex":0,"rotation":0}}},{"from":[2.4,12.0,-2.56],"to":[4.0,13.2,0.64],"rotation":{"origin":[3.2,5.0,4.2],"angle":-45.0,"axis":"x"},"origin":[8.0,12.5,10.5],"faces":{"north":{"uv":[13.875,12.125,14.375,12.5],"texture":"#1","tintindex":0,"rotation":0},"east":{"uv":[12.875,8.5,13.875,8.875],"texture":"#1","tintindex":0,"rotation":0},"south":{"uv":[13.875,13.125,14.375,13.5],"texture":"#1","tintindex":0,"rotation":0},"west":{"uv":[12.875,8.875,13.875,9.25],"texture":"#1","tintindex":0,"rotation":0},"up":{"uv":[5.0,13.75,4.5,12.75],"texture":"#1","tintindex":0,"rotation":0},"down":{"uv":[5.5,12.75,5.0,13.75],"texture":"#1","tintindex":0,"rotation":0}}},{"from":[-7.6,6.4,-6.8],"to":[-6.0,16.8,-5.2],"origin":[0.0,0.0,0.0],"faces":{"north":{"uv":[9.375,9.25,9.875,12.5],"texture":"#1","tintindex":0,"rotation":0},"east":{"uv":[3.0,9.5,3.5,12.75],"texture":"#1","tintindex":0,"rotation":0},"south":{"uv":[3.5,9.5,4.0,12.75],"texture":"#1","tintindex":0,"rotation":0},"west":{"uv":[4.0,9.5,4.5,12.75],"texture":"#1","tintindex":0,"rotation":0},"up":{"uv":[13.75,8.125,13.25,7.625],"texture":"#1","tintindex":0,"rotation":0},"down":{"uv":[8.25,13.25,7.75,13.75],"texture":"#1","tintindex":0,"rotation":0}},"rotation":{"origin":[0.0,0.0,0.0],"angle":0.0,"axis":"x"}},{"from":[-7.6,6.4,5.6],"to":[-6.0,16.8,7.2],"origin":[0.0,0.0,0.0],"faces":{"north":{"uv":[9.375,9.25,9.875,12.5],"texture":"#1","tintindex":0,"rotation":0},"east":{"uv":[3.0,9.5,3.5,12.75],"texture":"#1","tintindex":0,"rotation":0},"south":{"uv":[3.5,9.5,4.0,12.75],"texture":"#1","tintindex":0,"rotation":0},"west":{"uv":[4.0,9.5,4.5,12.75],"texture":"#1","tintindex":0,"rotation":0},"up":{"uv":[13.75,8.125,13.25,7.625],"texture":"#1","tintindex":0,"rotation":0},"down":{"uv":[8.25,13.25,7.75,13.75],"texture":"#1","tintindex":0,"rotation":0}},"rotation":{"origin":[0.0,0.0,0.0],"angle":0.0,"axis":"x"}},{"from":[6.0,6.4,-6.8],"to":[7.6,16.8,-5.2],"origin":[0.0,0.0,0.0],"faces":{"north":{"uv":[9.375,9.25,9.875,12.5],"texture":"#1","tintindex":0,"rotation":0},"east":{"uv":[3.0,9.5,3.5,12.75],"texture":"#1","tintindex":0,"rotation":0},"south":{"uv":[3.5,9.5,4.0,12.75],"texture":"#1","tintindex":0,"rotation":0},"west":{"uv":[4.0,9.5,4.5,12.75],"texture":"#1","tintindex":0,"rotation":0},"up":{"uv":[13.75,8.125,13.25,7.625],"texture":"#1","tintindex":0,"rotation":0},"down":{"uv":[8.25,13.25,7.75,13.75],"texture":"#1","tintindex":0,"rotation":0}},"rotation":{"origin":[0.0,0.0,0.0],"angle":0.0,"axis":"x"}},{"from":[6.0,6.4,5.6],"to":[7.6,16.8,7.2],"origin":[0.0,0.0,0.0],"faces":{"north":{"uv":[9.375,9.25,9.875,12.5],"texture":"#1","tintindex":0,"rotation":0},"east":{"uv":[3.0,9.5,3.5,12.75],"texture":"#1","tintindex":0,"rotation":0},"south":{"uv":[3.5,9.5,4.0,12.75],"texture":"#1","tintindex":0,"rotation":0},"west":{"uv":[4.0,9.5,4.5,12.75],"texture":"#1","tintindex":0,"rotation":0},"up":{"uv":[13.75,8.125,13.25,7.625],"texture":"#1","tintindex":0,"rotation":0},"down":{"uv":[8.25,13.25,7.75,13.75],"texture":"#1","tintindex":0,"rotation":0}},"rotation":{"origin":[0.0,0.0,0.0],"angle":0.0,"axis":"x"}},{"from":[-7.6,16.8,-6.8],"to":[-6.0,18.4,7.2],"origin":[0.0,-12.0,0.0],"faces":{"north":{"uv":[8.75,13.375,9.25,13.875],"texture":"#1","tintindex":0,"rotation":0},"east":{"uv":[0.0,1.25,4.375,1.75],"texture":"#1","tintindex":0,"rotation":0},"south":{"uv":[9.25,13.375,9.75,13.875],"texture":"#1","tintindex":0,"rotation":0},"west":{"uv":[0.0,1.75,4.375,2.25],"texture":"#1","tintindex":0,"rotation":0},"up":{"uv":[0.5,6.625,0.0,2.25],"texture":"#1","tintindex":0,"rotation":0},"down":{"uv":[1.0,2.25,0.5,6.625],"texture":"#1","tintindex":0,"rotation":0}},"rotation":{"origin":[0.0,-4.800000000000001,0.0],"angle":0.0,"axis":"x"}},{"from":[6.0,16.8,-6.8],"to":[7.6,18.4,7.2],"origin":[0.0,-12.0,0.0],"faces":{"north":{"uv":[8.75,13.375,9.25,13.875],"texture":"#1","tintindex":0,"rotation":0},"east":{"uv":[0.0,1.25,4.375,1.75],"texture":"#1","tintindex":0,"rotation":0},"south":{"uv":[9.25,13.375,9.75,13.875],"texture":"#1","tintindex":0,"rotation":0},"west":{"uv":[0.0,1.75,4.375,2.25],"texture":"#1","tintindex":0,"rotation":0},"up":{"uv":[0.5,6.625,0.0,2.25],"texture":"#1","tintindex":0,"rotation":0},"down":{"uv":[1.0,2.25,0.5,6.625],"texture":"#1","tintindex":0,"rotation":0}},"rotation":{"origin":[0.0,-4.800000000000001,0.0],"angle":0.0,"axis":"x"}},{"from":[6.0,4.8,-6.8],"to":[7.6,6.4,7.2],"origin":[0.0,-12.0,0.0],"faces":{"north":{"uv":[8.75,13.375,9.25,13.875],"texture":"#1","tintindex":0,"rotation":0},"east":{"uv":[0.0,1.25,4.375,1.75],"texture":"#1","tintindex":0,"rotation":0},"south":{"uv":[9.25,13.375,9.75,13.875],"texture":"#1","tintindex":0,"rotation":0},"west":{"uv":[0.0,1.75,4.375,2.25],"texture":"#1","tintindex":0,"rotation":0},"up":{"uv":[0.5,6.625,0.0,2.25],"texture":"#1","tintindex":0,"rotation":0},"down":{"uv":[1.0,2.25,0.5,6.625],"texture":"#1","tintindex":0,"rotation":0}},"rotation":{"origin":[0.0,-4.800000000000001,0.0],"angle":0.0,"axis":"x"}},{"from":[-7.6,4.8,-6.8],"to":[-6.0,6.4,7.2],"origin":[0.0,-12.0,0.0],"faces":{"north":{"uv":[8.75,13.375,9.25,13.875],"texture":"#1","tintindex":0,"rotation":0},"east":{"uv":[0.0,1.25,4.375,1.75],"texture":"#1","tintindex":0,"rotation":0},"south":{"uv":[9.25,13.375,9.75,13.875],"texture":"#1","tintindex":0,"rotation":0},"west":{"uv":[0.0,1.75,4.375,2.25],"texture":"#1","tintindex":0,"rotation":0},"up":{"uv":[0.5,6.625,0.0,2.25],"texture":"#1","tintindex":0,"rotation":0},"down":{"uv":[1.0,2.25,0.5,6.625],"texture":"#1","tintindex":0,"rotation":0}},"rotation":{"origin":[0.0,-4.800000000000001,0.0],"angle":0.0,"axis":"x"}},{"from":[-6.0,4.8,-0.8],"to":[6.0,6.4,1.2],"origin":[0.0,0.0,0.0],"faces":{"north":{"uv":[6.375,3.25,10.125,3.75],"texture":"#1","tintindex":0,"rotation":0},"east":{"uv":[13.125,9.25,13.75,9.75],"texture":"#1","tintindex":0,"rotation":0},"south":{"uv":[4.0,6.5,7.75,7.0],"texture":"#1","tintindex":0,"rotation":0},"west":{"uv":[13.125,9.75,13.75,10.25],"texture":"#1","tintindex":0,"rotation":0},"up":{"uv":[3.75,0.625,0.0,0.0],"texture":"#1","tintindex":0,"rotation":0},"down":{"uv":[3.75,0.625,0.0,1.25],"texture":"#1","tintindex":0,"rotation":0}},"rotation":{"origin":[0.0,0.0,0.0],"angle":0.0,"axis":"x"}},{"from":[-6.0,16.8,5.6],"to":[6.0,18.4,7.2],"origin":[0.0,-12.0,0.0],"faces":{"north":{"uv":[7.75,5.75,11.5,6.25],"texture":"#1","tintindex":0,"rotation":0},"east":{"uv":[0.0,13.625,0.5,14.125],"texture":"#1","tintindex":0,"rotation":0},"south":{"uv":[7.75,6.25,11.5,6.75],"texture":"#1","tintindex":0,"rotation":0},"west":{"uv":[12.125,13.625,12.625,14.125],"texture":"#1","tintindex":0,"rotation":0},"up":{"uv":[11.5,7.25,7.75,6.75],"texture":"#1","tintindex":0,"rotation":0},"down":{"uv":[11.5,7.25,7.75,7.75],"texture":"#1","tintindex":0,"rotation":0}},"rotation":{"origin":[0.0,-4.800000000000001,0.0],"angle":0.0,"axis":"x"}},{"from":[-6.0,16.8,-6.8],"to":[6.0,18.4,-5.2],"origin":[0.0,-12.0,0.0],"faces":{"north":{"uv":[7.75,5.75,11.5,6.25],"texture":"#1","tintindex":0,"rotation":0},"east":{"uv":[0.0,13.625,0.5,14.125],"texture":"#1","tintindex":0,"rotation":0},"south":{"uv":[7.75,6.25,11.5,6.75],"texture":"#1","tintindex":0,"rotation":0},"west":{"uv":[12.125,13.625,12.625,14.125],"texture":"#1","tintindex":0,"rotation":0},"up":{"uv":[11.5,7.25,7.75,6.75],"texture":"#1","tintindex":0,"rotation":0},"down":{"uv":[11.5,7.25,7.75,7.75],"texture":"#1","tintindex":0,"rotation":0}},"rotation":{"origin":[0.0,-4.800000000000001,0.0],"angle":0.0,"axis":"x"}},{"from":[-6.0,4.8,5.6],"to":[6.0,6.4,7.2],"origin":[0.0,-12.0,0.0],"faces":{"north":{"uv":[7.75,5.75,11.5,6.25],"texture":"#1","tintindex":0,"rotation":0},"east":{"uv":[0.0,13.625,0.5,14.125],"texture":"#1","tintindex":0,"rotation":0},"south":{"uv":[7.75,6.25,11.5,6.75],"texture":"#1","tintindex":0,"rotation":0},"west":{"uv":[12.125,13.625,12.625,14.125],"texture":"#1","tintindex":0,"rotation":0},"up":{"uv":[11.5,7.25,7.75,6.75],"texture":"#1","tintindex":0,"rotation":0},"down":{"uv":[11.5,7.25,7.75,7.75],"texture":"#1","tintindex":0,"rotation":0}},"rotation":{"origin":[0.0,-4.800000000000001,0.0],"angle":0.0,"axis":"x"}},{"from":[-6.0,4.8,-6.8],"to":[6.0,6.4,-5.2],"origin":[0.0,-12.0,0.0],"faces":{"north":{"uv":[7.75,5.75,11.5,6.25],"texture":"#1","tintindex":0,"rotation":0},"east":{"uv":[0.0,13.625,0.5,14.125],"texture":"#1","tintindex":0,"rotation":0},"south":{"uv":[7.75,6.25,11.5,6.75],"texture":"#1","tintindex":0,"rotation":0},"west":{"uv":[12.125,13.625,12.625,14.125],"texture":"#1","tintindex":0,"rotation":0},"up":{"uv":[11.5,7.25,7.75,6.75],"texture":"#1","tintindex":0,"rotation":0},"down":{"uv":[11.5,7.25,7.75,7.75],"texture":"#1","tintindex":0,"rotation":0}},"rotation":{"origin":[0.0,-4.800000000000001,0.0],"angle":0.0,"axis":"x"}},{"from":[-2.8,8.0,0.64],"to":[-1.2,9.6,11.44],"rotation":{"origin":[-2.0,7.2,4.2],"angle":-45.0,"axis":"x"},"origin":[-5.0,18.0,10.5],"faces":{"north":{"uv":[13.625,12.625,14.125,13.125],"texture":"#1","tintindex":0,"rotation":0},"east":{"uv":[7.75,7.75,11.125,8.25],"texture":"#1","tintindex":0,"rotation":0},"south":{"uv":[13.625,13.5,14.125,14.0],"texture":"#1","tintindex":0,"rotation":0},"west":{"uv":[4.0,8.0,7.375,8.5],"texture":"#1","tintindex":0,"rotation":0},"up":{"uv":[0.5,10.0,0.0,6.625],"texture":"#1","tintindex":0,"rotation":0},"down":{"uv":[1.0,6.625,0.5,10.0],"texture":"#1","tintindex":0,"rotation":0}}},{"from":[-2.4,8.4,11.44],"to":[-1.6,9.2,12.64],"rotation":{"origin":[-2.0,7.2,4.2],"angle":-45.0,"axis":"x"},"origin":[-5.0,18.0,10.5],"faces":{"north":{"uv":[7.0,14.5,7.25,14.75],"texture":"#1","tintindex":0,"rotation":0},"east":{"uv":[5.5,14.25,5.875,14.5],"texture":"#1","tintindex":0,"rotation":0},"south":{"uv":[14.5,7.125,14.75,7.375],"texture":"#1","tintindex":0,"rotation":0},"west":{"uv":[14.25,5.5,14.625,5.75],"texture":"#1","tintindex":0,"rotation":0},"up":{"uv":[14.5,6.125,14.25,5.75],"texture":"#1","tintindex":0,"rotation":0},"down":{"uv":[7.0,14.25,6.75,14.625],"texture":"#1","tintindex":0,"rotation":0}}},{"from":[-2.8,2.08,-8.56],"to":[-1.2,3.68,2.24],"rotation":{"origin":[-2.0,7.2,4.2],"angle":45.0,"axis":"x"},"origin":[-5.0,18.0,10.5],"faces":{"north":{"uv":[4.0,13.75,4.5,14.25],"texture":"#1","tintindex":0,"rotation":0},"east":{"uv":[7.375,8.25,10.75,8.75],"texture":"#1","tintindex":0,"rotation":0},"south":{"uv":[4.5,13.75,5.0,14.25],"texture":"#1","tintindex":0,"rotation":0},"west":{"uv":[4.0,8.5,7.375,9.0],"texture":"#1","tintindex":0,"rotation":0},"up":{"uv":[2.5,11.5,2.0,8.125],"texture":"#1","tintindex":0,"rotation":0},"down":{"uv":[3.0,8.125,2.5,11.5],"texture":"#1","tintindex":0,"rotation":0}}},{"from":[-2.4,2.48,-9.76],"to":[-1.6,3.28,-8.56],"rotation":{"origin":[-2.0,7.2,4.2],"angle":45.0,"axis":"x"},"origin":[-5.0,18.0,10.5],"faces":{"north":{"uv":[7.5,14.5,7.75,14.75],"texture":"#1","tintindex":0,"rotation":0},"east":{"uv":[14.25,11.5,14.625,11.75],"texture":"#1","tintindex":0,"rotation":0},"south":{"uv":[14.5,7.625,14.75,7.875],"texture":"#1","tintindex":0,"rotation":0},"west":{"uv":[13.125,14.25,13.5,14.5],"texture":"#1","tintindex":0,"rotation":0},"up":{"uv":[8.25,14.625,8.0,14.25],"texture":"#1","tintindex":0,"rotation":0},"down":{"uv":[0.25,14.375,0.0,14.75],"texture":"#1","tintindex":0,"rotation":0}}},{"from":[-2.0,12.8,4.8],"to":[-1.6,21.2,5.2],"rotation":{"origin":[-1.8,17.0,1.0],"angle":45.0,"axis":"x"},"origin":[-4.5,42.5,2.5],"faces":{"north":{"uv":[10.75,12.5,10.875,15.125],"texture":"#1","tintindex":0,"rotation":0},"east":{"uv":[6.0,13.125,6.125,15.75],"texture":"#1","tintindex":0,"rotation":0},"south":{"uv":[6.125,13.125,6.25,15.75],"texture":"#1","tintindex":0,"rotation":0},"west":{"uv":[6.25,13.125,6.375,15.75],"texture":"#1","tintindex":0,"rotation":0},"up":{"uv":[6.875,14.75,6.75,14.625],"texture":"#1","tintindex":0,"rotation":0},"down":{"uv":[14.75,6.75,14.625,6.875],"texture":"#1","tintindex":0,"rotation":0}}},{"from":[4.4,12.8,4.8],"to":[4.8,21.2,5.2],"rotation":{"origin":[-1.8,17.0,1.0],"angle":45.0,"axis":"x"},"origin":[-4.5,42.5,2.5],"faces":{"north":{"uv":[10.75,12.5,10.875,15.125],"texture":"#1","tintindex":0,"rotation":0},"east":{"uv":[6.0,13.125,6.125,15.75],"texture":"#1","tintindex":0,"rotation":0},"south":{"uv":[6.125,13.125,6.25,15.75],"texture":"#1","tintindex":0,"rotation":0},"west":{"uv":[6.25,13.125,6.375,15.75],"texture":"#1","tintindex":0,"rotation":0},"up":{"uv":[6.875,14.75,6.75,14.625],"texture":"#1","tintindex":0,"rotation":0},"down":{"uv":[14.75,6.75,14.625,6.875],"texture":"#1","tintindex":0,"rotation":0}}},{"from":[-2.0,14.0,-4.4],"to":[-1.6,22.4,-4.0],"rotation":{"origin":[-1.8,17.0,1.0],"angle":-45.0,"axis":"x"},"origin":[-4.5,42.5,2.5],"faces":{"north":{"uv":[11.5,13.125,11.625,15.75],"texture":"#1","tintindex":0,"rotation":0},"east":{"uv":[12.75,13.125,12.875,15.75],"texture":"#1","tintindex":0,"rotation":0},"south":{"uv":[12.875,13.125,13.0,15.75],"texture":"#1","tintindex":0,"rotation":0},"west":{"uv":[13.0,13.125,13.125,15.75],"texture":"#1","tintindex":0,"rotation":0},"up":{"uv":[8.0,14.75,7.875,14.625],"texture":"#1","tintindex":0,"rotation":0},"down":{"uv":[8.125,14.625,8.0,14.75],"texture":"#1","tintindex":0,"rotation":0}}},{"from":[4.4,14.0,-4.4],"to":[4.8,22.4,-4.0],"rotation":{"origin":[-1.8,17.0,1.0],"angle":-45.0,"axis":"x"},"origin":[-4.5,42.5,2.5],"faces":{"north":{"uv":[11.5,13.125,11.625,15.75],"texture":"#1","tintindex":0,"rotation":0},"east":{"uv":[12.75,13.125,12.875,15.75],"texture":"#1","tintindex":0,"rotation":0},"south":{"uv":[12.875,13.125,13.0,15.75],"texture":"#1","tintindex":0,"rotation":0},"west":{"uv":[13.0,13.125,13.125,15.75],"texture":"#1","tintindex":0,"rotation":0},"up":{"uv":[8.0,14.75,7.875,14.625],"texture":"#1","tintindex":0,"rotation":0},"down":{"uv":[8.125,14.625,8.0,14.75],"texture":"#1","tintindex":0,"rotation":0}}}],"display":{"head":{"scale":[4.0,4.0,4.0],"translation":[32.0,25.5,32.0]}}}