{"textures":{"0":"freeminecraftmodels:entity/tower_pedestal","1":"freeminecraftmodels:entity/armor_crusher_tower_texture_diamond","2":"freeminecraftmodels:entity/attachment_ram_head"},"elements":[{"from":[-3.6,10.0,-0.8],"to":[7.2,12.0,1.2],"origin":[4.500000000000002,27.5,0.5],"faces":{"north":{"uv":[4.0,4.25,7.375,4.875],"texture":"#1","tintindex":0,"rotation":0},"east":{"uv":[2.0,12.875,2.625,13.5],"texture":"#1","tintindex":0,"rotation":0},"south":{"uv":[4.375,1.0,7.75,1.625],"texture":"#1","tintindex":0,"rotation":0},"west":{"uv":[12.875,2.375,13.5,3.0],"texture":"#1","tintindex":0,"rotation":0},"up":{"uv":[7.75,2.25,4.375,1.625],"texture":"#1","tintindex":0,"rotation":0},"down":{"uv":[7.375,4.875,4.0,5.5],"texture":"#1","tintindex":0,"rotation":0}},"rotation":{"origin":[1.8000000000000007,11.0,0.2],"angle":0.0,"axis":"x"}},{"from":[7.2,9.6,-1.2],"to":[9.2,12.4,1.6],"origin":[-5.0,-12.0,0.0],"faces":{"north":{"uv":[8.25,12.5,8.875,13.375],"texture":"#1","tintindex":0,"rotation":0},"east":{"uv":[11.625,3.625,12.5,4.5],"texture":"#1","tintindex":0,"rotation":0},"south":{"uv":[8.875,12.5,9.5,13.375],"texture":"#1","tintindex":0,"rotation":0},"west":{"uv":[11.875,7.625,12.75,8.5],"texture":"#1","tintindex":0,"rotation":0},"up":{"uv":[10.125,13.375,9.5,12.5],"texture":"#1","tintindex":0,"rotation":0},"down":{"uv":[10.75,12.5,10.125,13.375],"texture":"#1","tintindex":0,"rotation":0}},"rotation":{"origin":[-2.0,-4.800000000000001,0.0],"angle":0.0,"axis":"x"}},{"from":[-7.6,9.6,1.6],"to":[-3.6,11.2,2.4],"origin":[-6.0,-12.0,0.0],"faces":{"north":{"uv":[4.0,6.75,6.5,7.75],"texture":"#2","tintindex":0,"rotation":0},"east":{"uv":[3.75,10.25,4.25,11.25],"texture":"#2","tintindex":0,"rotation":0},"south":{"uv":[6.5,6.75,9.0,7.75],"texture":"#2","tintindex":0,"rotation":0},"west":{"uv":[4.25,10.25,4.75,11.25],"texture":"#2","tintindex":0,"rotation":0},"up":{"uv":[9.75,3.5,7.25,3.0],"texture":"#2","tintindex":0,"rotation":0},"down":{"uv":[4.0,8.25,1.5,8.75],"texture":"#2","tintindex":0,"rotation":0}},"rotation":{"origin":[-2.4000000000000004,-4.800000000000001,0.0],"angle":0.0,"axis":"x"}},{"from":[-9.32,10.8,2.6],"to":[-8.12,11.6,3.0],"origin":[-21.799999999999997,28.0,7.0],"faces":{"north":{"uv":[7.0,10.25,7.75,10.75],"texture":"#2","tintindex":0,"rotation":0},"east":{"uv":[11.0,2.0,11.25,2.5],"texture":"#2","tintindex":0,"rotation":0},"south":{"uv":[7.75,10.25,8.5,10.75],"texture":"#2","tintindex":0,"rotation":0},"west":{"uv":[11.0,2.5,11.25,3.0],"texture":"#2","tintindex":0,"rotation":0},"up":{"uv":[2.75,6.75,2.0,6.5],"texture":"#2","tintindex":0,"rotation":0},"down":{"uv":[9.75,2.75,9.0,3.0],"texture":"#2","tintindex":0,"rotation":0}},"rotation":{"origin":[-8.719999999999999,11.200000000000001,2.8000000000000003],"angle":0.0,"axis":"x"}},{"from":[-6.8,13.2,-2.8],"to":[-4.48,14.4,-2.0],"rotation":{"origin":[-5.2,13.0,-2.4000000000000004],"angle":22.5,"axis":"z"},"origin":[-13.0,32.5,-6.0],"faces":{"north":{"uv":[8.5,4.5,10.0,5.25],"texture":"#2","tintindex":0,"rotation":0},"east":{"uv":[0.0,10.5,0.5,11.25],"texture":"#2","tintindex":0,"rotation":0},"south":{"uv":[8.5,7.75,10.0,8.5],"texture":"#2","tintindex":0,"rotation":0},"west":{"uv":[0.5,10.5,1.0,11.25],"texture":"#2","tintindex":0,"rotation":0},"up":{"uv":[11.25,2.0,9.75,1.5],"texture":"#2","tintindex":0,"rotation":0},"down":{"uv":[5.5,9.75,4.0,10.25],"texture":"#2","tintindex":0,"rotation":0}}},{"from":[-4.4,10.84,-2.8],"to":[-3.2,14.04,-2.0],"rotation":{"origin":[-6.0,12.600000000000001,-2.4000000000000004],"angle":22.5,"axis":"z"},"origin":[-15.0,31.5,-6.0],"faces":{"north":{"uv":[7.0,7.75,7.75,9.75],"texture":"#2","tintindex":0,"rotation":0},"east":{"uv":[2.75,3.5,3.25,5.5],"texture":"#2","tintindex":0,"rotation":0},"south":{"uv":[7.75,7.75,8.5,9.75],"texture":"#2","tintindex":0,"rotation":0},"west":{"uv":[6.0,9.0,6.5,11.0],"texture":"#2","tintindex":0,"rotation":0},"up":{"uv":[11.0,10.0,10.25,9.5],"texture":"#2","tintindex":0,"rotation":0},"down":{"uv":[1.75,10.5,1.0,11.0],"texture":"#2","tintindex":0,"rotation":0}}},{"from":[-6.4,10.84,-2.8],"to":[-4.4,12.0,-2.0],"rotation":{"origin":[-6.0,12.600000000000001,-2.4000000000000004],"angle":22.5,"axis":"z"},"origin":[-15.0,31.5,-6.0],"faces":{"north":{"uv":[9.0,6.0,10.25,6.75],"texture":"#2","tintindex":0,"rotation":0},"east":{"uv":[1.75,10.5,2.25,11.25],"texture":"#2","tintindex":0,"rotation":0},"south":{"uv":[9.0,6.75,10.25,7.5],"texture":"#2","tintindex":0,"rotation":0},"west":{"uv":[10.5,2.0,11.0,2.75],"texture":"#2","tintindex":0,"rotation":0},"up":{"uv":[11.25,5.0,10.0,4.5],"texture":"#2","tintindex":0,"rotation":0},"down":{"uv":[11.25,7.5,10.0,8.0],"texture":"#2","tintindex":0,"rotation":0}}},{"from":[-8.12,10.68,-2.68],"to":[-5.72,11.88,-2.28],"rotation":{"origin":[-7.819999999999999,11.3,-2.3000000000000003],"angle":22.5,"axis":"x"},"origin":[-19.549999999999997,28.25,-5.75],"faces":{"north":{"uv":[8.5,8.5,10.0,9.25],"texture":"#2","tintindex":0,"rotation":0},"east":{"uv":[8.25,10.75,8.5,11.5],"texture":"#2","tintindex":0,"rotation":0},"south":{"uv":[1.5,8.75,3.0,9.5],"texture":"#2","tintindex":0,"rotation":0},"west":{"uv":[10.75,10.5,11.0,11.25],"texture":"#2","tintindex":0,"rotation":0},"up":{"uv":[3.75,10.75,2.25,10.5],"texture":"#2","tintindex":0,"rotation":0},"down":{"uv":[12.0,5.25,10.5,5.5],"texture":"#2","tintindex":0,"rotation":0}}},{"from":[-9.32,10.68,-2.88],"to":[-8.12,11.48,-2.48],"origin":[-19.549999999999997,28.25,-5.75],"faces":{"north":{"uv":[10.5,5.5,11.25,6.0],"texture":"#2","tintindex":0,"rotation":0},"east":{"uv":[11.0,3.0,11.25,3.5],"texture":"#2","tintindex":0,"rotation":0},"south":{"uv":[9.0,10.5,9.75,11.0],"texture":"#2","tintindex":0,"rotation":0},"west":{"uv":[11.0,3.5,11.25,4.0],"texture":"#2","tintindex":0,"rotation":0},"up":{"uv":[9.75,7.75,9.0,7.5],"texture":"#2","tintindex":0,"rotation":0},"down":{"uv":[11.75,0.0,11.0,0.25],"texture":"#2","tintindex":0,"rotation":0}},"rotation":{"origin":[-7.819999999999999,11.3,-2.3000000000000003],"angle":0.0,"axis":"x"}},{"from":[-8.8,9.6,-1.2],"to":[-3.6,11.2,1.6],"origin":[-6.0,-12.0,0.0],"faces":{"north":{"uv":[5.25,3.5,8.5,4.5],"texture":"#2","tintindex":0,"rotation":0},"east":{"uv":[7.25,2.0,9.0,3.0],"texture":"#2","tintindex":0,"rotation":0},"south":{"uv":[5.25,4.5,8.5,5.5],"texture":"#2","tintindex":0,"rotation":0},"west":{"uv":[4.0,7.75,5.75,8.75],"texture":"#2","tintindex":0,"rotation":0},"up":{"uv":[3.25,1.75,0.0,0.0],"texture":"#2","tintindex":0,"rotation":0},"down":{"uv":[3.25,1.75,0.0,3.5],"texture":"#2","tintindex":0,"rotation":0}},"rotation":{"origin":[-2.4000000000000004,-4.800000000000001,0.0],"angle":0.0,"axis":"x"}},{"from":[-6.8,11.2,-2.0],"to":[-3.6,13.6,2.4],"origin":[-6.0,-12.0,0.0],"faces":{"north":{"uv":[0.0,6.5,2.0,8.0],"texture":"#2","tintindex":0,"rotation":0},"east":{"uv":[0.0,3.5,2.75,5.0],"texture":"#2","tintindex":0,"rotation":0},"south":{"uv":[2.0,6.75,4.0,8.25],"texture":"#2","tintindex":0,"rotation":0},"west":{"uv":[0.0,5.0,2.75,6.5],"texture":"#2","tintindex":0,"rotation":0},"up":{"uv":[5.25,2.75,3.25,0.0],"texture":"#2","tintindex":0,"rotation":0},"down":{"uv":[5.25,2.75,3.25,5.5],"texture":"#2","tintindex":0,"rotation":0}},"rotation":{"origin":[-2.4000000000000004,-4.800000000000001,0.0],"angle":0.0,"axis":"x"}},{"from":[-6.8,13.6,-1.2],"to":[-3.6,14.0,1.6],"origin":[-6.0,-12.0,0.0],"faces":{"north":{"uv":[10.25,6.0,12.25,6.25],"texture":"#2","tintindex":0,"rotation":0},"east":{"uv":[9.0,10.25,10.75,10.5],"texture":"#2","tintindex":0,"rotation":0},"south":{"uv":[10.25,6.25,12.25,6.5],"texture":"#2","tintindex":0,"rotation":0},"west":{"uv":[10.25,9.25,12.0,9.5],"texture":"#2","tintindex":0,"rotation":0},"up":{"uv":[7.25,1.75,5.25,0.0],"texture":"#2","tintindex":0,"rotation":0},"down":{"uv":[7.25,1.75,5.25,3.5],"texture":"#2","tintindex":0,"rotation":0}},"rotation":{"origin":[-2.4000000000000004,-4.800000000000001,0.0],"angle":0.0,"axis":"x"}},{"from":[-7.2,13.2,-1.6],"to":[-6.8,13.6,2.0],"origin":[-6.0,-12.0,0.0],"faces":{"north":{"uv":[1.5,8.0,1.75,8.25],"texture":"#2","tintindex":0,"rotation":0},"east":{"uv":[10.0,9.0,12.25,9.25],"texture":"#2","tintindex":0,"rotation":0},"south":{"uv":[1.75,8.0,2.0,8.25],"texture":"#2","tintindex":0,"rotation":0},"west":{"uv":[1.5,10.25,3.75,10.5],"texture":"#2","tintindex":0,"rotation":0},"up":{"uv":[5.75,12.0,5.5,9.75],"texture":"#2","tintindex":0,"rotation":0},"down":{"uv":[6.0,9.75,5.75,12.0],"texture":"#2","tintindex":0,"rotation":0}},"rotation":{"origin":[-2.4000000000000004,-4.800000000000001,0.0],"angle":0.0,"axis":"x"}},{"from":[-7.6,13.2,-0.8],"to":[-7.2,13.6,1.2],"origin":[-6.0,-12.0,0.0],"faces":{"north":{"uv":[8.5,5.25,8.75,5.5],"texture":"#2","tintindex":0,"rotation":0},"east":{"uv":[4.5,8.75,5.75,9.0],"texture":"#2","tintindex":0,"rotation":0},"south":{"uv":[8.75,5.25,9.0,5.5],"texture":"#2","tintindex":0,"rotation":0},"west":{"uv":[10.75,7.0,12.0,7.25],"texture":"#2","tintindex":0,"rotation":0},"up":{"uv":[5.5,11.5,5.25,10.25],"texture":"#2","tintindex":0,"rotation":0},"down":{"uv":[8.25,10.75,8.0,12.0],"texture":"#2","tintindex":0,"rotation":0}},"rotation":{"origin":[-2.4000000000000004,-4.800000000000001,0.0],"angle":0.0,"axis":"x"}},{"from":[-7.2,12.8,-0.4],"to":[-6.8,13.2,0.8],"origin":[-6.0,-12.0,0.0],"faces":{"north":{"uv":[4.0,9.5,4.25,9.75],"texture":"#2","tintindex":0,"rotation":0},"east":{"uv":[11.0,0.25,11.75,0.5],"texture":"#2","tintindex":0,"rotation":0},"south":{"uv":[4.25,9.5,4.5,9.75],"texture":"#2","tintindex":0,"rotation":0},"west":{"uv":[11.0,0.5,11.75,0.75],"texture":"#2","tintindex":0,"rotation":0},"up":{"uv":[11.25,1.5,11.0,0.75],"texture":"#2","tintindex":0,"rotation":0},"down":{"uv":[1.25,11.0,1.0,11.75],"texture":"#2","tintindex":0,"rotation":0}},"rotation":{"origin":[-2.4000000000000004,-4.800000000000001,0.0],"angle":0.0,"axis":"x"}},{"from":[-6.8,13.2,2.4],"to":[-4.48,14.4,3.2],"rotation":{"origin":[-5.2,13.0,2.8000000000000003],"angle":22.5,"axis":"z"},"origin":[-13.0,32.5,7.0],"faces":{"north":{"uv":[3.0,8.75,4.5,9.5],"texture":"#2","tintindex":0,"rotation":0},"east":{"uv":[9.75,10.5,10.25,11.25],"texture":"#2","tintindex":0,"rotation":0},"south":{"uv":[9.0,2.0,10.5,2.75],"texture":"#2","tintindex":0,"rotation":0},"west":{"uv":[10.25,10.5,10.75,11.25],"texture":"#2","tintindex":0,"rotation":0},"up":{"uv":[8.5,10.25,7.0,9.75],"texture":"#2","tintindex":0,"rotation":0},"down":{"uv":[1.5,10.0,0.0,10.5],"texture":"#2","tintindex":0,"rotation":0}}},{"from":[-4.4,10.84,2.4],"to":[-3.2,14.04,3.2],"rotation":{"origin":[-6.0,12.600000000000001,2.8000000000000003],"angle":22.5,"axis":"z"},"origin":[-15.0,31.5,7.0],"faces":{"north":{"uv":[0.0,8.0,0.75,10.0],"texture":"#2","tintindex":0,"rotation":0},"east":{"uv":[6.5,9.0,7.0,11.0],"texture":"#2","tintindex":0,"rotation":0},"south":{"uv":[0.75,8.0,1.5,10.0],"texture":"#2","tintindex":0,"rotation":0},"west":{"uv":[8.5,9.25,9.0,11.25],"texture":"#2","tintindex":0,"rotation":0},"up":{"uv":[3.0,11.25,2.25,10.75],"texture":"#2","tintindex":0,"rotation":0},"down":{"uv":[3.75,10.75,3.0,11.25],"texture":"#2","tintindex":0,"rotation":0}}},{"from":[-8.8,11.2,-0.8],"to":[-6.8,12.4,1.2],"origin":[-6.0,-12.0,0.0],"faces":{"north":{"uv":[9.0,9.25,10.25,10.0],"texture":"#2","tintindex":0,"rotation":0},"east":{"uv":[1.5,9.5,2.75,10.25],"texture":"#2","tintindex":0,"rotation":0},"south":{"uv":[2.75,9.5,4.0,10.25],"texture":"#2","tintindex":0,"rotation":0},"west":{"uv":[9.75,0.0,11.0,0.75],"texture":"#2","tintindex":0,"rotation":0},"up":{"uv":[9.0,6.75,7.75,5.5],"texture":"#2","tintindex":0,"rotation":0},"down":{"uv":[7.0,7.75,5.75,9.0],"texture":"#2","tintindex":0,"rotation":0}},"rotation":{"origin":[-2.4000000000000004,-4.800000000000001,0.0],"angle":0.0,"axis":"x"}},{"from":[-8.12,10.64,2.6],"to":[-5.72,11.84,3.0],"rotation":{"origin":[-6.919999999999999,11.4,2.6],"angle":-22.5,"axis":"x"},"origin":[-17.299999999999997,28.5,6.5],"faces":{"north":{"uv":[4.5,9.0,6.0,9.75],"texture":"#2","tintindex":0,"rotation":0},"east":{"uv":[1.25,11.0,1.5,11.75],"texture":"#2","tintindex":0,"rotation":0},"south":{"uv":[9.0,5.25,10.5,6.0],"texture":"#2","tintindex":0,"rotation":0},"west":{"uv":[1.5,11.0,1.75,11.75],"texture":"#2","tintindex":0,"rotation":0},"up":{"uv":[12.25,6.75,10.75,6.5],"texture":"#2","tintindex":0,"rotation":0},"down":{"uv":[12.25,6.75,10.75,7.0],"texture":"#2","tintindex":0,"rotation":0}}},{"from":[-6.4,10.84,2.4],"to":[-4.4,12.0,3.2],"rotation":{"origin":[-6.0,12.600000000000001,2.8000000000000003],"angle":22.5,"axis":"z"},"origin":[-15.0,31.5,7.0],"faces":{"north":{"uv":[9.75,0.75,11.0,1.5],"texture":"#2","tintindex":0,"rotation":0},"east":{"uv":[7.0,10.75,7.5,11.5],"texture":"#2","tintindex":0,"rotation":0},"south":{"uv":[9.75,2.75,11.0,3.5],"texture":"#2","tintindex":0,"rotation":0},"west":{"uv":[7.5,10.75,8.0,11.5],"texture":"#2","tintindex":0,"rotation":0},"up":{"uv":[11.25,8.5,10.0,8.0],"texture":"#2","tintindex":0,"rotation":0},"down":{"uv":[11.25,8.5,10.0,9.0],"texture":"#2","tintindex":0,"rotation":0}}},{"from":[-7.6,9.2,-0.8],"to":[-3.6,9.6,1.2],"origin":[-6.0,-12.0,0.0],"faces":{"north":{"uv":[10.0,5.0,12.5,5.25],"texture":"#2","tintindex":0,"rotation":0},"east":{"uv":[10.75,7.25,12.0,7.5],"texture":"#2","tintindex":0,"rotation":0},"south":{"uv":[9.0,10.0,11.5,10.25],"texture":"#2","tintindex":0,"rotation":0},"west":{"uv":[10.75,10.25,12.0,10.5],"texture":"#2","tintindex":0,"rotation":0},"up":{"uv":[5.25,6.75,2.75,5.5],"texture":"#2","tintindex":0,"rotation":0},"down":{"uv":[7.75,5.5,5.25,6.75],"texture":"#2","tintindex":0,"rotation":0}},"rotation":{"origin":[-2.4000000000000004,-4.800000000000001,0.0],"angle":0.0,"axis":"x"}},{"from":[-7.6,9.6,-2.0],"to":[-3.6,11.2,-1.2],"origin":[-6.0,-12.0,0.0],"faces":{"north":{"uv":[7.25,0.0,9.75,1.0],"texture":"#2","tintindex":0,"rotation":0},"east":{"uv":[4.75,10.25,5.25,11.25],"texture":"#2","tintindex":0,"rotation":0},"south":{"uv":[7.25,1.0,9.75,2.0],"texture":"#2","tintindex":0,"rotation":0},"west":{"uv":[10.25,6.5,10.75,7.5],"texture":"#2","tintindex":0,"rotation":0},"up":{"uv":[11.0,4.0,8.5,3.5],"texture":"#2","tintindex":0,"rotation":0},"down":{"uv":[11.0,4.0,8.5,4.5],"texture":"#2","tintindex":0,"rotation":0}},"rotation":{"origin":[-2.4000000000000004,-4.800000000000001,0.0],"angle":0.0,"axis":"x"}}],"display":{"head":{"scale":[4.0,4.0,4.0],"translation":[52.63745281810772,-22.239563144381407,31.255990314330667]}}}