{"textures":{"0":"freeminecraftmodels:entity/tower_pedestal","1":"freeminecraftmodels:entity/gold_mine_tower_texture_emerald"},"elements":[{"from":[-9.6,0.0,-9.6],"to":[9.6,3.6,9.6],"origin":[0.0,0.0,0.0],"faces":{"north":{"uv":[6.0,0.0,12.0,1.125],"texture":"#0","tintindex":0,"rotation":0},"east":{"uv":[6.0,0.0,12.0,1.125],"texture":"#0","tintindex":0,"rotation":0},"south":{"uv":[6.0,0.0,12.0,1.125],"texture":"#0","tintindex":0,"rotation":0},"west":{"uv":[6.0,0.0,12.0,1.125],"texture":"#0","tintindex":0,"rotation":0},"up":{"uv":[6.0,6.0,0.0,0.0],"texture":"#0","tintindex":0,"rotation":0},"down":{"uv":[6.0,0.0,0.0,6.0],"texture":"#0","tintindex":0,"rotation":0}},"rotation":{"origin":[0.0,0.0,0.0],"angle":0.0,"axis":"x"}},{"from":[-0.64,7.42,-7.24],"to":[-0.16,8.0,-6.76],"origin":[0.0,0.0,0.0],"faces":{"north":{"uv":[8.9375,0.0,9.0125,0.0906],"texture":"#1","tintindex":0,"rotation":0},"east":{"uv":[8.9375,0.0,9.0125,0.0906],"texture":"#1","tintindex":0,"rotation":0},"south":{"uv":[8.9375,0.0,9.0125,0.0906],"texture":"#1","tintindex":0,"rotation":0},"west":{"uv":[8.9375,0.0,9.0125,0.0906],"texture":"#1","tintindex":0,"rotation":0},"up":{"uv":[8.9375,0.0,9.0125,0.075],"texture":"#1","tintindex":0,"rotation":0},"down":{"uv":[8.9375,0.0,9.0125,0.075],"texture":"#1","tintindex":0,"rotation":0}},"rotation":{"origin":[0.0,0.0,0.0],"angle":0.0,"axis":"x"}},{"from":[-0.72,7.98,-7.32],"to":[-0.08,8.08,-6.68],"origin":[0.0,0.0,0.0],"faces":{"north":{"uv":[9.0625,0.0,9.1625,0.0156],"texture":"#1","tintindex":0,"rotation":0},"east":{"uv":[9.0625,0.0,9.1625,0.0156],"texture":"#1","tintindex":0,"rotation":0},"south":{"uv":[9.0625,0.0,9.1625,0.0156],"texture":"#1","tintindex":0,"rotation":0},"west":{"uv":[9.0625,0.0,9.1625,0.0156],"texture":"#1","tintindex":0,"rotation":0},"up":{"uv":[9.0625,0.0,9.1625,0.1],"texture":"#1","tintindex":0,"rotation":0},"down":{"uv":[9.0625,0.0,9.1625,0.1],"texture":"#1","tintindex":0,"rotation":0}},"rotation":{"origin":[0.0,0.0,0.0],"angle":0.0,"axis":"x"}},{"from":[-0.5,8.08,-7.12],"to":[-0.3,8.4,-6.92],"origin":[0.0,0.0,0.0],"faces":{"north":{"uv":[8.9375,0.125,8.9688,0.175],"texture":"#1","tintindex":0,"rotation":0},"east":{"uv":[8.9375,0.125,8.9688,0.175],"texture":"#1","tintindex":0,"rotation":0},"south":{"uv":[8.9375,0.125,8.9688,0.175],"texture":"#1","tintindex":0,"rotation":0},"west":{"uv":[8.9375,0.125,8.9688,0.175],"texture":"#1","tintindex":0,"rotation":0},"up":{"uv":[8.9375,0.125,8.9688,0.1563],"texture":"#1","tintindex":0,"rotation":0},"down":{"uv":[8.9375,0.125,8.9688,0.1563],"texture":"#1","tintindex":0,"rotation":0}},"rotation":{"origin":[0.0,0.0,0.0],"angle":0.0,"axis":"x"}},{"from":[4.8,3.6,-6.4],"to":[5.6,4.4,-6.0],"origin":[0.0,0.0,0.0],"faces":{"north":{"uv":[8.3125,0.0,8.4375,0.125],"texture":"#1","tintindex":0,"rotation":0},"east":{"uv":[8.3125,0.0,8.375,0.125],"texture":"#1","tintindex":0,"rotation":0},"south":{"uv":[8.3125,0.0,8.4375,0.125],"texture":"#1","tintindex":0,"rotation":0},"west":{"uv":[8.3125,0.0,8.375,0.125],"texture":"#1","tintindex":0,"rotation":0},"up":{"uv":[8.3125,0.0,8.4375,0.0625],"texture":"#1","tintindex":0,"rotation":0},"down":{"uv":[8.3125,0.0,8.4375,0.0625],"texture":"#1","tintindex":0,"rotation":0}},"rotation":{"origin":[0.0,0.0,0.0],"angle":0.0,"axis":"x"}},{"from":[4.8,3.6,-8.4],"to":[5.6,4.4,-8.0],"origin":[0.0,0.0,0.0],"faces":{"north":{"uv":[8.3125,0.0,8.4375,0.125],"texture":"#1","tintindex":0,"rotation":0},"east":{"uv":[8.3125,0.0,8.375,0.125],"texture":"#1","tintindex":0,"rotation":0},"south":{"uv":[8.3125,0.0,8.4375,0.125],"texture":"#1","tintindex":0,"rotation":0},"west":{"uv":[8.3125,0.0,8.375,0.125],"texture":"#1","tintindex":0,"rotation":0},"up":{"uv":[8.3125,0.0,8.4375,0.0625],"texture":"#1","tintindex":0,"rotation":0},"down":{"uv":[8.3125,0.0,8.4375,0.0625],"texture":"#1","tintindex":0,"rotation":0}},"rotation":{"origin":[0.0,0.0,0.0],"angle":0.0,"axis":"x"}},{"from":[4.0,3.6,-7.6],"to":[4.4,4.4,-6.8],"origin":[0.0,0.0,0.0],"faces":{"north":{"uv":[8.3125,0.0,8.375,0.125],"texture":"#1","tintindex":0,"rotation":0},"east":{"uv":[8.3125,0.0,8.4375,0.125],"texture":"#1","tintindex":0,"rotation":0},"south":{"uv":[8.3125,0.0,8.375,0.125],"texture":"#1","tintindex":0,"rotation":0},"west":{"uv":[8.3125,0.0,8.4375,0.125],"texture":"#1","tintindex":0,"rotation":0},"up":{"uv":[8.3125,0.0,8.375,0.125],"texture":"#1","tintindex":0,"rotation":0},"down":{"uv":[8.3125,0.0,8.375,0.125],"texture":"#1","tintindex":0,"rotation":0}},"rotation":{"origin":[0.0,0.0,0.0],"angle":0.0,"axis":"x"}},{"from":[6.0,3.6,-7.6],"to":[6.4,4.4,-6.8],"origin":[0.0,0.0,0.0],"faces":{"north":{"uv":[8.3125,0.0,8.375,0.125],"texture":"#1","tintindex":0,"rotation":0},"east":{"uv":[8.3125,0.0,8.4375,0.125],"texture":"#1","tintindex":0,"rotation":0},"south":{"uv":[8.3125,0.0,8.375,0.125],"texture":"#1","tintindex":0,"rotation":0},"west":{"uv":[8.3125,0.0,8.4375,0.125],"texture":"#1","tintindex":0,"rotation":0},"up":{"uv":[8.3125,0.0,8.375,0.125],"texture":"#1","tintindex":0,"rotation":0},"down":{"uv":[8.3125,0.0,8.375,0.125],"texture":"#1","tintindex":0,"rotation":0}},"rotation":{"origin":[0.0,0.0,0.0],"angle":0.0,"axis":"x"}},{"from":[4.8,4.8,-7.6],"to":[5.6,5.2,-6.8],"origin":[0.0,0.0,0.0],"faces":{"north":{"uv":[8.3125,0.0,8.4375,0.0625],"texture":"#1","tintindex":0,"rotation":0},"east":{"uv":[8.3125,0.0,8.4375,0.0625],"texture":"#1","tintindex":0,"rotation":0},"south":{"uv":[8.3125,0.0,8.4375,0.0625],"texture":"#1","tintindex":0,"rotation":0},"west":{"uv":[8.3125,0.0,8.4375,0.0625],"texture":"#1","tintindex":0,"rotation":0},"up":{"uv":[8.3125,0.0,8.4375,0.125],"texture":"#1","tintindex":0,"rotation":0},"down":{"uv":[8.3125,0.0,8.4375,0.125],"texture":"#1","tintindex":0,"rotation":0}},"rotation":{"origin":[0.0,0.0,0.0],"angle":0.0,"axis":"x"}},{"from":[4.4,3.6,-8.0],"to":[6.0,4.8,-6.4],"origin":[0.0,0.0,0.0],"faces":{"north":{"uv":[8.3125,0.0,8.5625,0.1875],"texture":"#1","tintindex":0,"rotation":0},"east":{"uv":[8.3125,0.0,8.5625,0.1875],"texture":"#1","tintindex":0,"rotation":0},"south":{"uv":[8.3125,0.0,8.5625,0.1875],"texture":"#1","tintindex":0,"rotation":0},"west":{"uv":[8.3125,0.0,8.5625,0.1875],"texture":"#1","tintindex":0,"rotation":0},"up":{"uv":[8.3125,0.0,8.5625,0.25],"texture":"#1","tintindex":0,"rotation":0},"down":{"uv":[8.3125,0.0,8.5625,0.25],"texture":"#1","tintindex":0,"rotation":0}},"rotation":{"origin":[0.0,0.0,0.0],"angle":0.0,"axis":"x"}},{"from":[5.2,5.2,-7.6],"to":[5.6,5.6,-7.2],"rotation":{"origin":[4.4,6.2,-7.4],"angle":-22.5,"axis":"y"},"origin":[11.0,15.5,-18.5],"faces":{"north":{"uv":[8.5625,0.1875,8.625,0.25],"texture":"#1","tintindex":0,"rotation":0},"east":{"uv":[8.5625,0.1875,8.625,0.25],"texture":"#1","tintindex":0,"rotation":0},"south":{"uv":[8.5625,0.1875,8.625,0.25],"texture":"#1","tintindex":0,"rotation":0},"west":{"uv":[8.5625,0.1875,8.625,0.25],"texture":"#1","tintindex":0,"rotation":0},"up":{"uv":[8.5625,0.1875,8.625,0.25],"texture":"#1","tintindex":0,"rotation":0},"down":{"uv":[8.5625,0.1875,8.625,0.25],"texture":"#1","tintindex":0,"rotation":0}}},{"from":[5.2,6.8,-7.6],"to":[5.6,7.2,-7.2],"rotation":{"origin":[4.4,6.2,-7.4],"angle":-22.5,"axis":"y"},"origin":[11.0,15.5,-18.5],"faces":{"north":{"uv":[8.5625,0.1875,8.625,0.25],"texture":"#1","tintindex":0,"rotation":0},"east":{"uv":[8.5625,0.1875,8.625,0.25],"texture":"#1","tintindex":0,"rotation":0},"south":{"uv":[8.5625,0.1875,8.625,0.25],"texture":"#1","tintindex":0,"rotation":0},"west":{"uv":[8.5625,0.1875,8.625,0.25],"texture":"#1","tintindex":0,"rotation":0},"up":{"uv":[8.5625,0.1875,8.625,0.25],"texture":"#1","tintindex":0,"rotation":0},"down":{"uv":[8.5625,0.1875,8.625,0.25],"texture":"#1","tintindex":0,"rotation":0}}},{"from":[5.6,5.6,-7.6],"to":[6.0,6.8,-7.2],"rotation":{"origin":[4.4,6.2,-7.4],"angle":-22.5,"axis":"y"},"origin":[11.0,15.5,-18.5],"faces":{"north":{"uv":[8.5625,0.0,8.625,0.1875],"texture":"#1","tintindex":0,"rotation":0},"east":{"uv":[8.5625,0.0,8.625,0.1875],"texture":"#1","tintindex":0,"rotation":0},"south":{"uv":[8.5625,0.0,8.625,0.1875],"texture":"#1","tintindex":0,"rotation":0},"west":{"uv":[8.5625,0.0,8.625,0.1875],"texture":"#1","tintindex":0,"rotation":0},"up":{"uv":[8.5625,0.0,8.625,0.0625],"texture":"#1","tintindex":0,"rotation":0},"down":{"uv":[8.5625,0.0,8.625,0.0625],"texture":"#1","tintindex":0,"rotation":0}}},{"from":[3.6,6.0,-7.6],"to":[5.6,6.4,-7.2],"rotation":{"origin":[4.4,6.2,-7.4],"angle":-22.5,"axis":"y"},"origin":[11.0,15.5,-18.5],"faces":{"north":{"uv":[8.625,0.0,8.9375,0.0625],"texture":"#1","tintindex":0,"rotation":0},"east":{"uv":[8.625,0.0,8.6875,0.0625],"texture":"#1","tintindex":0,"rotation":0},"south":{"uv":[8.625,0.0,8.9375,0.0625],"texture":"#1","tintindex":0,"rotation":0},"west":{"uv":[8.625,0.0,8.6875,0.0625],"texture":"#1","tintindex":0,"rotation":0},"up":{"uv":[8.625,0.0,8.9375,0.0625],"texture":"#1","tintindex":0,"rotation":0},"down":{"uv":[8.625,0.0,8.9375,0.0625],"texture":"#1","tintindex":0,"rotation":0}}},{"from":[-2.4,10.0,-7.2],"to":[1.6,11.6,-4.4],"origin":[0.0,0.0,0.0],"faces":{"north":{"uv":[6.5,1.8125,7.125,2.0625],"texture":"#1","tintindex":0,"rotation":0},"east":{"uv":[7.125,4.3125,7.5625,4.5625],"texture":"#1","tintindex":0,"rotation":0},"south":{"uv":[6.9375,5.9375,7.5625,6.1875],"texture":"#1","tintindex":0,"rotation":0},"west":{"uv":[7.1875,2.0625,7.625,2.3125],"texture":"#1","tintindex":0,"rotation":0},"up":{"uv":[1.75,5.75,1.125,5.3125],"texture":"#1","tintindex":0,"rotation":0},"down":{"uv":[6.8125,3.375,6.1875,3.8125],"texture":"#1","tintindex":0,"rotation":0}},"rotation":{"origin":[0.0,0.0,0.0],"angle":0.0,"axis":"x"}},{"from":[-4.0,8.4,-7.2],"to":[3.2,10.0,-4.4],"origin":[0.0,0.0,0.0],"faces":{"north":{"uv":[6.0625,2.0625,7.1875,2.3125],"texture":"#1","tintindex":0,"rotation":0},"east":{"uv":[7.25,0.25,7.6875,0.5],"texture":"#1","tintindex":0,"rotation":0},"south":{"uv":[0.0,6.1875,1.125,6.4375],"texture":"#1","tintindex":0,"rotation":0},"west":{"uv":[7.25,0.5,7.6875,0.75],"texture":"#1","tintindex":0,"rotation":0},"up":{"uv":[1.125,5.75,0.0,5.3125],"texture":"#1","tintindex":0,"rotation":0},"down":{"uv":[1.125,5.75,0.0,6.1875],"texture":"#1","tintindex":0,"rotation":0}},"rotation":{"origin":[0.0,0.0,0.0],"angle":0.0,"axis":"x"}},{"from":[-2.0,3.6,-8.4],"to":[-1.6,3.6,-4.4],"origin":[0.0,0.0,0.0],"faces":{"north":{"uv":[0.0,0.0,0.0625,0.0],"texture":"#1","tintindex":0,"rotation":0},"east":{"uv":[0.0,0.0,0.625,0.0],"texture":"#1","tintindex":0,"rotation":0},"south":{"uv":[0.0,0.0,0.0625,0.0],"texture":"#1","tintindex":0,"rotation":0},"west":{"uv":[0.0,0.0,0.625,0.0],"texture":"#1","tintindex":0,"rotation":0},"up":{"uv":[6.6875,8.125,6.625,7.5],"texture":"#1","tintindex":0,"rotation":0},"down":{"uv":[1.375,7.5625,1.3125,8.1875],"texture":"#1","tintindex":0,"rotation":0}},"rotation":{"origin":[0.0,0.0,0.0],"angle":0.0,"axis":"x"}},{"from":[0.8,3.6,-8.4],"to":[1.2,3.6,-4.4],"origin":[0.0,0.0,0.0],"faces":{"north":{"uv":[0.0,0.0,0.0625,0.0],"texture":"#1","tintindex":0,"rotation":0},"east":{"uv":[0.0,0.0,0.625,0.0],"texture":"#1","tintindex":0,"rotation":0},"south":{"uv":[0.0,0.0,0.0625,0.0],"texture":"#1","tintindex":0,"rotation":0},"west":{"uv":[0.0,0.0,0.625,0.0],"texture":"#1","tintindex":0,"rotation":0},"up":{"uv":[3.125,7.875,3.0625,7.25],"texture":"#1","tintindex":0,"rotation":0},"down":{"uv":[4.25,7.5,4.1875,8.125],"texture":"#1","tintindex":0,"rotation":0}},"rotation":{"origin":[0.0,0.0,0.0],"angle":0.0,"axis":"x"}},{"from":[-2.0,3.6,-6.4],"to":[-1.6,4.4,-5.6],"origin":[0.0,0.0,0.0],"faces":{"north":{"uv":[7.5625,7.5625,7.625,7.6875],"texture":"#1","tintindex":0,"rotation":0},"east":{"uv":[7.5625,5.875,7.6875,6.0],"texture":"#1","tintindex":0,"rotation":0},"south":{"uv":[7.625,2.0625,7.6875,2.1875],"texture":"#1","tintindex":0,"rotation":0},"west":{"uv":[7.5625,6.0,7.6875,6.125],"texture":"#1","tintindex":0,"rotation":0},"up":{"uv":[7.6875,2.3125,7.625,2.1875],"texture":"#1","tintindex":0,"rotation":0},"down":{"uv":[7.6875,2.4375,7.625,2.5625],"texture":"#1","tintindex":0,"rotation":0}},"rotation":{"origin":[0.0,0.0,0.0],"angle":0.0,"axis":"x"}},{"from":[0.8,3.6,-6.4],"to":[1.2,4.4,-5.6],"origin":[0.0,0.0,0.0],"faces":{"north":{"uv":[7.5625,6.8125,7.625,6.9375],"texture":"#1","tintindex":0,"rotation":0},"east":{"uv":[4.875,7.5625,5.0,7.6875],"texture":"#1","tintindex":0,"rotation":0},"south":{"uv":[7.5625,6.9375,7.625,7.0625],"texture":"#1","tintindex":0,"rotation":0},"west":{"uv":[5.875,7.5625,6.0,7.6875],"texture":"#1","tintindex":0,"rotation":0},"up":{"uv":[7.625,7.1875,7.5625,7.0625],"texture":"#1","tintindex":0,"rotation":0},"down":{"uv":[7.625,7.4375,7.5625,7.5625],"texture":"#1","tintindex":0,"rotation":0}},"rotation":{"origin":[0.0,0.0,0.0],"angle":0.0,"axis":"x"}},{"from":[-2.0,3.6,-8.4],"to":[-1.6,4.4,-7.6],"origin":[0.0,0.0,0.0],"faces":{"north":{"uv":[7.125,7.0,7.1875,7.125],"texture":"#1","tintindex":0,"rotation":0},"east":{"uv":[4.625,7.5625,4.75,7.6875],"texture":"#1","tintindex":0,"rotation":0},"south":{"uv":[5.0,7.25,5.0625,7.375],"texture":"#1","tintindex":0,"rotation":0},"west":{"uv":[4.75,7.5625,4.875,7.6875],"texture":"#1","tintindex":0,"rotation":0},"up":{"uv":[5.0625,7.5,5.0,7.375],"texture":"#1","tintindex":0,"rotation":0},"down":{"uv":[6.0625,7.5625,6.0,7.6875],"texture":"#1","tintindex":0,"rotation":0}},"rotation":{"origin":[0.0,0.0,0.0],"angle":0.0,"axis":"x"}},{"from":[0.8,3.6,-8.4],"to":[1.2,4.4,-7.6],"origin":[0.0,0.0,0.0],"faces":{"north":{"uv":[1.75,5.5625,1.8125,5.6875],"texture":"#1","tintindex":0,"rotation":0},"east":{"uv":[7.5625,4.4375,7.6875,4.5625],"texture":"#1","tintindex":0,"rotation":0},"south":{"uv":[3.375,6.0625,3.4375,6.1875],"texture":"#1","tintindex":0,"rotation":0},"west":{"uv":[4.5,7.5625,4.625,7.6875],"texture":"#1","tintindex":0,"rotation":0},"up":{"uv":[7.0625,1.5,7.0,1.375],"texture":"#1","tintindex":0,"rotation":0},"down":{"uv":[7.1875,6.875,7.125,7.0],"texture":"#1","tintindex":0,"rotation":0}},"rotation":{"origin":[0.0,0.0,0.0],"angle":0.0,"axis":"x"}},{"from":[-1.0,6.0,-7.6],"to":[-0.2,6.4,-6.4],"rotation":{"origin":[-0.3757359312880715,5.507823001044935,-6.94142135623731],"angle":22.5,"axis":"y"},"origin":[-0.9393398282201786,13.769557502612336,-17.353553390593273],"uv_offset":[123.0,0.0],"faces":{"north":{"uv":[7.875,0.1875,8.0,0.25],"texture":"#1","tintindex":0,"rotation":0},"east":{"uv":[7.6875,0.1875,7.875,0.25],"texture":"#1","tintindex":0,"rotation":0},"south":{"uv":[8.1875,0.1875,8.3125,0.25],"texture":"#1","tintindex":0,"rotation":0},"west":{"uv":[8.0,0.1875,8.1875,0.25],"texture":"#1","tintindex":0,"rotation":0},"up":{"uv":[8.0,0.1875,7.875,0.0],"texture":"#1","tintindex":0,"rotation":0},"down":{"uv":[8.125,0.0,8.0,0.1875],"texture":"#1","tintindex":0,"rotation":0}}},{"from":[-1.2,5.2,-8.0],"to":[0.4,6.0,-6.0],"origin":[-0.9393398282201786,13.769557502612336,-17.353553390593273],"faces":{"north":{"uv":[1.375,7.5625,1.625,7.6875],"texture":"#1","tintindex":0,"rotation":0},"east":{"uv":[7.5625,1.0,7.875,1.125],"texture":"#1","tintindex":0,"rotation":0},"south":{"uv":[1.625,7.5625,1.875,7.6875],"texture":"#1","tintindex":0,"rotation":0},"west":{"uv":[7.5625,1.125,7.875,1.25],"texture":"#1","tintindex":0,"rotation":0},"up":{"uv":[7.625,3.375,7.375,3.0625],"texture":"#1","tintindex":0,"rotation":0},"down":{"uv":[7.6875,1.375,7.4375,1.6875],"texture":"#1","tintindex":0,"rotation":0}},"rotation":{"origin":[-0.3757359312880715,5.507823001044935,-6.94142135623731],"angle":0.0,"axis":"x"}},{"from":[-1.6,4.0,-8.4],"to":[0.8,5.6,-5.6],"origin":[0.0,0.0,0.0],"faces":{"north":{"uv":[2.5,7.25,2.875,7.5],"texture":"#1","tintindex":0,"rotation":0},"east":{"uv":[7.1875,7.1875,7.625,7.4375],"texture":"#1","tintindex":0,"rotation":0},"south":{"uv":[7.25,2.5,7.625,2.75],"texture":"#1","tintindex":0,"rotation":0},"west":{"uv":[7.25,0.0,7.6875,0.25],"texture":"#1","tintindex":0,"rotation":0},"up":{"uv":[7.5,4.3125,7.125,3.875],"texture":"#1","tintindex":0,"rotation":0},"down":{"uv":[7.5,6.4375,7.125,6.875],"texture":"#1","tintindex":0,"rotation":0}},"rotation":{"origin":[0.0,0.0,0.0],"angle":0.0,"axis":"x"}},{"from":[-1.6,3.6,-8.0],"to":[0.8,3.6,-6.8],"origin":[0.0,0.0,0.0],"faces":{"north":{"uv":[0.0,0.0,0.375,0.0],"texture":"#1","tintindex":0,"rotation":0},"east":{"uv":[0.0,0.0,0.1875,0.0],"texture":"#1","tintindex":0,"rotation":0},"south":{"uv":[0.0,0.0,0.375,0.0],"texture":"#1","tintindex":0,"rotation":0},"west":{"uv":[0.0,0.0,0.1875,0.0],"texture":"#1","tintindex":0,"rotation":0},"up":{"uv":[7.8125,4.9375,7.4375,4.75],"texture":"#1","tintindex":0,"rotation":0},"down":{"uv":[7.5625,7.4375,7.1875,7.625],"texture":"#1","tintindex":0,"rotation":0}},"rotation":{"origin":[0.0,0.0,0.0],"angle":0.0,"axis":"x"}},{"from":[-1.6,3.6,-6.0],"to":[0.8,3.6,-4.8],"origin":[0.0,0.0,0.0],"faces":{"north":{"uv":[0.0,0.0,0.375,0.0],"texture":"#1","tintindex":0,"rotation":0},"east":{"uv":[0.0,0.0,0.1875,0.0],"texture":"#1","tintindex":0,"rotation":0},"south":{"uv":[0.0,0.0,0.375,0.0],"texture":"#1","tintindex":0,"rotation":0},"west":{"uv":[0.0,0.0,0.1875,0.0],"texture":"#1","tintindex":0,"rotation":0},"up":{"uv":[7.6875,6.375,7.3125,6.1875],"texture":"#1","tintindex":0,"rotation":0},"down":{"uv":[7.8125,4.5625,7.4375,4.75],"texture":"#1","tintindex":0,"rotation":0}},"rotation":{"origin":[0.0,0.0,0.0],"angle":0.0,"axis":"x"}},{"from":[-4.0,3.6,-6.4],"to":[-2.0,8.4,-4.4],"origin":[0.0,0.0,0.0],"faces":{"north":{"uv":[6.0625,6.4375,6.375,7.1875],"texture":"#1","tintindex":0,"rotation":0},"east":{"uv":[6.375,6.4375,6.6875,7.1875],"texture":"#1","tintindex":0,"rotation":0},"south":{"uv":[6.5,0.0,6.8125,0.75],"texture":"#1","tintindex":0,"rotation":0},"west":{"uv":[6.5,0.75,6.8125,1.5],"texture":"#1","tintindex":0,"rotation":0},"up":{"uv":[1.9375,7.5625,1.625,7.25],"texture":"#1","tintindex":0,"rotation":0},"down":{"uv":[2.25,7.25,1.9375,7.5625],"texture":"#1","tintindex":0,"rotation":0}},"rotation":{"origin":[0.0,0.0,0.0],"angle":0.0,"axis":"x"}},{"from":[1.2,3.6,-6.4],"to":[3.2,8.4,-4.4],"origin":[0.0,0.0,0.0],"faces":{"north":{"uv":[6.3125,2.5,6.625,3.25],"texture":"#1","tintindex":0,"rotation":0},"east":{"uv":[0.5,6.4375,0.8125,7.1875],"texture":"#1","tintindex":0,"rotation":0},"south":{"uv":[0.8125,6.4375,1.125,7.1875],"texture":"#1","tintindex":0,"rotation":0},"west":{"uv":[6.4375,3.8125,6.75,4.5625],"texture":"#1","tintindex":0,"rotation":0},"up":{"uv":[7.5625,1.375,7.25,1.0625],"texture":"#1","tintindex":0,"rotation":0},"down":{"uv":[1.625,7.25,1.3125,7.5625],"texture":"#1","tintindex":0,"rotation":0}},"rotation":{"origin":[0.0,0.0,0.0],"angle":0.0,"axis":"x"}},{"from":[7.2,8.0,2.8],"to":[8.4,9.6,6.4],"origin":[0.0,0.0,0.0],"faces":{"north":{"uv":[3.4375,5.625,3.625,5.875],"texture":"#1","tintindex":0,"rotation":0},"east":{"uv":[7.0625,5.0,7.625,5.25],"texture":"#1","tintindex":0,"rotation":0},"south":{"uv":[6.4375,4.5625,6.625,4.8125],"texture":"#1","tintindex":0,"rotation":0},"west":{"uv":[7.125,1.8125,7.6875,2.0625],"texture":"#1","tintindex":0,"rotation":0},"up":{"uv":[7.0,1.5,6.8125,0.9375],"texture":"#1","tintindex":0,"rotation":0},"down":{"uv":[7.0,3.25,6.8125,3.8125],"texture":"#1","tintindex":0,"rotation":0}},"rotation":{"origin":[0.0,0.0,0.0],"angle":0.0,"axis":"x"}},{"from":[-8.4,3.6,4.8],"to":[-7.6,6.8,5.6],"origin":[0.0,0.0,0.0],"faces":{"north":{"uv":[6.8125,5.25,6.9375,5.75],"texture":"#1","tintindex":0,"rotation":0},"east":{"uv":[2.75,7.5,2.875,8.0],"texture":"#1","tintindex":0,"rotation":0},"south":{"uv":[4.0625,7.5,4.1875,8.0],"texture":"#1","tintindex":0,"rotation":0},"west":{"uv":[6.3125,7.5,6.4375,8.0],"texture":"#1","tintindex":0,"rotation":0},"up":{"uv":[2.25,7.6875,2.125,7.5625],"texture":"#1","tintindex":0,"rotation":0},"down":{"uv":[7.6875,4.3125,7.5625,4.4375],"texture":"#1","tintindex":0,"rotation":0}},"rotation":{"origin":[0.0,0.0,0.0],"angle":0.0,"axis":"x"}},{"from":[-7.6,3.6,6.0],"to":[-6.0,6.8,8.0],"origin":[0.0,0.0,0.0],"faces":{"north":{"uv":[4.25,7.1875,4.5,7.6875],"texture":"#1","tintindex":0,"rotation":0},"east":{"uv":[6.875,7.125,7.1875,7.625],"texture":"#1","tintindex":0,"rotation":0},"south":{"uv":[6.0625,7.1875,6.3125,7.6875],"texture":"#1","tintindex":0,"rotation":0},"west":{"uv":[0.5,7.1875,0.8125,7.6875],"texture":"#1","tintindex":0,"rotation":0},"up":{"uv":[0.5,7.6875,0.25,7.375],"texture":"#1","tintindex":0,"rotation":0},"down":{"uv":[7.625,2.75,7.375,3.0625],"texture":"#1","tintindex":0,"rotation":0}},"rotation":{"origin":[0.0,0.0,0.0],"angle":0.0,"axis":"x"}},{"from":[-7.6,3.6,5.2],"to":[-6.0,8.4,6.0],"origin":[0.0,0.0,0.0],"faces":{"north":{"uv":[6.625,2.5,6.875,3.25],"texture":"#1","tintindex":0,"rotation":0},"east":{"uv":[2.25,7.25,2.375,8.0],"texture":"#1","tintindex":0,"rotation":0},"south":{"uv":[6.75,3.8125,7.0,4.5625],"texture":"#1","tintindex":0,"rotation":0},"west":{"uv":[2.375,7.25,2.5,8.0],"texture":"#1","tintindex":0,"rotation":0},"up":{"uv":[7.5,3.875,7.25,3.75],"texture":"#1","tintindex":0,"rotation":0},"down":{"uv":[7.8125,1.25,7.5625,1.375],"texture":"#1","tintindex":0,"rotation":0}},"rotation":{"origin":[0.0,0.0,0.0],"angle":0.0,"axis":"x"}},{"from":[-7.6,3.6,-4.4],"to":[-6.0,10.0,-2.4],"origin":[0.0,0.0,0.0],"faces":{"north":{"uv":[6.25,0.0,6.5,1.0],"texture":"#1","tintindex":0,"rotation":0},"east":{"uv":[5.5625,5.9375,5.875,6.9375],"texture":"#1","tintindex":0,"rotation":0},"south":{"uv":[6.25,1.0,6.5,2.0],"texture":"#1","tintindex":0,"rotation":0},"west":{"uv":[6.0,2.375,6.3125,3.375],"texture":"#1","tintindex":0,"rotation":0},"up":{"uv":[5.0,7.5625,4.75,7.25],"texture":"#1","tintindex":0,"rotation":0},"down":{"uv":[0.25,7.375,0.0,7.6875],"texture":"#1","tintindex":0,"rotation":0}},"rotation":{"origin":[0.0,0.0,0.0],"angle":0.0,"axis":"x"}},{"from":[-8.4,3.6,-4.0],"to":[-7.6,8.0,4.8],"origin":[0.0,0.0,0.0],"faces":{"north":{"uv":[7.25,2.75,7.375,3.4375],"texture":"#1","tintindex":0,"rotation":0},"east":{"uv":[4.875,1.375,6.25,2.0625],"texture":"#1","tintindex":0,"rotation":0},"south":{"uv":[2.875,7.25,3.0,7.9375],"texture":"#1","tintindex":0,"rotation":0},"west":{"uv":[1.8125,5.0625,3.1875,5.75],"texture":"#1","tintindex":0,"rotation":0},"up":{"uv":[7.125,4.5625,7.0,3.1875],"texture":"#1","tintindex":0,"rotation":0},"down":{"uv":[7.25,2.5,7.125,3.875],"texture":"#1","tintindex":0,"rotation":0}},"rotation":{"origin":[0.0,0.0,0.0],"angle":0.0,"axis":"x"}},{"from":[7.2,3.6,-2.4],"to":[8.4,8.0,6.4],"origin":[0.0,0.0,0.0],"faces":{"north":{"uv":[3.125,7.125,3.3125,7.8125],"texture":"#1","tintindex":0,"rotation":0},"east":{"uv":[4.875,0.0,6.25,0.6875],"texture":"#1","tintindex":0,"rotation":0},"south":{"uv":[0.8125,7.1875,1.0,7.875],"texture":"#1","tintindex":0,"rotation":0},"west":{"uv":[4.875,0.6875,6.25,1.375],"texture":"#1","tintindex":0,"rotation":0},"up":{"uv":[6.375,6.25,6.1875,4.875],"texture":"#1","tintindex":0,"rotation":0},"down":{"uv":[6.0625,6.1875,5.875,7.5625],"texture":"#1","tintindex":0,"rotation":0}},"rotation":{"origin":[0.0,0.0,0.0],"angle":0.0,"axis":"x"}},{"from":[5.6,3.6,-2.4],"to":[7.2,11.2,5.2],"origin":[0.0,0.0,0.0],"faces":{"north":{"uv":[2.125,6.0625,2.375,7.25],"texture":"#1","tintindex":0,"rotation":0},"east":{"uv":[3.625,4.75,4.8125,5.9375],"texture":"#1","tintindex":0,"rotation":0},"south":{"uv":[2.375,6.0625,2.625,7.25],"texture":"#1","tintindex":0,"rotation":0},"west":{"uv":[4.8125,2.375,6.0,3.5625],"texture":"#1","tintindex":0,"rotation":0},"up":{"uv":[2.875,7.25,2.625,6.0625],"texture":"#1","tintindex":0,"rotation":0},"down":{"uv":[3.125,6.0625,2.875,7.25],"texture":"#1","tintindex":0,"rotation":0}},"rotation":{"origin":[0.0,0.0,0.0],"angle":0.0,"axis":"x"}},{"from":[4.0,3.6,7.2],"to":[4.4,10.4,8.8],"origin":[0.0,0.0,0.0],"faces":{"north":{"uv":[5.5,7.1875,5.5625,8.25],"texture":"#1","tintindex":0,"rotation":0},"east":{"uv":[3.125,6.0625,3.375,7.125],"texture":"#1","tintindex":0,"rotation":0},"south":{"uv":[3.0,7.25,3.0625,8.3125],"texture":"#1","tintindex":0,"rotation":0},"west":{"uv":[6.1875,3.8125,6.4375,4.875],"texture":"#1","tintindex":0,"rotation":0},"up":{"uv":[1.8125,5.5625,1.75,5.3125],"texture":"#1","tintindex":0,"rotation":0},"down":{"uv":[5.9375,5.9375,5.875,6.1875],"texture":"#1","tintindex":0,"rotation":0}},"rotation":{"origin":[0.0,0.0,0.0],"angle":0.0,"axis":"x"}},{"from":[5.6,3.6,-3.6],"to":[7.2,9.6,-2.4],"origin":[0.0,0.0,0.0],"faces":{"north":{"uv":[0.0,6.4375,0.25,7.375],"texture":"#1","tintindex":0,"rotation":0},"east":{"uv":[6.8125,0.0,7.0,0.9375],"texture":"#1","tintindex":0,"rotation":0},"south":{"uv":[0.25,6.4375,0.5,7.375],"texture":"#1","tintindex":0,"rotation":0},"west":{"uv":[3.375,6.8125,3.5625,7.75],"texture":"#1","tintindex":0,"rotation":0},"up":{"uv":[7.75,4.3125,7.5,4.125],"texture":"#1","tintindex":0,"rotation":0},"down":{"uv":[7.75,6.375,7.5,6.5625],"texture":"#1","tintindex":0,"rotation":0}},"rotation":{"origin":[0.0,0.0,0.0],"angle":0.0,"axis":"x"}},{"from":[5.6,3.6,-5.2],"to":[7.2,8.0,-3.6],"origin":[0.0,0.0,0.0],"faces":{"north":{"uv":[6.9375,5.25,7.1875,5.9375],"texture":"#1","tintindex":0,"rotation":0},"east":{"uv":[5.5625,6.9375,5.8125,7.625],"texture":"#1","tintindex":0,"rotation":0},"south":{"uv":[7.0,0.0,7.25,0.6875],"texture":"#1","tintindex":0,"rotation":0},"west":{"uv":[7.0,0.6875,7.25,1.375],"texture":"#1","tintindex":0,"rotation":0},"up":{"uv":[5.25,7.75,5.0,7.5],"texture":"#1","tintindex":0,"rotation":0},"down":{"uv":[5.5,7.5,5.25,7.75],"texture":"#1","tintindex":0,"rotation":0}},"rotation":{"origin":[0.0,0.0,0.0],"angle":0.0,"axis":"x"}},{"from":[6.0,3.6,7.2],"to":[7.6,8.0,8.8],"origin":[0.0,0.0,0.0],"faces":{"north":{"uv":[3.5625,6.8125,3.8125,7.5],"texture":"#1","tintindex":0,"rotation":0},"east":{"uv":[6.8125,4.5625,7.0625,5.25],"texture":"#1","tintindex":0,"rotation":0},"south":{"uv":[6.875,2.5,7.125,3.1875],"texture":"#1","tintindex":0,"rotation":0},"west":{"uv":[6.875,6.4375,7.125,7.125],"texture":"#1","tintindex":0,"rotation":0},"up":{"uv":[4.0625,7.75,3.8125,7.5],"texture":"#1","tintindex":0,"rotation":0},"down":{"uv":[7.75,3.875,7.5,4.125],"texture":"#1","tintindex":0,"rotation":0}},"rotation":{"origin":[0.0,0.0,0.0],"angle":0.0,"axis":"x"}},{"from":[4.4,3.6,7.2],"to":[6.0,9.6,8.8],"origin":[0.0,0.0,0.0],"faces":{"north":{"uv":[3.8125,6.25,4.0625,7.1875],"texture":"#1","tintindex":0,"rotation":0},"east":{"uv":[4.0625,6.25,4.3125,7.1875],"texture":"#1","tintindex":0,"rotation":0},"south":{"uv":[4.3125,6.25,4.5625,7.1875],"texture":"#1","tintindex":0,"rotation":0},"west":{"uv":[6.375,4.875,6.625,5.8125],"texture":"#1","tintindex":0,"rotation":0},"up":{"uv":[3.8125,7.75,3.5625,7.5],"texture":"#1","tintindex":0,"rotation":0},"down":{"uv":[7.75,3.625,7.5,3.875],"texture":"#1","tintindex":0,"rotation":0}},"rotation":{"origin":[0.0,0.0,0.0],"angle":0.0,"axis":"x"}},{"from":[5.6,3.6,5.2],"to":[7.2,11.6,5.6],"origin":[0.0,0.0,0.0],"faces":{"north":{"uv":[5.0625,5.9375,5.3125,7.1875],"texture":"#1","tintindex":0,"rotation":0},"east":{"uv":[5.8125,6.9375,5.875,8.1875],"texture":"#1","tintindex":0,"rotation":0},"south":{"uv":[5.3125,5.9375,5.5625,7.1875],"texture":"#1","tintindex":0,"rotation":0},"west":{"uv":[3.3125,7.125,3.375,8.375],"texture":"#1","tintindex":0,"rotation":0},"up":{"uv":[6.3125,2.375,6.0625,2.3125],"texture":"#1","tintindex":0,"rotation":0},"down":{"uv":[6.5,2.0,6.25,2.0625],"texture":"#1","tintindex":0,"rotation":0}},"rotation":{"origin":[0.0,0.0,0.0],"angle":0.0,"axis":"x"}},{"from":[5.6,3.6,5.6],"to":[7.2,12.0,7.2],"origin":[0.0,0.0,0.0],"faces":{"north":{"uv":[5.9375,3.5625,6.1875,4.875],"texture":"#1","tintindex":0,"rotation":0},"east":{"uv":[4.5625,5.9375,4.8125,7.25],"texture":"#1","tintindex":0,"rotation":0},"south":{"uv":[4.8125,5.9375,5.0625,7.25],"texture":"#1","tintindex":0,"rotation":0},"west":{"uv":[5.9375,4.875,6.1875,6.1875],"texture":"#1","tintindex":0,"rotation":0},"up":{"uv":[2.75,7.75,2.5,7.5],"texture":"#1","tintindex":0,"rotation":0},"down":{"uv":[7.75,3.375,7.5,3.625],"texture":"#1","tintindex":0,"rotation":0}},"rotation":{"origin":[0.0,0.0,0.0],"angle":0.0,"axis":"x"}},{"from":[-4.0,3.6,7.2],"to":[4.0,11.2,8.4],"origin":[0.0,0.0,0.0],"faces":{"north":{"uv":[3.625,0.0,4.875,1.1875],"texture":"#1","tintindex":0,"rotation":0},"east":{"uv":[6.625,4.5625,6.8125,5.75],"texture":"#1","tintindex":0,"rotation":0},"south":{"uv":[3.625,1.1875,4.875,2.375],"texture":"#1","tintindex":0,"rotation":0},"west":{"uv":[6.6875,6.4375,6.875,7.625],"texture":"#1","tintindex":0,"rotation":0},"up":{"uv":[7.3125,6.4375,6.0625,6.25],"texture":"#1","tintindex":0,"rotation":0},"down":{"uv":[7.5625,2.3125,6.3125,2.5],"texture":"#1","tintindex":0,"rotation":0}},"rotation":{"origin":[0.0,0.0,0.0],"angle":0.0,"axis":"x"}},{"from":[-7.6,3.6,-2.4],"to":[-6.0,11.2,5.2],"origin":[0.0,0.0,0.0],"faces":{"north":{"uv":[1.125,6.0625,1.375,7.25],"texture":"#1","tintindex":0,"rotation":0},"east":{"uv":[3.625,2.375,4.8125,3.5625],"texture":"#1","tintindex":0,"rotation":0},"south":{"uv":[1.375,6.0625,1.625,7.25],"texture":"#1","tintindex":0,"rotation":0},"west":{"uv":[3.625,3.5625,4.8125,4.75],"texture":"#1","tintindex":0,"rotation":0},"up":{"uv":[1.875,7.25,1.625,6.0625],"texture":"#1","tintindex":0,"rotation":0},"down":{"uv":[2.125,6.0625,1.875,7.25],"texture":"#1","tintindex":0,"rotation":0}},"rotation":{"origin":[0.0,0.0,0.0],"angle":0.0,"axis":"x"}},{"from":[3.2,14.4,4.8],"to":[5.2,15.2,6.8],"origin":[0.0,0.0,0.0],"faces":{"north":{"uv":[7.4375,1.6875,7.75,1.8125],"texture":"#1","tintindex":0,"rotation":0},"east":{"uv":[7.5625,0.75,7.875,0.875],"texture":"#1","tintindex":0,"rotation":0},"south":{"uv":[7.5625,0.875,7.875,1.0],"texture":"#1","tintindex":0,"rotation":0},"west":{"uv":[1.0,7.5625,1.3125,7.6875],"texture":"#1","tintindex":0,"rotation":0},"up":{"uv":[7.5625,1.0625,7.25,0.75],"texture":"#1","tintindex":0,"rotation":0},"down":{"uv":[1.3125,7.25,1.0,7.5625],"texture":"#1","tintindex":0,"rotation":0}},"rotation":{"origin":[0.0,0.0,0.0],"angle":0.0,"axis":"x"}},{"from":[3.2,16.4,-3.6],"to":[4.8,17.2,-1.6],"origin":[0.0,0.0,0.0],"faces":{"north":{"uv":[3.1875,5.625,3.4375,5.75],"texture":"#1","tintindex":0,"rotation":0},"east":{"uv":[6.3125,3.25,6.625,3.375],"texture":"#1","tintindex":0,"rotation":0},"south":{"uv":[6.6875,6.125,6.9375,6.25],"texture":"#1","tintindex":0,"rotation":0},"west":{"uv":[6.375,6.125,6.6875,6.25],"texture":"#1","tintindex":0,"rotation":0},"up":{"uv":[7.5,3.75,7.25,3.4375],"texture":"#1","tintindex":0,"rotation":0},"down":{"uv":[4.75,7.25,4.5,7.5625],"texture":"#1","tintindex":0,"rotation":0}},"rotation":{"origin":[0.0,0.0,0.0],"angle":0.0,"axis":"x"}},{"from":[2.8,14.4,-4.0],"to":[5.2,16.4,-1.2],"origin":[0.0,0.0,0.0],"faces":{"north":{"uv":[6.3125,7.1875,6.6875,7.5],"texture":"#1","tintindex":0,"rotation":0},"east":{"uv":[7.1875,5.25,7.625,5.5625],"texture":"#1","tintindex":0,"rotation":0},"south":{"uv":[7.1875,6.875,7.5625,7.1875],"texture":"#1","tintindex":0,"rotation":0},"west":{"uv":[7.1875,5.5625,7.625,5.875],"texture":"#1","tintindex":0,"rotation":0},"up":{"uv":[7.4375,1.8125,7.0625,1.375],"texture":"#1","tintindex":0,"rotation":0},"down":{"uv":[7.4375,4.5625,7.0625,5.0],"texture":"#1","tintindex":0,"rotation":0}},"rotation":{"origin":[0.0,0.0,0.0],"angle":0.0,"axis":"x"}},{"from":[-3.6,16.4,0.4],"to":[-0.8,18.4,4.0],"origin":[0.0,0.0,0.0],"faces":{"north":{"uv":[3.8125,7.1875,4.25,7.5],"texture":"#1","tintindex":0,"rotation":0},"east":{"uv":[6.375,5.8125,6.9375,6.125],"texture":"#1","tintindex":0,"rotation":0},"south":{"uv":[5.0625,7.1875,5.5,7.5],"texture":"#1","tintindex":0,"rotation":0},"west":{"uv":[6.5,1.5,7.0625,1.8125],"texture":"#1","tintindex":0,"rotation":0},"up":{"uv":[3.625,5.625,3.1875,5.0625],"texture":"#1","tintindex":0,"rotation":0},"down":{"uv":[3.8125,6.25,3.375,6.8125],"texture":"#1","tintindex":0,"rotation":0}},"rotation":{"origin":[0.0,0.0,0.0],"angle":0.0,"axis":"x"}},{"from":[-4.4,14.4,-2.4],"to":[2.8,16.4,5.2],"origin":[0.0,0.0,0.0],"faces":{"north":{"uv":[2.3125,5.75,3.4375,6.0625],"texture":"#1","tintindex":0,"rotation":0},"east":{"uv":[4.875,2.0625,6.0625,2.375],"texture":"#1","tintindex":0,"rotation":0},"south":{"uv":[3.4375,5.9375,4.5625,6.25],"texture":"#1","tintindex":0,"rotation":0},"west":{"uv":[1.125,5.75,2.3125,6.0625],"texture":"#1","tintindex":0,"rotation":0},"up":{"uv":[5.9375,4.75,4.8125,3.5625],"texture":"#1","tintindex":0,"rotation":0},"down":{"uv":[5.9375,4.75,4.8125,5.9375],"texture":"#1","tintindex":0,"rotation":0}},"rotation":{"origin":[0.0,0.0,0.0],"angle":0.0,"axis":"x"}},{"from":[-6.0,3.6,-4.4],"to":[5.6,14.4,7.2],"origin":[0.0,0.0,0.0],"faces":{"north":{"uv":[1.8125,0.0,3.625,1.6875],"texture":"#1","tintindex":0,"rotation":0},"east":{"uv":[1.8125,1.6875,3.625,3.375],"texture":"#1","tintindex":0,"rotation":0},"south":{"uv":[1.8125,3.375,3.625,5.0625],"texture":"#1","tintindex":0,"rotation":0},"west":{"uv":[0.0,3.625,1.8125,5.3125],"texture":"#1","tintindex":0,"rotation":0},"up":{"uv":[1.8125,1.8125,0.0,0.0],"texture":"#1","tintindex":0,"rotation":0},"down":{"uv":[1.8125,1.8125,0.0,3.625],"texture":"#1","tintindex":0,"rotation":0}},"rotation":{"origin":[0.0,0.0,0.0],"angle":0.0,"axis":"x"}}],"display":{"head":{"scale":[4.0,4.0,4.0],"translation":[32.0,25.5,32.0]}}}