{"textures":{"0":"freeminecraftmodels:entity/spyglass_tower_stone","1":"freeminecraftmodels:entity/tower_pedestal"},"elements":[{"from":[-9.6,0.0,-9.6],"to":[9.6,3.6,9.6],"origin":[0.0,0.0,0.0],"faces":{"north":{"uv":[6.0,0.0,12.0,1.125],"texture":"#1","tintindex":0,"rotation":0},"east":{"uv":[6.0,1.125,12.0,2.25],"texture":"#1","tintindex":0,"rotation":0},"south":{"uv":[6.0,2.25,12.0,3.375],"texture":"#1","tintindex":0,"rotation":0},"west":{"uv":[6.0,3.375,12.0,4.5],"texture":"#1","tintindex":0,"rotation":0},"up":{"uv":[6.0,6.0,0.0,0.0],"texture":"#1","tintindex":0,"rotation":0},"down":{"uv":[6.0,6.0,0.0,12.0],"texture":"#1","tintindex":0,"rotation":0}},"rotation":{"origin":[0.0,0.0,0.0],"angle":0.0,"axis":"x"}},{"from":[-4.0,19.2,4.4],"to":[4.0,20.0,5.2],"origin":[0.0,0.0,0.0],"faces":{"north":{"uv":[3.125,5.0,4.375,5.125],"texture":"#0","tintindex":0,"rotation":0},"east":{"uv":[3.0,5.0,3.125,5.125],"texture":"#0","tintindex":0,"rotation":0},"south":{"uv":[3.125,5.0,4.375,5.125],"texture":"#0","tintindex":0,"rotation":0},"west":{"uv":[3.0,5.0,3.125,5.125],"texture":"#0","tintindex":0,"rotation":0},"up":{"uv":[3.125,5.0,4.375,5.125],"texture":"#0","tintindex":0,"rotation":0},"down":{"uv":[3.125,5.0,4.375,5.125],"texture":"#0","tintindex":0,"rotation":0}},"rotation":{"origin":[0.0,0.0,0.0],"angle":0.0,"axis":"x"}},{"from":[-4.0,19.2,-5.2],"to":[4.0,20.0,-4.4],"origin":[0.0,0.0,0.0],"faces":{"north":{"uv":[3.125,5.0,4.375,5.125],"texture":"#0","tintindex":0,"rotation":0},"east":{"uv":[3.0,5.0,3.125,5.125],"texture":"#0","tintindex":0,"rotation":0},"south":{"uv":[3.125,5.0,4.375,5.125],"texture":"#0","tintindex":0,"rotation":0},"west":{"uv":[3.0,5.0,3.125,5.125],"texture":"#0","tintindex":0,"rotation":0},"up":{"uv":[3.125,5.0,4.375,5.125],"texture":"#0","tintindex":0,"rotation":0},"down":{"uv":[3.125,5.0,4.375,5.125],"texture":"#0","tintindex":0,"rotation":0}},"rotation":{"origin":[0.0,0.0,0.0],"angle":0.0,"axis":"x"}},{"from":[-5.2,19.2,-4.4],"to":[5.2,20.0,4.4],"origin":[0.0,0.0,0.0],"faces":{"north":{"uv":[3.0,4.875,4.625,5.0],"texture":"#0","tintindex":0,"rotation":0},"east":{"uv":[3.0,3.375,4.375,3.5],"texture":"#0","tintindex":0,"rotation":0},"south":{"uv":[3.0,4.875,4.625,5.0],"texture":"#0","tintindex":0,"rotation":0},"west":{"uv":[3.0,3.375,4.375,3.5],"texture":"#0","tintindex":0,"rotation":0},"up":{"uv":[3.0,3.5,4.625,4.875],"texture":"#0","tintindex":0,"rotation":0},"down":{"uv":[3.0,3.5,4.625,4.875],"texture":"#0","tintindex":0,"rotation":0}},"rotation":{"origin":[0.0,0.0,0.0],"angle":0.0,"axis":"x"}},{"from":[-0.8,28.4,-1.6],"to":[0.8,28.8,-0.8],"rotation":{"origin":[0.0,20.200000000000003,0.0],"angle":-22.5,"axis":"x"},"origin":[0.0,50.5,0.0],"faces":{"north":{"uv":[6.875,0.0625,7.125,0.125],"texture":"#0","tintindex":0,"rotation":0},"east":{"uv":[6.75,0.0625,6.875,0.125],"texture":"#0","tintindex":0,"rotation":0},"south":{"uv":[6.875,0.0625,7.125,0.125],"texture":"#0","tintindex":0,"rotation":0},"west":{"uv":[6.75,0.0625,6.875,0.125],"texture":"#0","tintindex":0,"rotation":0},"up":{"uv":[6.625,0.125,6.875,0.25],"texture":"#0","tintindex":0,"rotation":0},"down":{"uv":[6.625,0.125,6.875,0.25],"texture":"#0","tintindex":0,"rotation":0}}},{"from":[-0.8,28.4,0.8],"to":[0.8,28.8,1.6],"rotation":{"origin":[0.0,20.200000000000003,0.0],"angle":-22.5,"axis":"x"},"origin":[0.0,50.5,0.0],"faces":{"north":{"uv":[6.875,0.0625,7.125,0.125],"texture":"#0","tintindex":0,"rotation":0},"east":{"uv":[6.75,0.0625,6.875,0.125],"texture":"#0","tintindex":0,"rotation":0},"south":{"uv":[6.875,0.0625,7.125,0.125],"texture":"#0","tintindex":0,"rotation":0},"west":{"uv":[6.75,0.0625,6.875,0.125],"texture":"#0","tintindex":0,"rotation":0},"up":{"uv":[6.625,0.125,6.875,0.25],"texture":"#0","tintindex":0,"rotation":0},"down":{"uv":[6.625,0.125,6.875,0.25],"texture":"#0","tintindex":0,"rotation":0}}},{"from":[0.8,28.4,-1.6],"to":[1.6,28.8,1.6],"rotation":{"origin":[0.0,20.200000000000003,0.0],"angle":-22.5,"axis":"x"},"origin":[0.0,50.5,0.0],"faces":{"north":{"uv":[6.625,0.0625,6.75,0.125],"texture":"#0","tintindex":0,"rotation":0},"east":{"uv":[6.625,0.0,7.125,0.0625],"texture":"#0","tintindex":0,"rotation":0},"south":{"uv":[6.625,0.0625,6.75,0.125],"texture":"#0","tintindex":0,"rotation":0},"west":{"uv":[6.625,0.0,7.125,0.0625],"texture":"#0","tintindex":0,"rotation":0},"up":{"uv":[6.5,0.0,6.625,0.5],"texture":"#0","tintindex":0,"rotation":0},"down":{"uv":[6.5,0.0,6.625,0.5],"texture":"#0","tintindex":0,"rotation":0}}},{"from":[-1.6,28.4,-1.6],"to":[-0.8,28.8,1.6],"rotation":{"origin":[0.0,20.200000000000003,0.0],"angle":-22.5,"axis":"x"},"origin":[0.0,50.5,0.0],"faces":{"north":{"uv":[6.625,0.0625,6.75,0.125],"texture":"#0","tintindex":0,"rotation":0},"east":{"uv":[6.625,0.0,7.125,0.0625],"texture":"#0","tintindex":0,"rotation":0},"south":{"uv":[6.625,0.0625,6.75,0.125],"texture":"#0","tintindex":0,"rotation":0},"west":{"uv":[6.625,0.0,7.125,0.0625],"texture":"#0","tintindex":0,"rotation":0},"up":{"uv":[6.5,0.0,6.625,0.5],"texture":"#0","tintindex":0,"rotation":0},"down":{"uv":[6.5,0.0,6.625,0.5],"texture":"#0","tintindex":0,"rotation":0}}},{"from":[-1.6,27.2,-1.6],"to":[1.6,28.4,1.6],"rotation":{"origin":[0.0,20.200000000000003,0.0],"angle":-22.5,"axis":"x"},"origin":[0.0,50.5,0.0],"faces":{"north":{"uv":[6.5,1.0625,7.0,1.25],"texture":"#0","tintindex":0,"rotation":0},"east":{"uv":[6.5,1.0625,7.0,1.25],"texture":"#0","tintindex":0,"rotation":0},"south":{"uv":[6.5,1.0625,7.0,1.25],"texture":"#0","tintindex":0,"rotation":0},"west":{"uv":[6.5,1.0625,7.0,1.25],"texture":"#0","tintindex":0,"rotation":0},"up":{"uv":[6.0,1.0625,6.5,1.5625],"texture":"#0","tintindex":0,"rotation":0},"down":{"uv":[6.0,1.0625,6.5,1.5625],"texture":"#0","tintindex":0,"rotation":0}}},{"from":[-1.2,23.2,-1.2],"to":[1.2,27.2,1.2],"rotation":{"origin":[0.0,20.200000000000003,0.0],"angle":-22.5,"axis":"x"},"origin":[0.0,50.5,0.0],"faces":{"north":{"uv":[6.0,0.5625,6.375,1.0625],"texture":"#0","tintindex":0,"rotation":0},"east":{"uv":[6.0,0.5625,6.375,1.0625],"texture":"#0","tintindex":0,"rotation":0},"south":{"uv":[6.0,0.5625,6.375,1.0625],"texture":"#0","tintindex":0,"rotation":0},"west":{"uv":[6.0,0.5625,6.375,1.0625],"texture":"#0","tintindex":0,"rotation":0},"up":{"uv":[6.375,0.5625,6.75,0.9375],"texture":"#0","tintindex":0,"rotation":0},"down":{"uv":[6.375,0.5625,6.75,0.9375],"texture":"#0","tintindex":0,"rotation":0}}},{"from":[-0.8,19.6,-0.8],"to":[0.8,23.2,0.8],"rotation":{"origin":[0.0,20.200000000000003,0.0],"angle":-22.5,"axis":"x"},"origin":[0.0,50.5,0.0],"faces":{"north":{"uv":[6.25,0.0,6.5,0.5625],"texture":"#0","tintindex":0,"rotation":0},"east":{"uv":[6.25,0.0,6.5,0.5625],"texture":"#0","tintindex":0,"rotation":0},"south":{"uv":[6.25,0.0,6.5,0.5625],"texture":"#0","tintindex":0,"rotation":0},"west":{"uv":[6.25,0.0,6.5,0.5625],"texture":"#0","tintindex":0,"rotation":0},"up":{"uv":[6.0,0.0,6.25,0.25],"texture":"#0","tintindex":0,"rotation":0},"down":{"uv":[6.0,0.0,6.25,0.25],"texture":"#0","tintindex":0,"rotation":0}}},{"from":[-5.2,14.0,4.4],"to":[-4.4,20.4,5.2],"origin":[0.0,0.0,0.0],"faces":{"north":{"uv":[6.25,3.875,6.375,4.875],"texture":"#0","tintindex":0,"rotation":0},"east":{"uv":[6.25,3.875,6.375,4.875],"texture":"#0","tintindex":0,"rotation":0},"south":{"uv":[6.25,3.875,6.375,4.875],"texture":"#0","tintindex":0,"rotation":0},"west":{"uv":[6.25,3.875,6.375,4.875],"texture":"#0","tintindex":0,"rotation":0},"up":{"uv":[6.125,4.0,6.25,4.125],"texture":"#0","tintindex":0,"rotation":0},"down":{"uv":[6.125,4.0,6.25,4.125],"texture":"#0","tintindex":0,"rotation":0}},"rotation":{"origin":[0.0,0.0,0.0],"angle":0.0,"axis":"x"}},{"from":[-5.2,14.0,-5.2],"to":[-4.4,20.4,-4.4],"origin":[0.0,0.0,0.0],"faces":{"north":{"uv":[6.25,3.875,6.375,4.875],"texture":"#0","tintindex":0,"rotation":0},"east":{"uv":[6.25,3.875,6.375,4.875],"texture":"#0","tintindex":0,"rotation":0},"south":{"uv":[6.25,3.875,6.375,4.875],"texture":"#0","tintindex":0,"rotation":0},"west":{"uv":[6.25,3.875,6.375,4.875],"texture":"#0","tintindex":0,"rotation":0},"up":{"uv":[6.125,4.0,6.25,4.125],"texture":"#0","tintindex":0,"rotation":0},"down":{"uv":[6.125,4.0,6.25,4.125],"texture":"#0","tintindex":0,"rotation":0}},"rotation":{"origin":[0.0,0.0,0.0],"angle":0.0,"axis":"x"}},{"from":[4.4,14.0,-5.2],"to":[5.2,20.4,-4.4],"origin":[0.0,0.0,0.0],"faces":{"north":{"uv":[6.25,3.875,6.375,4.875],"texture":"#0","tintindex":0,"rotation":0},"east":{"uv":[6.25,3.875,6.375,4.875],"texture":"#0","tintindex":0,"rotation":0},"south":{"uv":[6.25,3.875,6.375,4.875],"texture":"#0","tintindex":0,"rotation":0},"west":{"uv":[6.25,3.875,6.375,4.875],"texture":"#0","tintindex":0,"rotation":0},"up":{"uv":[6.125,4.0,6.25,4.125],"texture":"#0","tintindex":0,"rotation":0},"down":{"uv":[6.125,4.0,6.25,4.125],"texture":"#0","tintindex":0,"rotation":0}},"rotation":{"origin":[0.0,0.0,0.0],"angle":0.0,"axis":"x"}},{"from":[4.4,14.0,4.4],"to":[5.2,20.4,5.2],"origin":[0.0,0.0,0.0],"faces":{"north":{"uv":[6.25,3.875,6.375,4.875],"texture":"#0","tintindex":0,"rotation":0},"east":{"uv":[6.25,3.875,6.375,4.875],"texture":"#0","tintindex":0,"rotation":0},"south":{"uv":[6.25,3.875,6.375,4.875],"texture":"#0","tintindex":0,"rotation":0},"west":{"uv":[6.25,3.875,6.375,4.875],"texture":"#0","tintindex":0,"rotation":0},"up":{"uv":[6.125,4.0,6.25,4.125],"texture":"#0","tintindex":0,"rotation":0},"down":{"uv":[6.125,4.0,6.25,4.125],"texture":"#0","tintindex":0,"rotation":0}},"rotation":{"origin":[0.0,0.0,0.0],"angle":0.0,"axis":"x"}},{"from":[-5.2,13.2,6.8],"to":[5.2,14.0,7.6],"origin":[0.0,0.0,0.0],"faces":{"north":{"uv":[5.25,7.375,6.875,7.5],"texture":"#0","tintindex":0,"rotation":0},"east":{"uv":[5.125,7.375,5.25,7.5],"texture":"#0","tintindex":0,"rotation":0},"south":{"uv":[5.25,7.375,6.875,7.5],"texture":"#0","tintindex":0,"rotation":0},"west":{"uv":[5.125,7.375,5.25,7.5],"texture":"#0","tintindex":0,"rotation":0},"up":{"uv":[5.25,7.375,6.875,7.5],"texture":"#0","tintindex":0,"rotation":0},"down":{"uv":[5.25,7.375,6.875,7.5],"texture":"#0","tintindex":0,"rotation":0}},"rotation":{"origin":[0.0,0.0,0.0],"angle":0.0,"axis":"x"}},{"from":[-5.2,13.2,-7.6],"to":[5.2,14.0,-6.8],"origin":[0.0,0.0,0.0],"faces":{"north":{"uv":[5.25,7.375,6.875,7.5],"texture":"#0","tintindex":0,"rotation":0},"east":{"uv":[5.125,7.375,5.25,7.5],"texture":"#0","tintindex":0,"rotation":0},"south":{"uv":[5.25,7.375,6.875,7.5],"texture":"#0","tintindex":0,"rotation":0},"west":{"uv":[5.125,7.375,5.25,7.5],"texture":"#0","tintindex":0,"rotation":0},"up":{"uv":[5.25,7.375,6.875,7.5],"texture":"#0","tintindex":0,"rotation":0},"down":{"uv":[5.25,7.375,6.875,7.5],"texture":"#0","tintindex":0,"rotation":0}},"rotation":{"origin":[0.0,0.0,0.0],"angle":0.0,"axis":"x"}},{"from":[-6.8,13.2,5.2],"to":[6.8,14.0,6.8],"origin":[0.0,0.0,0.0],"faces":{"north":{"uv":[5.125,7.0,7.25,7.125],"texture":"#0","tintindex":0,"rotation":0},"east":{"uv":[5.125,6.875,5.375,7.0],"texture":"#0","tintindex":0,"rotation":0},"south":{"uv":[5.125,7.0,7.25,7.125],"texture":"#0","tintindex":0,"rotation":0},"west":{"uv":[5.125,6.875,5.375,7.0],"texture":"#0","tintindex":0,"rotation":0},"up":{"uv":[5.125,7.375,7.25,7.125],"texture":"#0","tintindex":0,"rotation":0},"down":{"uv":[5.125,7.125,7.25,7.375],"texture":"#0","tintindex":0,"rotation":0}},"rotation":{"origin":[0.0,0.0,0.0],"angle":0.0,"axis":"x"}},{"from":[-6.8,13.2,-6.8],"to":[6.8,14.0,-5.2],"origin":[0.0,0.0,0.0],"faces":{"north":{"uv":[5.125,7.0,7.25,7.125],"texture":"#0","tintindex":0,"rotation":0},"east":{"uv":[5.125,6.875,5.375,7.0],"texture":"#0","tintindex":0,"rotation":0},"south":{"uv":[5.125,7.0,7.25,7.125],"texture":"#0","tintindex":0,"rotation":0},"west":{"uv":[5.125,6.875,5.375,7.0],"texture":"#0","tintindex":0,"rotation":0},"up":{"uv":[5.125,7.125,7.25,7.375],"texture":"#0","tintindex":0,"rotation":0},"down":{"uv":[5.125,7.125,7.25,7.375],"texture":"#0","tintindex":0,"rotation":0}},"rotation":{"origin":[0.0,0.0,0.0],"angle":0.0,"axis":"x"}},{"from":[-7.6,13.2,-5.2],"to":[7.6,14.0,5.2],"origin":[0.0,0.0,0.0],"faces":{"north":{"uv":[2.75,7.0,5.125,7.125],"texture":"#0","tintindex":0,"rotation":0},"east":{"uv":[2.75,6.875,4.375,7.0],"texture":"#0","tintindex":0,"rotation":0},"south":{"uv":[2.75,7.0,5.125,7.125],"texture":"#0","tintindex":0,"rotation":0},"west":{"uv":[2.75,6.875,4.375,7.0],"texture":"#0","tintindex":0,"rotation":0},"up":{"uv":[2.75,7.125,5.125,8.75],"texture":"#0","tintindex":0,"rotation":0},"down":{"uv":[2.75,7.125,5.125,8.75],"texture":"#0","tintindex":0,"rotation":0}},"rotation":{"origin":[0.0,0.0,0.0],"angle":0.0,"axis":"x"}},{"from":[6.8,3.6,5.2],"to":[7.6,14.0,6.8],"origin":[0.0,0.0,0.0],"faces":{"north":{"uv":[5.25,5.25,5.375,6.875],"texture":"#0","tintindex":0,"rotation":0},"east":{"uv":[5.375,5.25,5.625,6.875],"texture":"#0","tintindex":0,"rotation":0},"south":{"uv":[5.375,5.25,5.25,6.875],"texture":"#0","tintindex":0,"rotation":0},"west":{"uv":[5.375,5.25,5.625,6.875],"texture":"#0","tintindex":0,"rotation":0},"up":{"uv":[5.25,5.25,5.125,5.5],"texture":"#0","tintindex":0,"rotation":0},"down":{"uv":[5.125,5.25,5.25,5.5],"texture":"#0","tintindex":0,"rotation":0}},"rotation":{"origin":[0.0,0.0,0.0],"angle":0.0,"axis":"x"}},{"from":[-7.6,3.6,5.2],"to":[-6.8,14.0,6.8],"origin":[0.0,0.0,0.0],"faces":{"north":{"uv":[5.25,5.25,5.375,6.875],"texture":"#0","tintindex":0,"rotation":0},"east":{"uv":[5.375,5.25,5.625,6.875],"texture":"#0","tintindex":0,"rotation":0},"south":{"uv":[5.25,5.25,5.375,6.875],"texture":"#0","tintindex":0,"rotation":0},"west":{"uv":[5.375,5.25,5.625,6.875],"texture":"#0","tintindex":0,"rotation":0},"up":{"uv":[5.125,5.5,5.25,5.25],"texture":"#0","tintindex":0,"rotation":0},"down":{"uv":[5.125,5.25,5.25,5.5],"texture":"#0","tintindex":0,"rotation":0}},"rotation":{"origin":[0.0,0.0,0.0],"angle":0.0,"axis":"x"}},{"from":[6.8,3.6,-6.8],"to":[7.6,14.0,-5.2],"origin":[0.0,0.0,0.0],"faces":{"north":{"uv":[5.25,5.25,5.375,6.875],"texture":"#0","tintindex":0,"rotation":0},"east":{"uv":[5.625,5.25,5.375,6.875],"texture":"#0","tintindex":0,"rotation":0},"south":{"uv":[5.375,5.25,5.25,6.875],"texture":"#0","tintindex":0,"rotation":0},"west":{"uv":[5.625,5.25,5.375,6.875],"texture":"#0","tintindex":0,"rotation":0},"up":{"uv":[5.25,5.25,5.125,5.5],"texture":"#0","tintindex":0,"rotation":0},"down":{"uv":[5.25,5.25,5.125,5.5],"texture":"#0","tintindex":0,"rotation":0}},"rotation":{"origin":[0.0,0.0,0.0],"angle":0.0,"axis":"x"}},{"from":[-7.6,3.6,-6.8],"to":[-6.8,14.0,-5.2],"origin":[0.0,0.0,0.0],"faces":{"north":{"uv":[5.375,5.25,5.25,6.875],"texture":"#0","tintindex":0,"rotation":0},"east":{"uv":[5.375,5.25,5.625,6.875],"texture":"#0","tintindex":0,"rotation":0},"south":{"uv":[5.25,5.25,5.375,6.875],"texture":"#0","tintindex":0,"rotation":0},"west":{"uv":[5.375,5.25,5.625,6.875],"texture":"#0","tintindex":0,"rotation":0},"up":{"uv":[5.125,5.25,5.25,5.5],"texture":"#0","tintindex":0,"rotation":0},"down":{"uv":[5.125,5.25,5.25,5.5],"texture":"#0","tintindex":0,"rotation":0}},"rotation":{"origin":[0.0,0.0,0.0],"angle":0.0,"axis":"x"}},{"from":[5.2,3.6,-7.6],"to":[6.8,14.0,-6.8],"origin":[0.0,0.0,0.0],"faces":{"north":{"uv":[4.875,5.25,5.125,6.875],"texture":"#0","tintindex":0,"rotation":0},"east":{"uv":[4.75,5.25,4.875,6.875],"texture":"#0","tintindex":0,"rotation":0},"south":{"uv":[4.875,5.25,5.125,6.875],"texture":"#0","tintindex":0,"rotation":0},"west":{"uv":[4.75,5.25,4.875,6.875],"texture":"#0","tintindex":0,"rotation":0},"up":{"uv":[4.75,5.125,5.0,5.25],"texture":"#0","tintindex":0,"rotation":0},"down":{"uv":[4.75,5.125,5.0,5.25],"texture":"#0","tintindex":0,"rotation":0}},"rotation":{"origin":[0.0,0.0,0.0],"angle":0.0,"axis":"x"}},{"from":[5.2,3.6,6.8],"to":[6.8,14.0,7.6],"origin":[0.0,0.0,0.0],"faces":{"north":{"uv":[4.875,5.25,5.125,6.875],"texture":"#0","tintindex":0,"rotation":0},"east":{"uv":[4.875,5.25,4.75,6.875],"texture":"#0","tintindex":0,"rotation":0},"south":{"uv":[4.875,5.25,5.125,6.875],"texture":"#0","tintindex":0,"rotation":0},"west":{"uv":[4.75,5.25,4.875,6.875],"texture":"#0","tintindex":0,"rotation":0},"up":{"uv":[5.0,5.25,4.75,5.125],"texture":"#0","tintindex":0,"rotation":0},"down":{"uv":[4.75,5.125,5.0,5.25],"texture":"#0","tintindex":0,"rotation":0}},"rotation":{"origin":[0.0,0.0,0.0],"angle":0.0,"axis":"x"}},{"from":[-6.8,3.6,6.8],"to":[-5.2,14.0,7.6],"origin":[0.0,0.0,0.0],"faces":{"north":{"uv":[4.875,5.25,5.125,6.875],"texture":"#0","tintindex":0,"rotation":0},"east":{"uv":[4.75,5.25,4.875,6.875],"texture":"#0","tintindex":0,"rotation":0},"south":{"uv":[4.875,5.25,5.125,6.875],"texture":"#0","tintindex":0,"rotation":0},"west":{"uv":[4.75,5.25,4.875,6.875],"texture":"#0","tintindex":0,"rotation":0},"up":{"uv":[4.75,5.25,5.0,5.125],"texture":"#0","tintindex":0,"rotation":0},"down":{"uv":[4.75,5.125,5.0,5.25],"texture":"#0","tintindex":0,"rotation":0}},"rotation":{"origin":[0.0,0.0,0.0],"angle":0.0,"axis":"x"}},{"from":[-6.8,3.6,-7.6],"to":[-5.2,14.0,-6.8],"origin":[0.0,0.0,0.0],"faces":{"north":{"uv":[4.875,5.25,5.125,6.875],"texture":"#0","tintindex":0,"rotation":0},"east":{"uv":[4.75,5.25,4.875,6.875],"texture":"#0","tintindex":0,"rotation":0},"south":{"uv":[4.875,5.25,5.125,6.875],"texture":"#0","tintindex":0,"rotation":0},"west":{"uv":[4.875,5.25,4.75,6.875],"texture":"#0","tintindex":0,"rotation":0},"up":{"uv":[4.75,5.125,5.0,5.25],"texture":"#0","tintindex":0,"rotation":0},"down":{"uv":[4.75,5.125,5.0,5.25],"texture":"#0","tintindex":0,"rotation":0}},"rotation":{"origin":[0.0,0.0,0.0],"angle":0.0,"axis":"x"}},{"from":[-5.2,3.6,-8.4],"to":[5.2,14.0,-7.6],"origin":[0.0,0.0,0.0],"faces":{"north":{"uv":[3.125,5.25,4.75,6.875],"texture":"#0","tintindex":0,"rotation":0},"east":{"uv":[3.0,5.125,3.125,6.75],"texture":"#0","tintindex":0,"rotation":0},"south":{"uv":[3.125,5.25,4.75,6.875],"texture":"#0","tintindex":0,"rotation":0},"west":{"uv":[3.125,5.125,3.0,6.75],"texture":"#0","tintindex":0,"rotation":0},"up":{"uv":[3.125,5.125,4.75,5.25],"texture":"#0","tintindex":0,"rotation":0},"down":{"uv":[3.125,5.125,4.75,5.25],"texture":"#0","tintindex":0,"rotation":0}},"rotation":{"origin":[0.0,0.0,0.0],"angle":0.0,"axis":"x"}},{"from":[-5.2,3.6,7.6],"to":[5.2,14.0,8.4],"origin":[0.0,0.0,0.0],"faces":{"north":{"uv":[3.125,5.25,4.75,6.875],"texture":"#0","tintindex":0,"rotation":0},"east":{"uv":[3.125,5.125,3.0,6.75],"texture":"#0","tintindex":0,"rotation":0},"south":{"uv":[3.125,5.25,4.75,6.875],"texture":"#0","tintindex":0,"rotation":0},"west":{"uv":[3.0,5.125,3.125,6.75],"texture":"#0","tintindex":0,"rotation":0},"up":{"uv":[3.125,5.125,4.75,5.25],"texture":"#0","tintindex":0,"rotation":0},"down":{"uv":[3.125,5.125,4.75,5.25],"texture":"#0","tintindex":0,"rotation":0}},"rotation":{"origin":[0.0,0.0,0.0],"angle":0.0,"axis":"x"}},{"from":[-8.4,3.6,-5.2],"to":[-7.6,14.0,5.2],"origin":[0.0,0.0,0.0],"faces":{"north":{"uv":[5.625,5.125,5.75,6.75],"texture":"#0","tintindex":0,"rotation":0},"east":{"uv":[5.75,5.125,7.375,6.75],"texture":"#0","tintindex":0,"rotation":0},"south":{"uv":[5.75,5.125,5.625,6.75],"texture":"#0","tintindex":0,"rotation":0},"west":{"uv":[5.75,5.125,7.375,6.75],"texture":"#0","tintindex":0,"rotation":0},"up":{"uv":[7.375,5.125,7.5,6.75],"texture":"#0","tintindex":0,"rotation":0},"down":{"uv":[5.625,5.125,5.75,6.75],"texture":"#0","tintindex":0,"rotation":0}},"rotation":{"origin":[0.0,0.0,0.0],"angle":0.0,"axis":"x"}},{"from":[5.2,14.0,-4.4],"to":[6.0,20.4,4.4],"origin":[0.0,0.0,0.0],"faces":{"north":{"uv":[5.0,2.25,5.125,3.25],"texture":"#0","tintindex":0,"rotation":0},"east":{"uv":[5.125,2.25,6.5,3.25],"texture":"#0","tintindex":0,"rotation":0},"south":{"uv":[5.0,2.25,5.125,3.25],"texture":"#0","tintindex":0,"rotation":0},"west":{"uv":[5.125,2.25,6.5,3.25],"texture":"#0","tintindex":0,"rotation":0},"up":{"uv":[6.5,2.25,6.625,3.625],"texture":"#0","tintindex":0,"rotation":0},"down":{"uv":[6.5,2.25,6.625,3.625],"texture":"#0","tintindex":0,"rotation":0}},"rotation":{"origin":[0.0,0.0,0.0],"angle":0.0,"axis":"x"}},{"from":[3.6,22.0,-4.4],"to":[4.4,24.4,-3.6],"origin":[0.0,0.0,0.0],"faces":{"north":{"uv":[5.5,4.375,5.625,4.75],"texture":"#0","tintindex":0,"rotation":0},"east":{"uv":[5.5,4.375,5.625,4.75],"texture":"#0","tintindex":0,"rotation":0},"south":{"uv":[5.5,4.375,5.625,4.75],"texture":"#0","tintindex":0,"rotation":0},"west":{"uv":[5.5,4.375,5.625,4.75],"texture":"#0","tintindex":0,"rotation":0},"up":{"uv":[5.5,4.25,5.625,4.375],"texture":"#0","tintindex":0,"rotation":0},"down":{"uv":[5.5,4.25,5.625,4.375],"texture":"#0","tintindex":0,"rotation":0}},"rotation":{"origin":[0.0,0.0,0.0],"angle":0.0,"axis":"x"}},{"from":[-4.4,22.0,-4.4],"to":[-3.6,24.4,-3.6],"origin":[0.0,0.0,0.0],"faces":{"north":{"uv":[5.5,4.375,5.625,4.75],"texture":"#0","tintindex":0,"rotation":0},"east":{"uv":[5.5,4.375,5.625,4.75],"texture":"#0","tintindex":0,"rotation":0},"south":{"uv":[5.5,4.375,5.625,4.75],"texture":"#0","tintindex":0,"rotation":0},"west":{"uv":[5.5,4.375,5.625,4.75],"texture":"#0","tintindex":0,"rotation":0},"up":{"uv":[5.5,4.25,5.625,4.375],"texture":"#0","tintindex":0,"rotation":0},"down":{"uv":[5.5,4.25,5.625,4.375],"texture":"#0","tintindex":0,"rotation":0}},"rotation":{"origin":[0.0,0.0,0.0],"angle":0.0,"axis":"x"}},{"from":[-4.4,22.0,3.6],"to":[-3.6,24.4,4.4],"origin":[0.0,0.0,0.0],"faces":{"north":{"uv":[5.5,4.375,5.625,4.75],"texture":"#0","tintindex":0,"rotation":0},"east":{"uv":[5.5,4.375,5.625,4.75],"texture":"#0","tintindex":0,"rotation":0},"south":{"uv":[5.5,4.375,5.625,4.75],"texture":"#0","tintindex":0,"rotation":0},"west":{"uv":[5.5,4.375,5.625,4.75],"texture":"#0","tintindex":0,"rotation":0},"up":{"uv":[5.5,4.25,5.625,4.375],"texture":"#0","tintindex":0,"rotation":0},"down":{"uv":[5.5,4.25,5.625,4.375],"texture":"#0","tintindex":0,"rotation":0}},"rotation":{"origin":[0.0,0.0,0.0],"angle":0.0,"axis":"x"}},{"from":[3.6,22.0,3.6],"to":[4.4,24.4,4.4],"origin":[0.0,0.0,0.0],"faces":{"north":{"uv":[5.5,4.375,5.625,4.75],"texture":"#0","tintindex":0,"rotation":0},"east":{"uv":[5.5,4.375,5.625,4.75],"texture":"#0","tintindex":0,"rotation":0},"south":{"uv":[5.5,4.375,5.625,4.75],"texture":"#0","tintindex":0,"rotation":0},"west":{"uv":[5.5,4.375,5.625,4.75],"texture":"#0","tintindex":0,"rotation":0},"up":{"uv":[5.5,4.25,5.625,4.375],"texture":"#0","tintindex":0,"rotation":0},"down":{"uv":[5.5,4.25,5.625,4.375],"texture":"#0","tintindex":0,"rotation":0}},"rotation":{"origin":[0.0,0.0,0.0],"angle":0.0,"axis":"x"}},{"from":[3.6,20.4,4.4],"to":[4.4,22.0,5.2],"origin":[0.0,0.0,0.0],"faces":{"north":{"uv":[5.375,4.5,5.5,4.75],"texture":"#0","tintindex":0,"rotation":0},"east":{"uv":[5.375,4.5,5.5,4.75],"texture":"#0","tintindex":0,"rotation":0},"south":{"uv":[5.375,4.5,5.5,4.75],"texture":"#0","tintindex":0,"rotation":0},"west":{"uv":[5.375,4.5,5.5,4.75],"texture":"#0","tintindex":0,"rotation":0},"up":{"uv":[5.375,4.375,5.5,4.5],"texture":"#0","tintindex":0,"rotation":0},"down":{"uv":[5.375,4.375,5.5,4.5],"texture":"#0","tintindex":0,"rotation":0}},"rotation":{"origin":[0.0,0.0,0.0],"angle":0.0,"axis":"x"}},{"from":[4.4,20.4,3.6],"to":[5.2,22.0,4.4],"origin":[0.0,0.0,0.0],"faces":{"north":{"uv":[5.375,4.5,5.5,4.75],"texture":"#0","tintindex":0,"rotation":0},"east":{"uv":[5.375,4.5,5.5,4.75],"texture":"#0","tintindex":0,"rotation":0},"south":{"uv":[5.375,4.5,5.5,4.75],"texture":"#0","tintindex":0,"rotation":0},"west":{"uv":[5.375,4.5,5.5,4.75],"texture":"#0","tintindex":0,"rotation":0},"up":{"uv":[5.375,4.375,5.5,4.5],"texture":"#0","tintindex":0,"rotation":0},"down":{"uv":[5.375,4.375,5.5,4.5],"texture":"#0","tintindex":0,"rotation":0}},"rotation":{"origin":[0.0,0.0,0.0],"angle":0.0,"axis":"x"}},{"from":[-4.4,20.4,4.4],"to":[-3.6,22.0,5.2],"origin":[0.0,0.0,0.0],"faces":{"north":{"uv":[5.375,4.5,5.5,4.75],"texture":"#0","tintindex":0,"rotation":0},"east":{"uv":[5.375,4.5,5.5,4.75],"texture":"#0","tintindex":0,"rotation":0},"south":{"uv":[5.375,4.5,5.5,4.75],"texture":"#0","tintindex":0,"rotation":0},"west":{"uv":[5.375,4.5,5.5,4.75],"texture":"#0","tintindex":0,"rotation":0},"up":{"uv":[5.375,4.375,5.5,4.5],"texture":"#0","tintindex":0,"rotation":0},"down":{"uv":[5.375,4.375,5.5,4.5],"texture":"#0","tintindex":0,"rotation":0}},"rotation":{"origin":[0.0,0.0,0.0],"angle":0.0,"axis":"x"}},{"from":[-5.2,20.4,3.6],"to":[-4.4,22.0,4.4],"origin":[0.0,0.0,0.0],"faces":{"north":{"uv":[5.375,4.5,5.5,4.75],"texture":"#0","tintindex":0,"rotation":0},"east":{"uv":[5.375,4.5,5.5,4.75],"texture":"#0","tintindex":0,"rotation":0},"south":{"uv":[5.375,4.5,5.5,4.75],"texture":"#0","tintindex":0,"rotation":0},"west":{"uv":[5.375,4.5,5.5,4.75],"texture":"#0","tintindex":0,"rotation":0},"up":{"uv":[5.375,4.375,5.5,4.5],"texture":"#0","tintindex":0,"rotation":0},"down":{"uv":[5.375,4.375,5.5,4.5],"texture":"#0","tintindex":0,"rotation":0}},"rotation":{"origin":[0.0,0.0,0.0],"angle":0.0,"axis":"x"}},{"from":[-4.4,20.4,-5.2],"to":[-3.6,22.0,-4.4],"origin":[0.0,0.0,0.0],"faces":{"north":{"uv":[5.375,4.5,5.5,4.75],"texture":"#0","tintindex":0,"rotation":0},"east":{"uv":[5.375,4.5,5.5,4.75],"texture":"#0","tintindex":0,"rotation":0},"south":{"uv":[5.375,4.5,5.5,4.75],"texture":"#0","tintindex":0,"rotation":0},"west":{"uv":[5.375,4.5,5.5,4.75],"texture":"#0","tintindex":0,"rotation":0},"up":{"uv":[5.375,4.375,5.5,4.5],"texture":"#0","tintindex":0,"rotation":0},"down":{"uv":[5.375,4.375,5.5,4.5],"texture":"#0","tintindex":0,"rotation":0}},"rotation":{"origin":[0.0,0.0,0.0],"angle":0.0,"axis":"x"}},{"from":[-5.2,20.4,-4.4],"to":[-4.4,22.0,-3.6],"origin":[0.0,0.0,0.0],"faces":{"north":{"uv":[5.375,4.5,5.5,4.75],"texture":"#0","tintindex":0,"rotation":0},"east":{"uv":[5.375,4.5,5.5,4.75],"texture":"#0","tintindex":0,"rotation":0},"south":{"uv":[5.375,4.5,5.5,4.75],"texture":"#0","tintindex":0,"rotation":0},"west":{"uv":[5.375,4.5,5.5,4.75],"texture":"#0","tintindex":0,"rotation":0},"up":{"uv":[5.375,4.375,5.5,4.5],"texture":"#0","tintindex":0,"rotation":0},"down":{"uv":[5.375,4.375,5.5,4.5],"texture":"#0","tintindex":0,"rotation":0}},"rotation":{"origin":[0.0,0.0,0.0],"angle":0.0,"axis":"x"}},{"from":[4.4,20.4,-4.4],"to":[5.2,22.0,-3.6],"origin":[0.0,0.0,0.0],"faces":{"north":{"uv":[5.375,4.5,5.5,4.75],"texture":"#0","tintindex":0,"rotation":0},"east":{"uv":[5.375,4.5,5.5,4.75],"texture":"#0","tintindex":0,"rotation":0},"south":{"uv":[5.375,4.5,5.5,4.75],"texture":"#0","tintindex":0,"rotation":0},"west":{"uv":[5.375,4.5,5.5,4.75],"texture":"#0","tintindex":0,"rotation":0},"up":{"uv":[5.375,4.375,5.5,4.5],"texture":"#0","tintindex":0,"rotation":0},"down":{"uv":[5.375,4.375,5.5,4.5],"texture":"#0","tintindex":0,"rotation":0}},"rotation":{"origin":[0.0,0.0,0.0],"angle":0.0,"axis":"x"}},{"from":[3.6,20.4,-5.2],"to":[4.4,22.0,-4.4],"origin":[0.0,0.0,0.0],"faces":{"north":{"uv":[5.375,4.5,5.5,4.75],"texture":"#0","tintindex":0,"rotation":0},"east":{"uv":[5.375,4.5,5.5,4.75],"texture":"#0","tintindex":0,"rotation":0},"south":{"uv":[5.375,4.5,5.5,4.75],"texture":"#0","tintindex":0,"rotation":0},"west":{"uv":[5.375,4.5,5.5,4.75],"texture":"#0","tintindex":0,"rotation":0},"up":{"uv":[5.375,4.375,5.5,4.5],"texture":"#0","tintindex":0,"rotation":0},"down":{"uv":[5.375,4.375,5.5,4.5],"texture":"#0","tintindex":0,"rotation":0}},"rotation":{"origin":[0.0,0.0,0.0],"angle":0.0,"axis":"x"}},{"from":[-3.6,20.4,-6.0],"to":[-1.2,22.0,-5.2],"origin":[0.0,0.0,0.0],"faces":{"north":{"uv":[3.5,2.375,3.125,2.625],"texture":"#0","tintindex":0,"rotation":0},"east":{"uv":[3.125,2.25,3.0,2.5],"texture":"#0","tintindex":0,"rotation":0},"south":{"uv":[3.125,2.375,3.5,2.625],"texture":"#0","tintindex":0,"rotation":0},"west":{"uv":[3.0,2.5,3.125,2.75],"texture":"#0","tintindex":0,"rotation":0},"up":{"uv":[3.125,2.25,3.5,2.375],"texture":"#0","tintindex":0,"rotation":0},"down":{"uv":[3.125,2.25,3.5,2.375],"texture":"#0","tintindex":0,"rotation":0}},"rotation":{"origin":[0.0,0.0,0.0],"angle":0.0,"axis":"x"}},{"from":[1.2,20.4,-6.0],"to":[3.6,22.0,-5.2],"origin":[0.0,0.0,0.0],"faces":{"north":{"uv":[3.125,2.375,3.5,2.625],"texture":"#0","tintindex":0,"rotation":0},"east":{"uv":[3.0,2.5,3.125,2.75],"texture":"#0","tintindex":0,"rotation":0},"south":{"uv":[3.125,2.375,3.5,2.625],"texture":"#0","tintindex":0,"rotation":0},"west":{"uv":[3.0,2.25,3.125,2.5],"texture":"#0","tintindex":0,"rotation":0},"up":{"uv":[3.5,2.25,3.125,2.375],"texture":"#0","tintindex":0,"rotation":0},"down":{"uv":[3.125,2.25,3.5,2.375],"texture":"#0","tintindex":0,"rotation":0}},"rotation":{"origin":[0.0,0.0,0.0],"angle":0.0,"axis":"x"}},{"from":[4.4,22.0,-3.6],"to":[5.2,24.4,3.6],"origin":[0.0,0.0,0.0],"faces":{"north":{"uv":[5.125,3.5,5.25,3.875],"texture":"#0","tintindex":0,"rotation":0},"east":{"uv":[5.25,3.5,6.375,3.875],"texture":"#0","tintindex":0,"rotation":0},"south":{"uv":[5.125,3.5,5.25,3.875],"texture":"#0","tintindex":0,"rotation":0},"west":{"uv":[5.25,3.5,6.375,3.875],"texture":"#0","tintindex":0,"rotation":0},"up":{"uv":[6.375,3.25,6.5,4.375],"texture":"#0","tintindex":0,"rotation":0},"down":{"uv":[6.375,3.25,6.5,4.375],"texture":"#0","tintindex":0,"rotation":0}},"rotation":{"origin":[0.0,0.0,0.0],"angle":0.0,"axis":"x"}},{"from":[-2.8,24.4,-3.6],"to":[-1.2,25.2,-2.8],"origin":[0.0,0.0,0.0],"faces":{"north":{"uv":[5.375,4.125,5.625,4.25],"texture":"#0","tintindex":0,"rotation":0},"east":{"uv":[5.375,4.25,5.5,4.375],"texture":"#0","tintindex":0,"rotation":0},"south":{"uv":[5.375,4.125,5.625,4.25],"texture":"#0","tintindex":0,"rotation":0},"west":{"uv":[5.375,4.25,5.5,4.375],"texture":"#0","tintindex":0,"rotation":0},"up":{"uv":[5.375,4.125,5.625,4.25],"texture":"#0","tintindex":0,"rotation":0},"down":{"uv":[5.375,4.125,5.625,4.25],"texture":"#0","tintindex":0,"rotation":0}},"rotation":{"origin":[0.0,0.0,0.0],"angle":0.0,"axis":"x"}},{"from":[1.2,24.4,-3.6],"to":[2.8,25.2,-2.8],"origin":[0.0,0.0,0.0],"faces":{"north":{"uv":[5.375,4.125,5.625,4.25],"texture":"#0","tintindex":0,"rotation":0},"east":{"uv":[5.375,4.25,5.5,4.375],"texture":"#0","tintindex":0,"rotation":0},"south":{"uv":[5.375,4.125,5.625,4.25],"texture":"#0","tintindex":0,"rotation":0},"west":{"uv":[5.375,4.25,5.5,4.375],"texture":"#0","tintindex":0,"rotation":0},"up":{"uv":[5.625,4.125,5.375,4.25],"texture":"#0","tintindex":0,"rotation":0},"down":{"uv":[5.375,4.125,5.625,4.25],"texture":"#0","tintindex":0,"rotation":0}},"rotation":{"origin":[0.0,0.0,0.0],"angle":0.0,"axis":"x"}},{"from":[-3.6,24.4,-4.4],"to":[-1.2,25.2,-3.6],"origin":[0.0,0.0,0.0],"faces":{"north":{"uv":[5.0,3.5,4.625,3.625],"texture":"#0","tintindex":0,"rotation":0},"east":{"uv":[4.625,3.375,4.75,3.5],"texture":"#0","tintindex":0,"rotation":0},"south":{"uv":[4.625,3.5,5.0,3.625],"texture":"#0","tintindex":0,"rotation":0},"west":{"uv":[4.75,3.375,4.875,3.5],"texture":"#0","tintindex":0,"rotation":0},"up":{"uv":[4.625,3.5,5.0,3.625],"texture":"#0","tintindex":0,"rotation":0},"down":{"uv":[4.625,3.5,5.0,3.625],"texture":"#0","tintindex":0,"rotation":0}},"rotation":{"origin":[0.0,0.0,0.0],"angle":0.0,"axis":"x"}},{"from":[1.2,24.4,-4.4],"to":[3.6,25.2,-3.6],"origin":[0.0,0.0,0.0],"faces":{"north":{"uv":[4.625,3.5,5.0,3.625],"texture":"#0","tintindex":0,"rotation":0},"east":{"uv":[4.75,3.375,4.875,3.5],"texture":"#0","tintindex":0,"rotation":0},"south":{"uv":[4.625,3.5,5.0,3.625],"texture":"#0","tintindex":0,"rotation":0},"west":{"uv":[4.625,3.375,4.75,3.5],"texture":"#0","tintindex":0,"rotation":0},"up":{"uv":[5.0,3.5,4.625,3.625],"texture":"#0","tintindex":0,"rotation":0},"down":{"uv":[4.625,3.5,5.0,3.625],"texture":"#0","tintindex":0,"rotation":0}},"rotation":{"origin":[0.0,0.0,0.0],"angle":0.0,"axis":"x"}},{"from":[1.2,24.4,2.8],"to":[2.8,25.2,3.6],"origin":[0.0,0.0,0.0],"faces":{"north":{"uv":[5.625,4.125,5.375,4.25],"texture":"#0","tintindex":0,"rotation":0},"east":{"uv":[5.5,4.25,5.375,4.375],"texture":"#0","tintindex":0,"rotation":0},"south":{"uv":[5.625,4.125,5.375,4.25],"texture":"#0","tintindex":0,"rotation":0},"west":{"uv":[5.5,4.25,5.375,4.375],"texture":"#0","tintindex":0,"rotation":0},"up":{"uv":[5.625,4.125,5.375,4.25],"texture":"#0","tintindex":0,"rotation":0},"down":{"uv":[5.625,4.125,5.375,4.25],"texture":"#0","tintindex":0,"rotation":0}},"rotation":{"origin":[0.0,0.0,0.0],"angle":0.0,"axis":"x"}},{"from":[-2.8,24.4,2.8],"to":[-1.2,25.2,3.6],"origin":[0.0,0.0,0.0],"faces":{"north":{"uv":[5.375,4.125,5.625,4.25],"texture":"#0","tintindex":0,"rotation":0},"east":{"uv":[5.375,4.25,5.5,4.375],"texture":"#0","tintindex":0,"rotation":0},"south":{"uv":[5.375,4.125,5.625,4.25],"texture":"#0","tintindex":0,"rotation":0},"west":{"uv":[5.375,4.25,5.5,4.375],"texture":"#0","tintindex":0,"rotation":0},"up":{"uv":[5.375,4.125,5.625,4.25],"texture":"#0","tintindex":0,"rotation":0},"down":{"uv":[5.375,4.125,5.625,4.25],"texture":"#0","tintindex":0,"rotation":0}},"rotation":{"origin":[0.0,0.0,0.0],"angle":0.0,"axis":"x"}},{"from":[1.2,24.4,3.6],"to":[3.6,25.2,4.4],"origin":[0.0,0.0,0.0],"faces":{"north":{"uv":[5.0,3.5,4.625,3.625],"texture":"#0","tintindex":0,"rotation":0},"east":{"uv":[4.875,3.375,4.75,3.5],"texture":"#0","tintindex":0,"rotation":0},"south":{"uv":[5.0,3.5,4.625,3.625],"texture":"#0","tintindex":0,"rotation":0},"west":{"uv":[4.75,3.375,4.625,3.5],"texture":"#0","tintindex":0,"rotation":0},"up":{"uv":[5.0,3.5,4.625,3.625],"texture":"#0","tintindex":0,"rotation":0},"down":{"uv":[5.0,3.5,4.625,3.625],"texture":"#0","tintindex":0,"rotation":0}},"rotation":{"origin":[0.0,0.0,0.0],"angle":0.0,"axis":"x"}},{"from":[-3.6,24.4,3.6],"to":[-1.2,25.2,4.4],"origin":[0.0,0.0,0.0],"faces":{"north":{"uv":[4.625,3.5,5.0,3.625],"texture":"#0","tintindex":0,"rotation":0},"east":{"uv":[4.625,3.375,4.75,3.5],"texture":"#0","tintindex":0,"rotation":0},"south":{"uv":[4.625,3.5,5.0,3.625],"texture":"#0","tintindex":0,"rotation":0},"west":{"uv":[4.75,3.375,4.875,3.5],"texture":"#0","tintindex":0,"rotation":0},"up":{"uv":[4.625,3.5,5.0,3.625],"texture":"#0","tintindex":0,"rotation":0},"down":{"uv":[4.625,3.5,5.0,3.625],"texture":"#0","tintindex":0,"rotation":0}},"rotation":{"origin":[0.0,0.0,0.0],"angle":0.0,"axis":"x"}},{"from":[-2.8,25.2,-2.8],"to":[-1.2,26.0,2.8],"origin":[0.0,0.0,0.0],"faces":{"north":{"uv":[6.125,4.0,5.875,4.125],"texture":"#0","tintindex":0,"rotation":0},"east":{"uv":[5.375,4.875,6.25,5.0],"texture":"#0","tintindex":0,"rotation":0},"south":{"uv":[5.875,4.0,6.125,4.125],"texture":"#0","tintindex":0,"rotation":0},"west":{"uv":[5.375,5.0,6.25,5.125],"texture":"#0","tintindex":0,"rotation":0},"up":{"uv":[5.625,4.0,5.875,4.875],"texture":"#0","tintindex":0,"rotation":0},"down":{"uv":[5.625,4.0,5.875,4.875],"texture":"#0","tintindex":0,"rotation":0}},"rotation":{"origin":[0.0,0.0,0.0],"angle":0.0,"axis":"x"}},{"from":[1.2,25.2,-2.8],"to":[2.8,26.0,2.8],"origin":[0.0,0.0,0.0],"faces":{"north":{"uv":[5.875,4.0,6.125,4.125],"texture":"#0","tintindex":0,"rotation":0},"east":{"uv":[6.25,5.0,5.375,5.125],"texture":"#0","tintindex":0,"rotation":0},"south":{"uv":[6.125,4.0,5.875,4.125],"texture":"#0","tintindex":0,"rotation":0},"west":{"uv":[6.25,4.875,5.375,5.0],"texture":"#0","tintindex":0,"rotation":0},"up":{"uv":[5.875,4.0,5.625,4.875],"texture":"#0","tintindex":0,"rotation":0},"down":{"uv":[5.875,4.0,5.625,4.875],"texture":"#0","tintindex":0,"rotation":0}},"rotation":{"origin":[0.0,0.0,0.0],"angle":0.0,"axis":"x"}},{"from":[2.8,24.4,-3.6],"to":[4.4,25.2,3.6],"origin":[0.0,0.0,0.0],"faces":{"north":{"uv":[5.375,4.0,5.625,4.125],"texture":"#0","tintindex":0,"rotation":0},"east":{"uv":[5.125,3.875,6.25,4.0],"texture":"#0","tintindex":0,"rotation":0},"south":{"uv":[5.375,4.0,5.625,4.125],"texture":"#0","tintindex":0,"rotation":0},"west":{"uv":[5.125,3.875,6.25,4.0],"texture":"#0","tintindex":0,"rotation":0},"up":{"uv":[5.125,4.0,5.375,5.125],"texture":"#0","tintindex":0,"rotation":0},"down":{"uv":[5.125,4.0,5.375,5.125],"texture":"#0","tintindex":0,"rotation":0}},"rotation":{"origin":[0.0,0.0,0.0],"angle":0.0,"axis":"x"}},{"from":[-4.4,24.4,-3.6],"to":[-2.8,25.2,3.6],"origin":[0.0,0.0,0.0],"faces":{"north":{"uv":[5.375,4.0,5.625,4.125],"texture":"#0","tintindex":0,"rotation":0},"east":{"uv":[5.125,3.875,6.25,4.0],"texture":"#0","tintindex":0,"rotation":0},"south":{"uv":[5.375,4.0,5.625,4.125],"texture":"#0","tintindex":0,"rotation":0},"west":{"uv":[5.125,3.875,6.25,4.0],"texture":"#0","tintindex":0,"rotation":0},"up":{"uv":[5.375,4.0,5.125,5.125],"texture":"#0","tintindex":0,"rotation":0},"down":{"uv":[5.125,4.0,5.375,5.125],"texture":"#0","tintindex":0,"rotation":0}},"rotation":{"origin":[0.0,0.0,0.0],"angle":0.0,"axis":"x"}},{"from":[-5.2,22.0,-3.6],"to":[-4.4,24.4,3.6],"origin":[0.0,0.0,0.0],"faces":{"north":{"uv":[5.125,3.5,5.25,3.875],"texture":"#0","tintindex":0,"rotation":0},"east":{"uv":[5.25,3.5,6.375,3.875],"texture":"#0","tintindex":0,"rotation":0},"south":{"uv":[5.125,3.5,5.25,3.875],"texture":"#0","tintindex":0,"rotation":0},"west":{"uv":[5.25,3.5,6.375,3.875],"texture":"#0","tintindex":0,"rotation":0},"up":{"uv":[6.375,3.25,6.5,4.375],"texture":"#0","tintindex":0,"rotation":0},"down":{"uv":[6.375,3.25,6.5,4.375],"texture":"#0","tintindex":0,"rotation":0}},"rotation":{"origin":[0.0,0.0,0.0],"angle":0.0,"axis":"x"}},{"from":[-3.6,22.0,-5.2],"to":[-1.2,24.4,-4.4],"origin":[0.0,0.0,0.0],"faces":{"north":{"uv":[6.5,1.6875,6.125,2.0625],"texture":"#0","tintindex":0,"rotation":0},"east":{"uv":[6.125,1.5625,6.0,1.9375],"texture":"#0","tintindex":0,"rotation":0},"south":{"uv":[6.125,1.6875,6.5,2.0625],"texture":"#0","tintindex":0,"rotation":0},"west":{"uv":[4.875,3.625,5.0,4.0],"texture":"#0","tintindex":0,"rotation":0},"up":{"uv":[6.125,1.5625,6.5,1.6875],"texture":"#0","tintindex":0,"rotation":0},"down":{"uv":[6.125,1.5625,6.5,1.6875],"texture":"#0","tintindex":0,"rotation":0}},"rotation":{"origin":[0.0,0.0,0.0],"angle":0.0,"axis":"x"}},{"from":[1.2,22.0,-5.2],"to":[3.6,24.4,-4.4],"origin":[0.0,0.0,0.0],"faces":{"north":{"uv":[6.125,1.6875,6.5,2.0625],"texture":"#0","tintindex":0,"rotation":0},"east":{"uv":[4.875,3.625,5.0,4.0],"texture":"#0","tintindex":0,"rotation":0},"south":{"uv":[6.125,1.6875,6.5,2.0625],"texture":"#0","tintindex":0,"rotation":0},"west":{"uv":[6.0,1.5625,6.125,1.9375],"texture":"#0","tintindex":0,"rotation":0},"up":{"uv":[6.5,1.5625,6.125,1.6875],"texture":"#0","tintindex":0,"rotation":0},"down":{"uv":[6.125,1.5625,6.5,1.6875],"texture":"#0","tintindex":0,"rotation":0}},"rotation":{"origin":[0.0,0.0,0.0],"angle":0.0,"axis":"x"}},{"from":[1.2,22.0,4.4],"to":[3.6,24.4,5.2],"origin":[0.0,0.0,0.0],"faces":{"north":{"uv":[6.5,1.6875,6.125,2.0625],"texture":"#0","tintindex":0,"rotation":0},"east":{"uv":[5.0,3.625,4.875,4.0],"texture":"#0","tintindex":0,"rotation":0},"south":{"uv":[6.5,1.6875,6.125,2.0625],"texture":"#0","tintindex":0,"rotation":0},"west":{"uv":[6.125,1.5625,6.0,1.9375],"texture":"#0","tintindex":0,"rotation":0},"up":{"uv":[6.5,1.5625,6.125,1.6875],"texture":"#0","tintindex":0,"rotation":0},"down":{"uv":[6.5,1.5625,6.125,1.6875],"texture":"#0","tintindex":0,"rotation":0}},"rotation":{"origin":[0.0,0.0,0.0],"angle":0.0,"axis":"x"}},{"from":[-3.6,22.0,4.4],"to":[-1.2,24.4,5.2],"origin":[0.0,0.0,0.0],"faces":{"north":{"uv":[6.125,1.6875,6.5,2.0625],"texture":"#0","tintindex":0,"rotation":0},"east":{"uv":[6.0,1.5625,6.125,1.9375],"texture":"#0","tintindex":0,"rotation":0},"south":{"uv":[6.125,1.6875,6.5,2.0625],"texture":"#0","tintindex":0,"rotation":0},"west":{"uv":[4.875,3.625,5.0,4.0],"texture":"#0","tintindex":0,"rotation":0},"up":{"uv":[6.125,1.5625,6.5,1.6875],"texture":"#0","tintindex":0,"rotation":0},"down":{"uv":[6.125,1.5625,6.5,1.6875],"texture":"#0","tintindex":0,"rotation":0}},"rotation":{"origin":[0.0,0.0,0.0],"angle":0.0,"axis":"x"}},{"from":[1.2,20.4,5.2],"to":[3.6,22.0,6.0],"origin":[0.0,0.0,0.0],"faces":{"north":{"uv":[3.5,2.375,3.125,2.625],"texture":"#0","tintindex":0,"rotation":0},"east":{"uv":[3.125,2.5,3.0,2.75],"texture":"#0","tintindex":0,"rotation":0},"south":{"uv":[3.5,2.375,3.125,2.625],"texture":"#0","tintindex":0,"rotation":0},"west":{"uv":[3.125,2.25,3.0,2.5],"texture":"#0","tintindex":0,"rotation":0},"up":{"uv":[3.5,2.25,3.125,2.375],"texture":"#0","tintindex":0,"rotation":0},"down":{"uv":[3.5,2.25,3.125,2.375],"texture":"#0","tintindex":0,"rotation":0}},"rotation":{"origin":[0.0,0.0,0.0],"angle":0.0,"axis":"x"}},{"from":[-3.6,20.4,5.2],"to":[-1.2,22.0,6.0],"origin":[0.0,0.0,0.0],"faces":{"north":{"uv":[3.125,2.375,3.5,2.625],"texture":"#0","tintindex":0,"rotation":0},"east":{"uv":[3.0,2.25,3.125,2.5],"texture":"#0","tintindex":0,"rotation":0},"south":{"uv":[3.125,2.375,3.5,2.625],"texture":"#0","tintindex":0,"rotation":0},"west":{"uv":[3.0,2.5,3.125,2.75],"texture":"#0","tintindex":0,"rotation":0},"up":{"uv":[3.125,2.25,3.5,2.375],"texture":"#0","tintindex":0,"rotation":0},"down":{"uv":[3.125,2.25,3.5,2.375],"texture":"#0","tintindex":0,"rotation":0}},"rotation":{"origin":[0.0,0.0,0.0],"angle":0.0,"axis":"x"}},{"from":[5.2,20.4,-3.6],"to":[6.0,22.0,3.6],"origin":[0.0,0.0,0.0],"faces":{"north":{"uv":[5.0,3.25,5.125,3.5],"texture":"#0","tintindex":0,"rotation":0},"east":{"uv":[5.125,3.25,6.25,3.5],"texture":"#0","tintindex":0,"rotation":0},"south":{"uv":[5.0,3.25,5.125,3.5],"texture":"#0","tintindex":0,"rotation":0},"west":{"uv":[5.125,3.25,6.25,3.5],"texture":"#0","tintindex":0,"rotation":0},"up":{"uv":[5.0,3.5,5.125,4.625],"texture":"#0","tintindex":0,"rotation":0},"down":{"uv":[5.0,3.5,5.125,4.625],"texture":"#0","tintindex":0,"rotation":0}},"rotation":{"origin":[0.0,0.0,0.0],"angle":0.0,"axis":"x"}},{"from":[-6.0,20.4,-3.6],"to":[-5.2,22.0,3.6],"origin":[0.0,0.0,0.0],"faces":{"north":{"uv":[5.0,3.25,5.125,3.5],"texture":"#0","tintindex":0,"rotation":0},"east":{"uv":[5.125,3.25,6.25,3.5],"texture":"#0","tintindex":0,"rotation":0},"south":{"uv":[5.0,3.25,5.125,3.5],"texture":"#0","tintindex":0,"rotation":0},"west":{"uv":[5.125,3.25,6.25,3.5],"texture":"#0","tintindex":0,"rotation":0},"up":{"uv":[5.0,3.5,5.125,4.625],"texture":"#0","tintindex":0,"rotation":0},"down":{"uv":[5.0,3.5,5.125,4.625],"texture":"#0","tintindex":0,"rotation":0}},"rotation":{"origin":[0.0,0.0,0.0],"angle":0.0,"axis":"x"}},{"from":[-6.0,14.0,-4.4],"to":[-5.2,20.4,4.4],"origin":[0.0,0.0,0.0],"faces":{"north":{"uv":[5.0,2.25,5.125,3.25],"texture":"#0","tintindex":0,"rotation":0},"east":{"uv":[5.125,2.25,6.5,3.25],"texture":"#0","tintindex":0,"rotation":0},"south":{"uv":[5.0,2.25,5.125,3.25],"texture":"#0","tintindex":0,"rotation":0},"west":{"uv":[5.125,2.25,6.5,3.25],"texture":"#0","tintindex":0,"rotation":0},"up":{"uv":[6.5,2.25,6.625,3.625],"texture":"#0","tintindex":0,"rotation":0},"down":{"uv":[6.5,2.25,6.625,3.625],"texture":"#0","tintindex":0,"rotation":0}},"rotation":{"origin":[0.0,0.0,0.0],"angle":0.0,"axis":"x"}},{"from":[-4.4,14.0,-6.0],"to":[4.4,20.4,-5.2],"origin":[0.0,0.0,0.0],"faces":{"north":{"uv":[3.625,2.375,5.0,3.375],"texture":"#0","tintindex":0,"rotation":0},"east":{"uv":[3.5,2.25,3.625,3.25],"texture":"#0","tintindex":0,"rotation":0},"south":{"uv":[3.625,2.375,5.0,3.375],"texture":"#0","tintindex":0,"rotation":0},"west":{"uv":[3.5,2.25,3.625,3.25],"texture":"#0","tintindex":0,"rotation":0},"up":{"uv":[3.625,2.25,5.0,2.375],"texture":"#0","tintindex":0,"rotation":0},"down":{"uv":[3.625,2.25,5.0,2.375],"texture":"#0","tintindex":0,"rotation":0}},"rotation":{"origin":[0.0,0.0,0.0],"angle":0.0,"axis":"x"}},{"from":[-4.4,14.0,5.2],"to":[4.4,20.4,6.0],"origin":[0.0,0.0,0.0],"faces":{"north":{"uv":[3.625,2.375,5.0,3.375],"texture":"#0","tintindex":0,"rotation":0},"east":{"uv":[3.5,2.25,3.625,3.25],"texture":"#0","tintindex":0,"rotation":0},"south":{"uv":[3.625,2.375,5.0,3.375],"texture":"#0","tintindex":0,"rotation":0},"west":{"uv":[3.5,2.25,3.625,3.25],"texture":"#0","tintindex":0,"rotation":0},"up":{"uv":[3.625,2.25,5.0,2.375],"texture":"#0","tintindex":0,"rotation":0},"down":{"uv":[3.625,2.25,5.0,2.375],"texture":"#0","tintindex":0,"rotation":0}},"rotation":{"origin":[0.0,0.0,0.0],"angle":0.0,"axis":"x"}},{"from":[7.6,3.6,-5.2],"to":[8.4,14.0,5.2],"origin":[0.0,0.0,0.0],"faces":{"north":{"uv":[5.75,5.125,5.625,6.75],"texture":"#0","tintindex":0,"rotation":0},"east":{"uv":[5.75,5.125,7.375,6.75],"texture":"#0","tintindex":0,"rotation":0},"south":{"uv":[5.625,5.125,5.75,6.75],"texture":"#0","tintindex":0,"rotation":0},"west":{"uv":[5.75,5.125,7.375,6.75],"texture":"#0","tintindex":0,"rotation":0},"up":{"uv":[7.5,5.125,7.375,6.75],"texture":"#0","tintindex":0,"rotation":0},"down":{"uv":[5.625,5.125,5.75,6.75],"texture":"#0","tintindex":0,"rotation":0}},"rotation":{"origin":[0.0,0.0,0.0],"angle":0.0,"axis":"x"}}],"display":{"head":{"scale":[4.0,4.0,4.0],"translation":[32.0,25.5,32.0]}}}